fixed_cost_factor,city,active_ids,avg_cost,economic_cost,expected_breach,coverage,fitout
0.00000000,Pune,PUN-01|PUN-03|PUN-04|PUN-05|PUN-06|CS-01,57.39876064,58.55840828,0.18019067,0.82958240,1650000.00000000
0.50000000,Pune,PUN-01|PUN-03|PUN-04|PUN-05|PUN-06|CS-01,61.86698841,63.02663604,0.18019067,0.82958240,1650000.00000000
1.00000000,Pune,PUN-01|PUN-03|PUN-04|PUN-05|PUN-06|CS-01,66.33521617,67.49486381,0.18019067,0.82958240,1650000.00000000
1.50000000,Pune,PUN-01|PUN-03|PUN-04|PUN-05|PUN-06|CS-01,70.80344393,71.96309157,0.18019067,0.82958240,1650000.00000000
2.00000000,Pune,PUN-01|PUN-03|PUN-04|PUN-05|PUN-06|CS-01,75.27167170,76.43131933,0.18019067,0.82958240,1650000.00000000
0.00000000,Pune,PUN-02|PUN-03|PUN-04|PUN-05|PUN-06|CS-01,58.22768630,59.38733394,0.19511721,0.80085266,1650000.00000000
0.50000000,Pune,PUN-02|PUN-03|PUN-04|PUN-05|PUN-06|CS-01,62.59470845,63.75435609,0.19511721,0.80085266,1650000.00000000
1.00000000,Pune,PUN-02|PUN-03|PUN-04|PUN-05|PUN-06|CS-01,66.96173060,68.12137824,0.19511721,0.80085266,1650000.00000000
1.50000000,Pune,PUN-02|PUN-03|PUN-04|PUN-05|PUN-06|CS-01,71.32875275,72.48840039,0.19511721,0.80085266,1650000.00000000
2.00000000,Pune,PUN-02|PUN-03|PUN-04|PUN-05|PUN-06|CS-01,75.69577491,76.85542254,0.19511721,0.80085266,1650000.00000000
0.00000000,Pune,PUN-01|PUN-02|PUN-03|PUN-04|PUN-05|PUN-06|CS-01,58.38167426,59.54132189,0.17887148,0.83428846,1650000.00000000
0.50000000,Pune,PUN-01|PUN-02|PUN-03|PUN-04|PUN-05|PUN-06|CS-01,63.55075088,64.71039852,0.17887148,0.83428846,1650000.00000000
1.00000000,Pune,PUN-01|PUN-02|PUN-03|PUN-04|PUN-05|PUN-06|CS-01,68.71982751,69.87947514,0.17887148,0.83428846,1650000.00000000
1.50000000,Pune,PUN-01|PUN-02|PUN-03|PUN-04|PUN-05|PUN-06|CS-01,73.88890413,75.04855177,0.17887148,0.83428846,1650000.00000000
2.00000000,Pune,PUN-01|PUN-02|PUN-03|PUN-04|PUN-05|PUN-06|CS-01,79.05798076,80.21762839,0.17887148,0.83428846,1650000.00000000
0.00000000,Pune,PUN-01|PUN-03|PUN-04|PUN-05|PUN-06|PUN-07|CS-01,56.82223788,57.98188552,0.15989417,0.84105659,1650000.00000000
0.50000000,Pune,PUN-01|PUN-03|PUN-04|PUN-05|PUN-06|PUN-07|CS-01,62.00902549,63.16867313,0.15989417,0.84105659,1650000.00000000
1.00000000,Pune,PUN-01|PUN-03|PUN-04|PUN-05|PUN-06|PUN-07|CS-01,67.19581310,68.35546073,0.15989417,0.84105659,1650000.00000000
1.50000000,Pune,PUN-01|PUN-03|PUN-04|PUN-05|PUN-06|PUN-07|CS-01,72.38260071,73.54224834,0.15989417,0.84105659,1650000.00000000
2.00000000,Pune,PUN-01|PUN-03|PUN-04|PUN-05|PUN-06|PUN-07|CS-01,77.56938831,78.72903595,0.15989417,0.84105659,1650000.00000000
0.00000000,Pune,PUN-02|PUN-03|PUN-04|PUN-05|PUN-06|PUN-07|CS-01,57.65116354,58.81081118,0.17482071,0.81232684,1650000.00000000
0.50000000,Pune,PUN-02|PUN-03|PUN-04|PUN-05|PUN-06|PUN-07|CS-01,62.73674554,63.89639317,0.17482071,0.81232684,1650000.00000000
1.00000000,Pune,PUN-02|PUN-03|PUN-04|PUN-05|PUN-06|PUN-07|CS-01,67.82232753,68.98197517,0.17482071,0.81232684,1650000.00000000
1.50000000,Pune,PUN-02|PUN-03|PUN-04|PUN-05|PUN-06|PUN-07|CS-01,72.90790953,74.06755716,0.17482071,0.81232684,1650000.00000000
2.00000000,Pune,PUN-02|PUN-03|PUN-04|PUN-05|PUN-06|PUN-07|CS-01,77.99349152,79.15313916,0.17482071,0.81232684,1650000.00000000
0.00000000,Pune,PUN-01|PUN-02|PUN-03|PUN-04|PUN-05|PUN-06|PUN-07|CS-01,57.80515150,58.96479913,0.15857498,0.84576265,1650000.00000000
0.50000000,Pune,PUN-01|PUN-02|PUN-03|PUN-04|PUN-05|PUN-06|PUN-07|CS-01,63.69278797,64.85243560,0.15857498,0.84576265,1650000.00000000
1.00000000,Pune,PUN-01|PUN-02|PUN-03|PUN-04|PUN-05|PUN-06|PUN-07|CS-01,69.58042443,70.74007207,0.15857498,0.84576265,1650000.00000000
1.50000000,Pune,PUN-01|PUN-02|PUN-03|PUN-04|PUN-05|PUN-06|PUN-07|CS-01,75.46806090,76.62770854,0.15857498,0.84576265,1650000.00000000
2.00000000,Pune,PUN-01|PUN-02|PUN-03|PUN-04|PUN-05|PUN-06|PUN-07|CS-01,81.35569737,82.51534501,0.15857498,0.84576265,1650000.00000000
0.00000000,Pune,PUN-01|PUN-03|PUN-04|PUN-05|PUN-06|PUN-07|CS-02,58.81340268,59.85357147,0.19348094,0.80209243,1480000.00000000
0.50000000,Pune,PUN-01|PUN-03|PUN-04|PUN-05|PUN-06|PUN-07|CS-02,64.00019029,65.04035908,0.19348094,0.80209243,1480000.00000000
1.00000000,Pune,PUN-01|PUN-03|PUN-04|PUN-05|PUN-06|PUN-07|CS-02,69.18697790,70.22714669,0.19348094,0.80209243,1480000.00000000
1.50000000,Pune,PUN-01|PUN-03|PUN-04|PUN-05|PUN-06|PUN-07|CS-02,74.37376551,75.41393429,0.19348094,0.80209243,1480000.00000000
2.00000000,Pune,PUN-01|PUN-03|PUN-04|PUN-05|PUN-06|PUN-07|CS-02,79.56055311,80.60072190,0.19348094,0.80209243,1480000.00000000
0.00000000,Pune,PUN-01|PUN-02|PUN-03|PUN-04|PUN-05|PUN-06|PUN-07|CS-02,59.79631630,60.83648508,0.19216175,0.80679849,1480000.00000000
0.50000000,Pune,PUN-01|PUN-02|PUN-03|PUN-04|PUN-05|PUN-06|PUN-07|CS-02,65.68395277,66.72412155,0.19216175,0.80679849,1480000.00000000
1.00000000,Pune,PUN-01|PUN-02|PUN-03|PUN-04|PUN-05|PUN-06|PUN-07|CS-02,71.57158923,72.61175802,0.19216175,0.80679849,1480000.00000000
1.50000000,Pune,PUN-01|PUN-02|PUN-03|PUN-04|PUN-05|PUN-06|PUN-07|CS-02,77.45922570,78.49939449,0.19216175,0.80679849,1480000.00000000
2.00000000,Pune,PUN-01|PUN-02|PUN-03|PUN-04|PUN-05|PUN-06|PUN-07|CS-02,83.34686217,84.38703096,0.19216175,0.80679849,1480000.00000000
0.00000000,Pune,PUN-01|PUN-03|PUN-04|PUN-05|PUN-06|CS-01|CS-02,58.25911489,60.45893132,0.16833641,0.83040470,3130000.00000000
0.50000000,Pune,PUN-01|PUN-03|PUN-04|PUN-05|PUN-06|CS-01|CS-02,63.46234841,65.66216484,0.16833641,0.83040470,3130000.00000000
1.00000000,Pune,PUN-01|PUN-03|PUN-04|PUN-05|PUN-06|CS-01|CS-02,68.66558193,70.86539836,0.16833641,0.83040470,3130000.00000000
1.50000000,Pune,PUN-01|PUN-03|PUN-04|PUN-05|PUN-06|CS-01|CS-02,73.86881545,76.06863188,0.16833641,0.83040470,3130000.00000000
2.00000000,Pune,PUN-01|PUN-03|PUN-04|PUN-05|PUN-06|CS-01|CS-02,79.07204897,81.27186539,0.16833641,0.83040470,3130000.00000000
0.00000000,Pune,PUN-02|PUN-03|PUN-04|PUN-05|PUN-06|CS-01|CS-02,59.08804055,61.28785698,0.18326296,0.80167495,3130000.00000000
0.50000000,Pune,PUN-02|PUN-03|PUN-04|PUN-05|PUN-06|CS-01|CS-02,64.19006846,66.38988488,0.18326296,0.80167495,3130000.00000000
1.00000000,Pune,PUN-02|PUN-03|PUN-04|PUN-05|PUN-06|CS-01|CS-02,69.29209637,71.49191279,0.18326296,0.80167495,3130000.00000000
1.50000000,Pune,PUN-02|PUN-03|PUN-04|PUN-05|PUN-06|CS-01|CS-02,74.39412427,76.59394070,0.18326296,0.80167495,3130000.00000000
2.00000000,Pune,PUN-02|PUN-03|PUN-04|PUN-05|PUN-06|CS-01|CS-02,79.49615218,81.69596860,0.18326296,0.80167495,3130000.00000000
0.00000000,Pune,PUN-01|PUN-02|PUN-03|PUN-04|PUN-05|PUN-06|CS-01|CS-02,59.24202851,61.44184493,0.16701724,0.83511076,3130000.00000000
0.50000000,Pune,PUN-01|PUN-02|PUN-03|PUN-04|PUN-05|PUN-06|CS-01|CS-02,65.14611089,67.34592731,0.16701724,0.83511076,3130000.00000000
1.00000000,Pune,PUN-01|PUN-02|PUN-03|PUN-04|PUN-05|PUN-06|CS-01|CS-02,71.05019327,73.25000969,0.16701724,0.83511076,3130000.00000000
1.50000000,Pune,PUN-01|PUN-02|PUN-03|PUN-04|PUN-05|PUN-06|CS-01|CS-02,76.95427565,79.15409207,0.16701724,0.83511076,3130000.00000000
2.00000000,Pune,PUN-01|PUN-02|PUN-03|PUN-04|PUN-05|PUN-06|CS-01|CS-02,82.85835803,85.05817446,0.16701724,0.83511076,3130000.00000000
0.00000000,Pune,PUN-01|PUN-03|PUN-04|PUN-05|PUN-06|PUN-07|CS-01|CS-02,57.74087880,59.94069523,0.14910267,0.84128430,3130000.00000000
0.50000000,Pune,PUN-01|PUN-03|PUN-04|PUN-05|PUN-06|PUN-07|CS-01|CS-02,63.66267217,65.86248859,0.14910267,0.84128430,3130000.00000000
1.00000000,Pune,PUN-01|PUN-03|PUN-04|PUN-05|PUN-06|PUN-07|CS-01|CS-02,69.58446553,71.78428195,0.14910267,0.84128430,3130000.00000000
1.50000000,Pune,PUN-01|PUN-03|PUN-04|PUN-05|PUN-06|PUN-07|CS-01|CS-02,75.50625889,77.70607532,0.14910267,0.84128430,3130000.00000000
2.00000000,Pune,PUN-01|PUN-03|PUN-04|PUN-05|PUN-06|PUN-07|CS-01|CS-02,81.42805226,83.62786868,0.14910267,0.84128430,3130000.00000000
0.00000000,Pune,PUN-02|PUN-03|PUN-04|PUN-05|PUN-06|PUN-07|CS-01|CS-02,58.56980446,60.76962088,0.16402923,0.81255456,3130000.00000000
0.50000000,Pune,PUN-02|PUN-03|PUN-04|PUN-05|PUN-06|PUN-07|CS-01|CS-02,64.39039221,66.59020864,0.16402923,0.81255456,3130000.00000000
1.00000000,Pune,PUN-02|PUN-03|PUN-04|PUN-05|PUN-06|PUN-07|CS-01|CS-02,70.21097996,72.41079639,0.16402923,0.81255456,3130000.00000000
1.50000000,Pune,PUN-02|PUN-03|PUN-04|PUN-05|PUN-06|PUN-07|CS-01|CS-02,76.03156771,78.23138414,0.16402923,0.81255456,3130000.00000000
2.00000000,Pune,PUN-02|PUN-03|PUN-04|PUN-05|PUN-06|PUN-07|CS-01|CS-02,81.85215547,84.05197189,0.16402923,0.81255456,3130000.00000000
0.00000000,Pune,PUN-01|PUN-02|PUN-03|PUN-04|PUN-05|PUN-06|PUN-07|CS-01|CS-02,58.72379241,60.92360884,0.14778349,0.84599036,3130000.00000000
0.50000000,Pune,PUN-01|PUN-02|PUN-03|PUN-04|PUN-05|PUN-06|PUN-07|CS-01|CS-02,65.34643464,67.54625106,0.14778349,0.84599036,3130000.00000000
1.00000000,Pune,PUN-01|PUN-02|PUN-03|PUN-04|PUN-05|PUN-06|PUN-07|CS-01|CS-02,71.96907687,74.16889329,0.14778349,0.84599036,3130000.00000000
1.50000000,Pune,PUN-01|PUN-02|PUN-03|PUN-04|PUN-05|PUN-06|PUN-07|CS-01|CS-02,78.59171909,80.79153552,0.14778349,0.84599036,3130000.00000000
2.00000000,Pune,PUN-01|PUN-02|PUN-03|PUN-04|PUN-05|PUN-06|PUN-07|CS-01|CS-02,85.21436132,87.41417774,0.14778349,0.84599036,3130000.00000000
0.00000000,Pune,PUN-01|PUN-03|PUN-04|PUN-05|PUN-06|PUN-07|CS-03,57.97996281,59.04824426,0.18586643,0.81298468,1520000.00000000
0.50000000,Pune,PUN-01|PUN-03|PUN-04|PUN-05|PUN-06|PUN-07|CS-03,63.16675041,64.23503187,0.18586643,0.81298468,1520000.00000000
1.00000000,Pune,PUN-01|PUN-03|PUN-04|PUN-05|PUN-06|PUN-07|CS-03,68.35353802,69.42181948,0.18586643,0.81298468,1520000.00000000
1.50000000,Pune,PUN-01|PUN-03|PUN-04|PUN-05|PUN-06|PUN-07|CS-03,73.54032563,74.60860709,0.18586643,0.81298468,1520000.00000000
2.00000000,Pune,PUN-01|PUN-03|PUN-04|PUN-05|PUN-06|PUN-07|CS-03,78.72711324,79.79539469,0.18586643,0.81298468,1520000.00000000
0.00000000,Pune,PUN-01|PUN-02|PUN-03|PUN-04|PUN-05|PUN-06|PUN-07|CS-03,58.96287642,60.03115788,0.18454725,0.81769074,1520000.00000000
0.50000000,Pune,PUN-01|PUN-02|PUN-03|PUN-04|PUN-05|PUN-06|PUN-07|CS-03,64.85051289,65.91879435,0.18454725,0.81769074,1520000.00000000
1.00000000,Pune,PUN-01|PUN-02|PUN-03|PUN-04|PUN-05|PUN-06|PUN-07|CS-03,70.73814936,71.80643082,0.18454725,0.81769074,1520000.00000000
1.50000000,Pune,PUN-01|PUN-02|PUN-03|PUN-04|PUN-05|PUN-06|PUN-07|CS-03,76.62578583,77.69406729,0.18454725,0.81769074,1520000.00000000
2.00000000,Pune,PUN-01|PUN-02|PUN-03|PUN-04|PUN-05|PUN-06|PUN-07|CS-03,82.51342230,83.58170376,0.18454725,0.81769074,1520000.00000000
0.00000000,Pune,PUN-01|PUN-03|PUN-05|PUN-06|CS-01|CS-03,59.42064083,61.64856993,0.20329942,0.82372513,3170000.00000000
0.50000000,Pune,PUN-01|PUN-03|PUN-05|PUN-06|CS-01|CS-03,63.88886860,66.11679769,0.20329942,0.82372513,3170000.00000000
1.00000000,Pune,PUN-01|PUN-03|PUN-05|PUN-06|CS-01|CS-03,68.35709636,70.58502545,0.20329942,0.82372513,3170000.00000000
1.50000000,Pune,PUN-01|PUN-03|PUN-05|PUN-06|CS-01|CS-03,72.82532412,75.05325322,0.20329942,0.82372513,3170000.00000000
2.00000000,Pune,PUN-01|PUN-03|PUN-05|PUN-06|CS-01|CS-03,77.29355189,79.52148098,0.20329942,0.82372513,3170000.00000000
0.00000000,Pune,PUN-01|PUN-02|PUN-03|PUN-05|PUN-06|CS-01|CS-03,60.40355445,62.63148354,0.20198023,0.82843119,3170000.00000000
0.50000000,Pune,PUN-01|PUN-02|PUN-03|PUN-05|PUN-06|CS-01|CS-03,65.57263107,67.80056016,0.20198023,0.82843119,3170000.00000000
1.00000000,Pune,PUN-01|PUN-02|PUN-03|PUN-05|PUN-06|CS-01|CS-03,70.74170770,72.96963679,0.20198023,0.82843119,3170000.00000000
1.50000000,Pune,PUN-01|PUN-02|PUN-03|PUN-05|PUN-06|CS-01|CS-03,75.91078432,78.13871342,0.20198023,0.82843119,3170000.00000000
2.00000000,Pune,PUN-01|PUN-02|PUN-03|PUN-05|PUN-06|CS-01|CS-03,81.07986095,83.30779004,0.20198023,0.82843119,3170000.00000000
0.00000000,Pune,PUN-01|PUN-03|PUN-04|PUN-05|PUN-06|CS-01|CS-03,56.00017688,58.22810597,0.13489403,0.87704783,3170000.00000000
0.50000000,Pune,PUN-01|PUN-03|PUN-04|PUN-05|PUN-06|CS-01|CS-03,61.20341040,63.43133949,0.13489403,0.87704783,3170000.00000000
1.00000000,Pune,PUN-01|PUN-03|PUN-04|PUN-05|PUN-06|CS-01|CS-03,66.40664392,68.63457301,0.13489403,0.87704783,3170000.00000000
1.50000000,Pune,PUN-01|PUN-03|PUN-04|PUN-05|PUN-06|CS-01|CS-03,71.60987744,73.83780653,0.13489403,0.87704783,3170000.00000000
2.00000000,Pune,PUN-01|PUN-03|PUN-04|PUN-05|PUN-06|CS-01|CS-03,76.81311096,79.04104005,0.13489403,0.87704783,3170000.00000000
0.00000000,Pune,PUN-02|PUN-03|PUN-04|PUN-05|PUN-06|CS-01|CS-03,56.82910254,59.05703163,0.14982058,0.84831809,3170000.00000000
0.50000000,Pune,PUN-02|PUN-03|PUN-04|PUN-05|PUN-06|CS-01|CS-03,61.93113044,64.15905954,0.14982058,0.84831809,3170000.00000000
1.00000000,Pune,PUN-02|PUN-03|PUN-04|PUN-05|PUN-06|CS-01|CS-03,67.03315835,69.26108744,0.14982058,0.84831809,3170000.00000000
1.50000000,Pune,PUN-02|PUN-03|PUN-04|PUN-05|PUN-06|CS-01|CS-03,72.13518626,74.36311535,0.14982058,0.84831809,3170000.00000000
2.00000000,Pune,PUN-02|PUN-03|PUN-04|PUN-05|PUN-06|CS-01|CS-03,77.23721417,79.46514326,0.14982058,0.84831809,3170000.00000000
0.00000000,Pune,PUN-01|PUN-02|PUN-03|PUN-04|PUN-05|PUN-06|CS-01|CS-03,56.98309049,59.21101959,0.13357484,0.88175389,3170000.00000000
0.50000000,Pune,PUN-01|PUN-02|PUN-03|PUN-04|PUN-05|PUN-06|CS-01|CS-03,62.88717287,65.11510197,0.13357484,0.88175389,3170000.00000000
1.00000000,Pune,PUN-01|PUN-02|PUN-03|PUN-04|PUN-05|PUN-06|CS-01|CS-03,68.79125525,71.01918435,0.13357484,0.88175389,3170000.00000000
1.50000000,Pune,PUN-01|PUN-02|PUN-03|PUN-04|PUN-05|PUN-06|CS-01|CS-03,74.69533763,76.92326673,0.13357484,0.88175389,3170000.00000000
2.00000000,Pune,PUN-01|PUN-02|PUN-03|PUN-04|PUN-05|PUN-06|CS-01|CS-03,80.59942002,82.82734911,0.13357484,0.88175389,3170000.00000000
0.00000000,Pune,PUN-01|PUN-02|PUN-03|PUN-04|PUN-05|PUN-07|CS-01|CS-03,60.32388412,62.55181322,0.19615871,0.79465381,3170000.00000000
0.50000000,Pune,PUN-01|PUN-02|PUN-03|PUN-04|PUN-05|PUN-07|CS-01|CS-03,66.19507468,68.42300378,0.19615871,0.79465381,3170000.00000000
1.00000000,Pune,PUN-01|PUN-02|PUN-03|PUN-04|PUN-05|PUN-07|CS-01|CS-03,72.06626524,74.29419433,0.19615871,0.79465381,3170000.00000000
1.50000000,Pune,PUN-01|PUN-02|PUN-03|PUN-04|PUN-05|PUN-07|CS-01|CS-03,77.93745580,80.16538489,0.19615871,0.79465381,3170000.00000000
2.00000000,Pune,PUN-01|PUN-02|PUN-03|PUN-04|PUN-05|PUN-07|CS-01|CS-03,83.80864635,86.03657545,0.19615871,0.79465381,3170000.00000000
0.00000000,Pune,PUN-01|PUN-03|PUN-05|PUN-06|PUN-07|CS-01|CS-03,58.84411807,61.07204717,0.18300293,0.83519931,3170000.00000000
0.50000000,Pune,PUN-01|PUN-03|PUN-05|PUN-06|PUN-07|CS-01|CS-03,64.03090568,66.25883477,0.18300293,0.83519931,3170000.00000000
1.00000000,Pune,PUN-01|PUN-03|PUN-05|PUN-06|PUN-07|CS-01|CS-03,69.21769329,71.44562238,0.18300293,0.83519931,3170000.00000000
1.50000000,Pune,PUN-01|PUN-03|PUN-05|PUN-06|PUN-07|CS-01|CS-03,74.40448089,76.63240999,0.18300293,0.83519931,3170000.00000000
2.00000000,Pune,PUN-01|PUN-03|PUN-05|PUN-06|PUN-07|CS-01|CS-03,79.59126850,81.81919760,0.18300293,0.83519931,3170000.00000000
0.00000000,Pune,PUN-02|PUN-03|PUN-05|PUN-06|PUN-07|CS-01|CS-03,59.67304373,61.90097282,0.19792947,0.80646957,3170000.00000000
0.50000000,Pune,PUN-02|PUN-03|PUN-05|PUN-06|PUN-07|CS-01|CS-03,64.75862573,66.98655482,0.19792947,0.80646957,3170000.00000000
1.00000000,Pune,PUN-02|PUN-03|PUN-05|PUN-06|PUN-07|CS-01|CS-03,69.84420772,72.07213682,0.19792947,0.80646957,3170000.00000000
1.50000000,Pune,PUN-02|PUN-03|PUN-05|PUN-06|PUN-07|CS-01|CS-03,74.92978972,77.15771881,0.19792947,0.80646957,3170000.00000000
2.00000000,Pune,PUN-02|PUN-03|PUN-05|PUN-06|PUN-07|CS-01|CS-03,80.01537171,82.24330081,0.19792947,0.80646957,3170000.00000000
0.00000000,Pune,PUN-01|PUN-02|PUN-03|PUN-05|PUN-06|PUN-07|CS-01|CS-03,59.82703169,62.05496078,0.18168373,0.83990537,3170000.00000000
0.50000000,Pune,PUN-01|PUN-02|PUN-03|PUN-05|PUN-06|PUN-07|CS-01|CS-03,65.71466815,67.94259725,0.18168373,0.83990537,3170000.00000000
1.00000000,Pune,PUN-01|PUN-02|PUN-03|PUN-05|PUN-06|PUN-07|CS-01|CS-03,71.60230462,73.83023372,0.18168373,0.83990537,3170000.00000000
1.50000000,Pune,PUN-01|PUN-02|PUN-03|PUN-05|PUN-06|PUN-07|CS-01|CS-03,77.48994109,79.71787019,0.18168373,0.83990537,3170000.00000000
2.00000000,Pune,PUN-01|PUN-02|PUN-03|PUN-05|PUN-06|PUN-07|CS-01|CS-03,83.37757756,85.60550666,0.18168373,0.83990537,3170000.00000000
0.00000000,Pune,PUN-01|PUN-03|PUN-04|PUN-05|PUN-06|PUN-07|CS-01|CS-03,55.42365412,57.65158321,0.11459754,0.88852202,3170000.00000000
0.50000000,Pune,PUN-01|PUN-03|PUN-04|PUN-05|PUN-06|PUN-07|CS-01|CS-03,61.34544748,63.57337658,0.11459754,0.88852202,3170000.00000000
1.00000000,Pune,PUN-01|PUN-03|PUN-04|PUN-05|PUN-06|PUN-07|CS-01|CS-03,67.26724084,69.49516994,0.11459754,0.88852202,3170000.00000000
1.50000000,Pune,PUN-01|PUN-03|PUN-04|PUN-05|PUN-06|PUN-07|CS-01|CS-03,73.18903421,75.41696330,0.11459754,0.88852202,3170000.00000000
2.00000000,Pune,PUN-01|PUN-03|PUN-04|PUN-05|PUN-06|PUN-07|CS-01|CS-03,79.11082757,81.33875667,0.11459754,0.88852202,3170000.00000000
0.00000000,Pune,PUN-02|PUN-03|PUN-04|PUN-05|PUN-06|PUN-07|CS-01|CS-03,56.25257978,58.48050887,0.12952408,0.85979228,3170000.00000000
0.50000000,Pune,PUN-02|PUN-03|PUN-04|PUN-05|PUN-06|PUN-07|CS-01|CS-03,62.07316753,64.30109662,0.12952408,0.85979228,3170000.00000000
1.00000000,Pune,PUN-02|PUN-03|PUN-04|PUN-05|PUN-06|PUN-07|CS-01|CS-03,67.89375528,70.12168437,0.12952408,0.85979228,3170000.00000000
1.50000000,Pune,PUN-02|PUN-03|PUN-04|PUN-05|PUN-06|PUN-07|CS-01|CS-03,73.71434303,75.94227212,0.12952408,0.85979228,3170000.00000000
2.00000000,Pune,PUN-02|PUN-03|PUN-04|PUN-05|PUN-06|PUN-07|CS-01|CS-03,79.53493078,81.76285988,0.12952408,0.85979228,3170000.00000000
0.00000000,Pune,PUN-01|PUN-02|PUN-03|PUN-04|PUN-05|PUN-06|PUN-07|CS-01|CS-03,56.40656773,58.63449683,0.11327836,0.89322808,3170000.00000000
0.50000000,Pune,PUN-01|PUN-02|PUN-03|PUN-04|PUN-05|PUN-06|PUN-07|CS-01|CS-03,63.02920996,65.25713905,0.11327836,0.89322808,3170000.00000000
1.00000000,Pune,PUN-01|PUN-02|PUN-03|PUN-04|PUN-05|PUN-06|PUN-07|CS-01|CS-03,69.65185218,71.87978128,0.11327836,0.89322808,3170000.00000000
1.50000000,Pune,PUN-01|PUN-02|PUN-03|PUN-04|PUN-05|PUN-06|PUN-07|CS-01|CS-03,76.27449441,78.50242350,0.11327836,0.89322808,3170000.00000000
2.00000000,Pune,PUN-01|PUN-02|PUN-03|PUN-04|PUN-05|PUN-06|PUN-07|CS-01|CS-03,82.89713663,85.12506573,0.11327836,0.89322808,3170000.00000000
0.00000000,Pune,PUN-01|PUN-03|PUN-04|PUN-05|PUN-06|CS-02|CS-03,59.00357521,61.11202546,0.18623905,0.81328830,3000000.00000000
0.50000000,Pune,PUN-01|PUN-03|PUN-04|PUN-05|PUN-06|CS-02|CS-03,64.20680873,66.31525898,0.18623905,0.81328830,3000000.00000000
1.00000000,Pune,PUN-01|PUN-03|PUN-04|PUN-05|PUN-06|CS-02|CS-03,69.41004225,71.51849250,0.18623905,0.81328830,3000000.00000000
1.50000000,Pune,PUN-01|PUN-03|PUN-04|PUN-05|PUN-06|CS-02|CS-03,74.61327577,76.72172602,0.18623905,0.81328830,3000000.00000000
2.00000000,Pune,PUN-01|PUN-03|PUN-04|PUN-05|PUN-06|CS-02|CS-03,79.81650929,81.92495954,0.18623905,0.81328830,3000000.00000000
0.00000000,Pune,PUN-01|PUN-02|PUN-03|PUN-04|PUN-05|PUN-06|CS-02|CS-03,59.98648882,62.09493907,0.18491985,0.81799436,3000000.00000000
0.50000000,Pune,PUN-01|PUN-02|PUN-03|PUN-04|PUN-05|PUN-06|CS-02|CS-03,65.89057121,67.99902145,0.18491985,0.81799436,3000000.00000000
1.00000000,Pune,PUN-01|PUN-02|PUN-03|PUN-04|PUN-05|PUN-06|CS-02|CS-03,71.79465359,73.90310383,0.18491985,0.81799436,3000000.00000000
1.50000000,Pune,PUN-01|PUN-02|PUN-03|PUN-04|PUN-05|PUN-06|CS-02|CS-03,77.69873597,79.80718622,0.18491985,0.81799436,3000000.00000000
2.00000000,Pune,PUN-01|PUN-02|PUN-03|PUN-04|PUN-05|PUN-06|CS-02|CS-03,83.60281835,85.71126860,0.18491985,0.81799436,3000000.00000000
0.00000000,Pune,PUN-01|PUN-02|PUN-04|PUN-05|PUN-06|PUN-07|CS-02|CS-03,60.62987775,62.73832800,0.20247994,0.79047908,3000000.00000000
0.50000000,Pune,PUN-01|PUN-02|PUN-04|PUN-05|PUN-06|PUN-07|CS-02|CS-03,66.48462240,68.59307264,0.20247994,0.79047908,3000000.00000000
1.00000000,Pune,PUN-01|PUN-02|PUN-04|PUN-05|PUN-06|PUN-07|CS-02|CS-03,72.33936704,74.44781729,0.20247994,0.79047908,3000000.00000000
1.50000000,Pune,PUN-01|PUN-02|PUN-04|PUN-05|PUN-06|PUN-07|CS-02|CS-03,78.19411169,80.30256193,0.20247994,0.79047908,3000000.00000000
2.00000000,Pune,PUN-01|PUN-02|PUN-04|PUN-05|PUN-06|PUN-07|CS-02|CS-03,84.04885633,86.15730658,0.20247994,0.79047908,3000000.00000000
0.00000000,Pune,PUN-01|PUN-03|PUN-04|PUN-05|PUN-06|PUN-07|CS-02|CS-03,57.41481892,59.52326916,0.14818431,0.84955786,3000000.00000000
0.50000000,Pune,PUN-01|PUN-03|PUN-04|PUN-05|PUN-06|PUN-07|CS-02|CS-03,63.33661228,65.44506253,0.14818431,0.84955786,3000000.00000000
1.00000000,Pune,PUN-01|PUN-03|PUN-04|PUN-05|PUN-06|PUN-07|CS-02|CS-03,69.25840564,71.36685589,0.14818431,0.84955786,3000000.00000000
1.50000000,Pune,PUN-01|PUN-03|PUN-04|PUN-05|PUN-06|PUN-07|CS-02|CS-03,75.18019901,77.28864926,0.14818431,0.84955786,3000000.00000000
2.00000000,Pune,PUN-01|PUN-03|PUN-04|PUN-05|PUN-06|PUN-07|CS-02|CS-03,81.10199237,83.21044262,0.14818431,0.84955786,3000000.00000000
0.00000000,Pune,PUN-02|PUN-03|PUN-04|PUN-05|PUN-06|PUN-07|CS-02|CS-03,58.24374458,60.35219482,0.16311084,0.82082811,3000000.00000000
0.50000000,Pune,PUN-02|PUN-03|PUN-04|PUN-05|PUN-06|PUN-07|CS-02|CS-03,64.06433233,66.17278257,0.16311084,0.82082811,3000000.00000000
1.00000000,Pune,PUN-02|PUN-03|PUN-04|PUN-05|PUN-06|PUN-07|CS-02|CS-03,69.88492008,71.99337033,0.16311084,0.82082811,3000000.00000000
1.50000000,Pune,PUN-02|PUN-03|PUN-04|PUN-05|PUN-06|PUN-07|CS-02|CS-03,75.70550783,77.81395808,0.16311084,0.82082811,3000000.00000000
2.00000000,Pune,PUN-02|PUN-03|PUN-04|PUN-05|PUN-06|PUN-07|CS-02|CS-03,81.52609558,83.63454583,0.16311084,0.82082811,3000000.00000000
0.00000000,Pune,PUN-01|PUN-02|PUN-03|PUN-04|PUN-05|PUN-06|PUN-07|CS-02|CS-03,58.39773253,60.50618278,0.14686510,0.85426392,3000000.00000000
0.50000000,Pune,PUN-01|PUN-02|PUN-03|PUN-04|PUN-05|PUN-06|PUN-07|CS-02|CS-03,65.02037476,67.12882500,0.14686510,0.85426392,3000000.00000000
1.00000000,Pune,PUN-01|PUN-02|PUN-03|PUN-04|PUN-05|PUN-06|PUN-07|CS-02|CS-03,71.64301698,73.75146723,0.14686510,0.85426392,3000000.00000000
1.50000000,Pune,PUN-01|PUN-02|PUN-03|PUN-04|PUN-05|PUN-06|PUN-07|CS-02|CS-03,78.26565921,80.37410945,0.14686510,0.85426392,3000000.00000000
2.00000000,Pune,PUN-01|PUN-02|PUN-03|PUN-04|PUN-05|PUN-06|PUN-07|CS-02|CS-03,84.88830143,86.99675168,0.14686510,0.85426392,3000000.00000000
0.00000000,Pune,PUN-01|PUN-03|PUN-05|PUN-06|CS-01|CS-02|CS-03,60.28099508,63.54909296,0.19144517,0.82454742,4650000.00000000
0.50000000,Pune,PUN-01|PUN-03|PUN-05|PUN-06|CS-01|CS-02|CS-03,65.48422860,68.75232648,0.19144517,0.82454742,4650000.00000000
1.00000000,Pune,PUN-01|PUN-03|PUN-05|PUN-06|CS-01|CS-02|CS-03,70.68746212,73.95556000,0.19144517,0.82454742,4650000.00000000
1.50000000,Pune,PUN-01|PUN-03|PUN-05|PUN-06|CS-01|CS-02|CS-03,75.89069564,79.15879352,0.19144517,0.82454742,4650000.00000000
2.00000000,Pune,PUN-01|PUN-03|PUN-05|PUN-06|CS-01|CS-02|CS-03,81.09392916,84.36202704,0.19144517,0.82454742,4650000.00000000
0.00000000,Pune,PUN-02|PUN-03|PUN-05|PUN-06|CS-01|CS-02|CS-03,61.10992074,64.37801862,0.20637174,0.79581768,4650000.00000000
0.50000000,Pune,PUN-02|PUN-03|PUN-05|PUN-06|CS-01|CS-02|CS-03,66.21194865,69.48004653,0.20637174,0.79581768,4650000.00000000
1.00000000,Pune,PUN-02|PUN-03|PUN-05|PUN-06|CS-01|CS-02|CS-03,71.31397655,74.58207444,0.20637174,0.79581768,4650000.00000000
1.50000000,Pune,PUN-02|PUN-03|PUN-05|PUN-06|CS-01|CS-02|CS-03,76.41600446,79.68410234,0.20637174,0.79581768,4650000.00000000
2.00000000,Pune,PUN-02|PUN-03|PUN-05|PUN-06|CS-01|CS-02|CS-03,81.51803237,84.78613025,0.20637174,0.79581768,4650000.00000000
0.00000000,Pune,PUN-01|PUN-02|PUN-03|PUN-05|PUN-06|CS-01|CS-02|CS-03,61.26390870,64.53200658,0.19012599,0.82925348,4650000.00000000
0.50000000,Pune,PUN-01|PUN-02|PUN-03|PUN-05|PUN-06|CS-01|CS-02|CS-03,67.16799108,70.43608896,0.19012599,0.82925348,4650000.00000000
1.00000000,Pune,PUN-01|PUN-02|PUN-03|PUN-05|PUN-06|CS-01|CS-02|CS-03,73.07207346,76.34017134,0.19012599,0.82925348,4650000.00000000
1.50000000,Pune,PUN-01|PUN-02|PUN-03|PUN-05|PUN-06|CS-01|CS-02|CS-03,78.97615584,82.24425372,0.19012599,0.82925348,4650000.00000000
2.00000000,Pune,PUN-01|PUN-02|PUN-03|PUN-05|PUN-06|CS-01|CS-02|CS-03,84.88023822,88.14833610,0.19012599,0.82925348,4650000.00000000
0.00000000,Pune,PUN-01|PUN-04|PUN-05|PUN-06|CS-01|CS-02|CS-03,59.26771015,62.53580803,0.18195467,0.81018887,4650000.00000000
0.50000000,Pune,PUN-01|PUN-04|PUN-05|PUN-06|CS-01|CS-02|CS-03,64.43805184,67.70614973,0.18195467,0.81018887,4650000.00000000
1.00000000,Pune,PUN-01|PUN-04|PUN-05|PUN-06|CS-01|CS-02|CS-03,69.60839354,72.87649142,0.18195467,0.81018887,4650000.00000000
1.50000000,Pune,PUN-01|PUN-04|PUN-05|PUN-06|CS-01|CS-02|CS-03,74.77873523,78.04683312,0.18195467,0.81018887,4650000.00000000
2.00000000,Pune,PUN-01|PUN-04|PUN-05|PUN-06|CS-01|CS-02|CS-03,79.94907693,83.21717481,0.18195467,0.81018887,4650000.00000000
0.00000000,Pune,PUN-01|PUN-02|PUN-04|PUN-05|PUN-06|CS-01|CS-02|CS-03,60.21588376,63.48398165,0.18001381,0.81489494,4650000.00000000
0.50000000,Pune,PUN-01|PUN-02|PUN-04|PUN-05|PUN-06|CS-01|CS-02|CS-03,66.08707432,69.35517220,0.18001381,0.81489494,4650000.00000000
1.00000000,Pune,PUN-01|PUN-02|PUN-04|PUN-05|PUN-06|CS-01|CS-02|CS-03,71.95826488,75.22636276,0.18001381,0.81489494,4650000.00000000
1.50000000,Pune,PUN-01|PUN-02|PUN-04|PUN-05|PUN-06|CS-01|CS-02|CS-03,77.82945544,81.09755332,0.18001381,0.81489494,4650000.00000000
2.00000000,Pune,PUN-01|PUN-02|PUN-04|PUN-05|PUN-06|CS-01|CS-02|CS-03,83.70064599,86.96874388,0.18001381,0.81489494,4650000.00000000
0.00000000,Pune,PUN-01|PUN-03|PUN-04|PUN-05|PUN-06|CS-01|CS-02|CS-03,56.86053113,60.12862901,0.12303977,0.87787013,4650000.00000000
0.50000000,Pune,PUN-01|PUN-03|PUN-04|PUN-05|PUN-06|CS-01|CS-02|CS-03,62.79877040,66.06686829,0.12303977,0.87787013,4650000.00000000
1.00000000,Pune,PUN-01|PUN-03|PUN-04|PUN-05|PUN-06|CS-01|CS-02|CS-03,68.73700968,72.00510756,0.12303977,0.87787013,4650000.00000000
1.50000000,Pune,PUN-01|PUN-03|PUN-04|PUN-05|PUN-06|CS-01|CS-02|CS-03,74.67524895,77.94334684,0.12303977,0.87787013,4650000.00000000
2.00000000,Pune,PUN-01|PUN-03|PUN-04|PUN-05|PUN-06|CS-01|CS-02|CS-03,80.61348823,83.88158611,0.12303977,0.87787013,4650000.00000000
0.00000000,Pune,PUN-02|PUN-03|PUN-04|PUN-05|PUN-06|CS-01|CS-02|CS-03,57.68945679,60.95755467,0.13796632,0.84914038,4650000.00000000
0.50000000,Pune,PUN-02|PUN-03|PUN-04|PUN-05|PUN-06|CS-01|CS-02|CS-03,63.52649045,66.79458833,0.13796632,0.84914038,4650000.00000000
1.00000000,Pune,PUN-02|PUN-03|PUN-04|PUN-05|PUN-06|CS-01|CS-02|CS-03,69.36352411,72.63162200,0.13796632,0.84914038,4650000.00000000
1.50000000,Pune,PUN-02|PUN-03|PUN-04|PUN-05|PUN-06|CS-01|CS-02|CS-03,75.20055778,78.46865566,0.13796632,0.84914038,4650000.00000000
2.00000000,Pune,PUN-02|PUN-03|PUN-04|PUN-05|PUN-06|CS-01|CS-02|CS-03,81.03759144,84.30568932,0.13796632,0.84914038,4650000.00000000
0.00000000,Pune,PUN-01|PUN-02|PUN-03|PUN-04|PUN-05|PUN-06|CS-01|CS-02|CS-03,57.84344474,61.11154262,0.12172060,0.88257619,4650000.00000000
0.50000000,Pune,PUN-01|PUN-02|PUN-03|PUN-04|PUN-05|PUN-06|CS-01|CS-02|CS-03,64.48253288,67.75063076,0.12172060,0.88257619,4650000.00000000
1.00000000,Pune,PUN-01|PUN-02|PUN-03|PUN-04|PUN-05|PUN-06|CS-01|CS-02|CS-03,71.12162102,74.38971890,0.12172060,0.88257619,4650000.00000000
1.50000000,Pune,PUN-01|PUN-02|PUN-03|PUN-04|PUN-05|PUN-06|CS-01|CS-02|CS-03,77.76070915,81.02880704,0.12172060,0.88257619,4650000.00000000
2.00000000,Pune,PUN-01|PUN-02|PUN-03|PUN-04|PUN-05|PUN-06|CS-01|CS-02|CS-03,84.39979729,87.66789517,0.12172060,0.88257619,4650000.00000000
0.00000000,Pune,PUN-01|PUN-02|PUN-03|PUN-04|PUN-05|PUN-07|CS-01|CS-02|CS-03,61.24252504,64.51062293,0.18536723,0.79488153,4650000.00000000
0.50000000,Pune,PUN-01|PUN-02|PUN-03|PUN-04|PUN-05|PUN-07|CS-01|CS-02|CS-03,67.84872136,71.11681924,0.18536723,0.79488153,4650000.00000000
1.00000000,Pune,PUN-01|PUN-02|PUN-03|PUN-04|PUN-05|PUN-07|CS-01|CS-02|CS-03,74.45491767,77.72301555,0.18536723,0.79488153,4650000.00000000
1.50000000,Pune,PUN-01|PUN-02|PUN-03|PUN-04|PUN-05|PUN-07|CS-01|CS-02|CS-03,81.06111398,84.32921187,0.18536723,0.79488153,4650000.00000000
2.00000000,Pune,PUN-01|PUN-02|PUN-03|PUN-04|PUN-05|PUN-07|CS-01|CS-02|CS-03,87.66731030,90.93540818,0.18536723,0.79488153,4650000.00000000
0.00000000,Pune,PUN-01|PUN-03|PUN-05|PUN-06|PUN-07|CS-01|CS-02|CS-03,59.76275899,63.03085687,0.17221145,0.83542702,4650000.00000000
0.50000000,Pune,PUN-01|PUN-03|PUN-05|PUN-06|PUN-07|CS-01|CS-02|CS-03,65.68455235,68.95265024,0.17221145,0.83542702,4650000.00000000
1.00000000,Pune,PUN-01|PUN-03|PUN-05|PUN-06|PUN-07|CS-01|CS-02|CS-03,71.60634572,74.87444360,0.17221145,0.83542702,4650000.00000000
1.50000000,Pune,PUN-01|PUN-03|PUN-05|PUN-06|PUN-07|CS-01|CS-02|CS-03,77.52813908,80.79623696,0.17221145,0.83542702,4650000.00000000
2.00000000,Pune,PUN-01|PUN-03|PUN-05|PUN-06|PUN-07|CS-01|CS-02|CS-03,83.44993245,86.71803033,0.17221145,0.83542702,4650000.00000000
0.00000000,Pune,PUN-02|PUN-03|PUN-05|PUN-06|PUN-07|CS-01|CS-02|CS-03,60.59168465,63.85978253,0.18713799,0.80669728,4650000.00000000
0.50000000,Pune,PUN-02|PUN-03|PUN-05|PUN-06|PUN-07|CS-01|CS-02|CS-03,66.41227240,69.68037028,0.18713799,0.80669728,4650000.00000000
1.00000000,Pune,PUN-02|PUN-03|PUN-05|PUN-06|PUN-07|CS-01|CS-02|CS-03,72.23286015,75.50095803,0.18713799,0.80669728,4650000.00000000
1.50000000,Pune,PUN-02|PUN-03|PUN-05|PUN-06|PUN-07|CS-01|CS-02|CS-03,78.05344790,81.32154579,0.18713799,0.80669728,4650000.00000000
2.00000000,Pune,PUN-02|PUN-03|PUN-05|PUN-06|PUN-07|CS-01|CS-02|CS-03,83.87403566,87.14213354,0.18713799,0.80669728,4650000.00000000
0.00000000,Pune,PUN-01|PUN-02|PUN-03|PUN-05|PUN-06|PUN-07|CS-01|CS-02|CS-03,60.74567260,64.01377049,0.17089225,0.84013309,4650000.00000000
0.50000000,Pune,PUN-01|PUN-02|PUN-03|PUN-05|PUN-06|PUN-07|CS-01|CS-02|CS-03,67.36831483,70.63641271,0.17089225,0.84013309,4650000.00000000
1.00000000,Pune,PUN-01|PUN-02|PUN-03|PUN-05|PUN-06|PUN-07|CS-01|CS-02|CS-03,73.99095706,77.25905494,0.17089225,0.84013309,4650000.00000000
1.50000000,Pune,PUN-01|PUN-02|PUN-03|PUN-05|PUN-06|PUN-07|CS-01|CS-02|CS-03,80.61359928,83.88169716,0.17089225,0.84013309,4650000.00000000
2.00000000,Pune,PUN-01|PUN-02|PUN-03|PUN-05|PUN-06|PUN-07|CS-01|CS-02|CS-03,87.23624151,90.50433939,0.17089225,0.84013309,4650000.00000000
0.00000000,Pune,PUN-01|PUN-04|PUN-05|PUN-06|PUN-07|CS-01|CS-02|CS-03,58.60918025,61.87727814,0.16004257,0.82496489,4650000.00000000
0.50000000,Pune,PUN-01|PUN-04|PUN-05|PUN-06|PUN-07|CS-01|CS-02|CS-03,64.49808179,67.76617967,0.16004257,0.82496489,4650000.00000000
1.00000000,Pune,PUN-01|PUN-04|PUN-05|PUN-06|PUN-07|CS-01|CS-02|CS-03,70.38698333,73.65508121,0.16004257,0.82496489,4650000.00000000
1.50000000,Pune,PUN-01|PUN-04|PUN-05|PUN-06|PUN-07|CS-01|CS-02|CS-03,76.27588487,79.54398275,0.16004257,0.82496489,4650000.00000000
2.00000000,Pune,PUN-01|PUN-04|PUN-05|PUN-06|PUN-07|CS-01|CS-02|CS-03,82.16478641,85.43288429,0.16004257,0.82496489,4650000.00000000
0.00000000,Pune,PUN-02|PUN-04|PUN-05|PUN-06|PUN-07|CS-01|CS-02|CS-03,59.40336591,62.67146380,0.17434742,0.79623515,4650000.00000000
0.50000000,Pune,PUN-02|PUN-04|PUN-05|PUN-06|PUN-07|CS-01|CS-02|CS-03,65.19106184,68.45915972,0.17434742,0.79623515,4650000.00000000
1.00000000,Pune,PUN-02|PUN-04|PUN-05|PUN-06|PUN-07|CS-01|CS-02|CS-03,70.97875777,74.24685565,0.17434742,0.79623515,4650000.00000000
1.50000000,Pune,PUN-02|PUN-04|PUN-05|PUN-06|PUN-07|CS-01|CS-02|CS-03,76.76645370,80.03455158,0.17434742,0.79623515,4650000.00000000
2.00000000,Pune,PUN-02|PUN-04|PUN-05|PUN-06|PUN-07|CS-01|CS-02|CS-03,82.55414962,85.82224751,0.17434742,0.79623515,4650000.00000000
0.00000000,Pune,PUN-01|PUN-02|PUN-04|PUN-05|PUN-06|PUN-07|CS-01|CS-02|CS-03,59.55735387,62.82545175,0.15810169,0.82967096,4650000.00000000
0.50000000,Pune,PUN-01|PUN-02|PUN-04|PUN-05|PUN-06|PUN-07|CS-01|CS-02|CS-03,66.14710427,69.41520215,0.15810169,0.82967096,4650000.00000000
1.00000000,Pune,PUN-01|PUN-02|PUN-04|PUN-05|PUN-06|PUN-07|CS-01|CS-02|CS-03,72.73685467,76.00495255,0.15810169,0.82967096,4650000.00000000
1.50000000,Pune,PUN-01|PUN-02|PUN-04|PUN-05|PUN-06|PUN-07|CS-01|CS-02|CS-03,79.32660507,82.59470296,0.15810169,0.82967096,4650000.00000000
2.00000000,Pune,PUN-01|PUN-02|PUN-04|PUN-05|PUN-06|PUN-07|CS-01|CS-02|CS-03,85.91635548,89.18445336,0.15810169,0.82967096,4650000.00000000
0.00000000,Pune,PUN-01|PUN-03|PUN-04|PUN-05|PUN-06|PUN-07|CS-01|CS-02|CS-03,56.34229504,59.61039292,0.10380605,0.88874973,4650000.00000000
0.50000000,Pune,PUN-01|PUN-03|PUN-04|PUN-05|PUN-06|PUN-07|CS-01|CS-02|CS-03,62.99909416,66.26719204,0.10380605,0.88874973,4650000.00000000
1.00000000,Pune,PUN-01|PUN-03|PUN-04|PUN-05|PUN-06|PUN-07|CS-01|CS-02|CS-03,69.65589328,72.92399116,0.10380605,0.88874973,4650000.00000000
1.50000000,Pune,PUN-01|PUN-03|PUN-04|PUN-05|PUN-06|PUN-07|CS-01|CS-02|CS-03,76.31269240,79.58079028,0.10380605,0.88874973,4650000.00000000
2.00000000,Pune,PUN-01|PUN-03|PUN-04|PUN-05|PUN-06|PUN-07|CS-01|CS-02|CS-03,82.96949152,86.23758940,0.10380605,0.88874973,4650000.00000000
0.00000000,Pune,PUN-02|PUN-03|PUN-04|PUN-05|PUN-06|PUN-07|CS-01|CS-02|CS-03,57.17122069,60.43931858,0.11873260,0.86001999,4650000.00000000
0.50000000,Pune,PUN-02|PUN-03|PUN-04|PUN-05|PUN-06|PUN-07|CS-01|CS-02|CS-03,63.72681420,66.99491209,0.11873260,0.86001999,4650000.00000000
1.00000000,Pune,PUN-02|PUN-03|PUN-04|PUN-05|PUN-06|PUN-07|CS-01|CS-02|CS-03,70.28240771,73.55050559,0.11873260,0.86001999,4650000.00000000
1.50000000,Pune,PUN-02|PUN-03|PUN-04|PUN-05|PUN-06|PUN-07|CS-01|CS-02|CS-03,76.83800122,80.10609910,0.11873260,0.86001999,4650000.00000000
2.00000000,Pune,PUN-02|PUN-03|PUN-04|PUN-05|PUN-06|PUN-07|CS-01|CS-02|CS-03,83.39359473,86.66169261,0.11873260,0.86001999,4650000.00000000
0.00000000,Pune,PUN-01|PUN-02|PUN-03|PUN-04|PUN-05|PUN-06|PUN-07|CS-01|CS-02|CS-03,57.32520865,60.59330653,0.10248686,0.89345579,4650000.00000000
0.50000000,Pune,PUN-01|PUN-02|PUN-03|PUN-04|PUN-05|PUN-06|PUN-07|CS-01|CS-02|CS-03,64.68285663,67.95095451,0.10248686,0.89345579,4650000.00000000
1.00000000,Pune,PUN-01|PUN-02|PUN-03|PUN-04|PUN-05|PUN-06|PUN-07|CS-01|CS-02|CS-03,72.04050461,75.30860250,0.10248686,0.89345579,4650000.00000000
1.50000000,Pune,PUN-01|PUN-02|PUN-03|PUN-04|PUN-05|PUN-06|PUN-07|CS-01|CS-02|CS-03,79.39815259,82.66625048,0.10248686,0.89345579,4650000.00000000
2.00000000,Pune,PUN-01|PUN-02|PUN-03|PUN-04|PUN-05|PUN-06|PUN-07|CS-01|CS-02|CS-03,86.75580058,90.02389846,0.10248686,0.89345579,4650000.00000000
0.00000000,Pune,PUN-03|PUN-04|PUN-05|PUN-06|CS-01|CS-04,58.80716657,60.94372949,0.18684526,0.82178957,3040000.00000000
0.50000000,Pune,PUN-03|PUN-04|PUN-05|PUN-06|CS-01|CS-04,63.20834562,65.34490853,0.18684526,0.82178957,3040000.00000000
1.00000000,Pune,PUN-03|PUN-04|PUN-05|PUN-06|CS-01|CS-04,67.60952466,69.74608758,0.18684526,0.82178957,3040000.00000000
1.50000000,Pune,PUN-03|PUN-04|PUN-05|PUN-06|CS-01|CS-04,72.01070371,74.14726662,0.18684526,0.82178957,3040000.00000000
2.00000000,Pune,PUN-03|PUN-04|PUN-05|PUN-06|CS-01|CS-04,76.41188275,78.54844567,0.18684526,0.82178957,3040000.00000000
0.00000000,Pune,PUN-01|PUN-03|PUN-04|PUN-05|PUN-06|CS-01|CS-04,59.55116833,61.68773125,0.17960976,0.83283363,3040000.00000000
0.50000000,Pune,PUN-01|PUN-03|PUN-04|PUN-05|PUN-06|CS-01|CS-04,64.75440185,66.89096477,0.17960976,0.83283363,3040000.00000000
1.00000000,Pune,PUN-01|PUN-03|PUN-04|PUN-05|PUN-06|CS-01|CS-04,69.95763537,72.09419829,0.17960976,0.83283363,3040000.00000000
1.50000000,Pune,PUN-01|PUN-03|PUN-04|PUN-05|PUN-06|CS-01|CS-04,75.16086889,77.29743181,0.17960976,0.83283363,3040000.00000000
2.00000000,Pune,PUN-01|PUN-03|PUN-04|PUN-05|PUN-06|CS-01|CS-04,80.36410241,82.50066533,0.17960976,0.83283363,3040000.00000000
0.00000000,Pune,PUN-02|PUN-03|PUN-04|PUN-05|PUN-06|CS-01|CS-04,59.84897766,61.98554058,0.18608351,0.82324440,3040000.00000000
0.50000000,Pune,PUN-02|PUN-03|PUN-04|PUN-05|PUN-06|CS-01|CS-04,64.95100557,67.08756848,0.18608351,0.82324440,3040000.00000000
1.00000000,Pune,PUN-02|PUN-03|PUN-04|PUN-05|PUN-06|CS-01|CS-04,70.05303347,72.18959639,0.18608351,0.82324440,3040000.00000000
1.50000000,Pune,PUN-02|PUN-03|PUN-04|PUN-05|PUN-06|CS-01|CS-04,75.15506138,77.29162430,0.18608351,0.82324440,3040000.00000000
2.00000000,Pune,PUN-02|PUN-03|PUN-04|PUN-05|PUN-06|CS-01|CS-04,80.25708929,82.39365221,0.18608351,0.82324440,3040000.00000000
0.00000000,Pune,PUN-01|PUN-02|PUN-03|PUN-04|PUN-05|PUN-06|CS-01|CS-04,60.59298805,62.72955097,0.17884806,0.83428846,3040000.00000000
0.50000000,Pune,PUN-01|PUN-02|PUN-03|PUN-04|PUN-05|PUN-06|CS-01|CS-04,66.49707044,68.63363335,0.17884806,0.83428846,3040000.00000000
1.00000000,Pune,PUN-01|PUN-02|PUN-03|PUN-04|PUN-05|PUN-06|CS-01|CS-04,72.40115282,74.53771573,0.17884806,0.83428846,3040000.00000000
1.50000000,Pune,PUN-01|PUN-02|PUN-03|PUN-04|PUN-05|PUN-06|CS-01|CS-04,78.30523520,80.44179812,0.17884806,0.83428846,3040000.00000000
2.00000000,Pune,PUN-01|PUN-02|PUN-03|PUN-04|PUN-05|PUN-06|CS-01|CS-04,84.20931758,86.34588050,0.17884806,0.83428846,3040000.00000000
0.00000000,Pune,PUN-03|PUN-04|PUN-05|PUN-06|PUN-07|CS-01|CS-04,58.23064381,60.36720673,0.16654877,0.83326375,3040000.00000000
0.50000000,Pune,PUN-03|PUN-04|PUN-05|PUN-06|PUN-07|CS-01|CS-04,63.35038270,65.48694562,0.16654877,0.83326375,3040000.00000000
1.00000000,Pune,PUN-03|PUN-04|PUN-05|PUN-06|PUN-07|CS-01|CS-04,68.47012159,70.60668451,0.16654877,0.83326375,3040000.00000000
1.50000000,Pune,PUN-03|PUN-04|PUN-05|PUN-06|PUN-07|CS-01|CS-04,73.58986048,75.72642340,0.16654877,0.83326375,3040000.00000000
2.00000000,Pune,PUN-03|PUN-04|PUN-05|PUN-06|PUN-07|CS-01|CS-04,78.70959937,80.84616229,0.16654877,0.83326375,3040000.00000000
0.00000000,Pune,PUN-01|PUN-03|PUN-04|PUN-05|PUN-06|PUN-07|CS-01|CS-04,58.97464557,61.11120849,0.15931328,0.84430782,3040000.00000000
0.50000000,Pune,PUN-01|PUN-03|PUN-04|PUN-05|PUN-06|PUN-07|CS-01|CS-04,64.89643894,67.03300185,0.15931328,0.84430782,3040000.00000000
1.00000000,Pune,PUN-01|PUN-03|PUN-04|PUN-05|PUN-06|PUN-07|CS-01|CS-04,70.81823230,72.95479522,0.15931328,0.84430782,3040000.00000000
1.50000000,Pune,PUN-01|PUN-03|PUN-04|PUN-05|PUN-06|PUN-07|CS-01|CS-04,76.74002566,78.87658858,0.15931328,0.84430782,3040000.00000000
2.00000000,Pune,PUN-01|PUN-03|PUN-04|PUN-05|PUN-06|PUN-07|CS-01|CS-04,82.66181903,84.79838194,0.15931328,0.84430782,3040000.00000000
0.00000000,Pune,PUN-02|PUN-03|PUN-04|PUN-05|PUN-06|PUN-07|CS-01|CS-04,59.27245490,61.40901782,0.16578703,0.83471859,3040000.00000000
0.50000000,Pune,PUN-02|PUN-03|PUN-04|PUN-05|PUN-06|PUN-07|CS-01|CS-04,65.09304265,67.22960557,0.16578703,0.83471859,3040000.00000000
1.00000000,Pune,PUN-02|PUN-03|PUN-04|PUN-05|PUN-06|PUN-07|CS-01|CS-04,70.91363040,73.05019332,0.16578703,0.83471859,3040000.00000000
1.50000000,Pune,PUN-02|PUN-03|PUN-04|PUN-05|PUN-06|PUN-07|CS-01|CS-04,76.73421815,78.87078107,0.16578703,0.83471859,3040000.00000000
2.00000000,Pune,PUN-02|PUN-03|PUN-04|PUN-05|PUN-06|PUN-07|CS-01|CS-04,82.55480591,84.69136882,0.16578703,0.83471859,3040000.00000000
0.00000000,Pune,PUN-01|PUN-02|PUN-03|PUN-04|PUN-05|PUN-06|PUN-07|CS-01|CS-04,60.01646529,62.15302821,0.15855156,0.84576265,3040000.00000000
0.50000000,Pune,PUN-01|PUN-02|PUN-03|PUN-04|PUN-05|PUN-06|PUN-07|CS-01|CS-04,66.63910752,68.77567044,0.15855156,0.84576265,3040000.00000000
1.00000000,Pune,PUN-01|PUN-02|PUN-03|PUN-04|PUN-05|PUN-06|PUN-07|CS-01|CS-04,73.26174975,75.39831266,0.15855156,0.84576265,3040000.00000000
1.50000000,Pune,PUN-01|PUN-02|PUN-03|PUN-04|PUN-05|PUN-06|PUN-07|CS-01|CS-04,79.88439197,82.02095489,0.15855156,0.84576265,3040000.00000000
2.00000000,Pune,PUN-01|PUN-02|PUN-03|PUN-04|PUN-05|PUN-06|PUN-07|CS-01|CS-04,86.50703420,88.64359711,0.15855156,0.84576265,3040000.00000000
0.00000000,Pune,PUN-03|PUN-04|PUN-05|PUN-06|PUN-07|CS-02|CS-04,60.22180861,62.23889268,0.20013553,0.79429959,2870000.00000000
0.50000000,Pune,PUN-03|PUN-04|PUN-05|PUN-06|PUN-07|CS-02|CS-04,65.34154750,67.35863157,0.20013553,0.79429959,2870000.00000000
1.00000000,Pune,PUN-03|PUN-04|PUN-05|PUN-06|PUN-07|CS-02|CS-04,70.46128639,72.47837046,0.20013553,0.79429959,2870000.00000000
1.50000000,Pune,PUN-03|PUN-04|PUN-05|PUN-06|PUN-07|CS-02|CS-04,75.58102528,77.59810935,0.20013553,0.79429959,2870000.00000000
2.00000000,Pune,PUN-03|PUN-04|PUN-05|PUN-06|PUN-07|CS-02|CS-04,80.70076417,82.71784824,0.20013553,0.79429959,2870000.00000000
0.00000000,Pune,PUN-01|PUN-03|PUN-04|PUN-05|PUN-06|PUN-07|CS-02|CS-04,60.96581037,62.98289444,0.19290003,0.80534366,2870000.00000000
0.50000000,Pune,PUN-01|PUN-03|PUN-04|PUN-05|PUN-06|PUN-07|CS-02|CS-04,66.88760374,68.90468780,0.19290003,0.80534366,2870000.00000000
1.00000000,Pune,PUN-01|PUN-03|PUN-04|PUN-05|PUN-06|PUN-07|CS-02|CS-04,72.80939710,74.82648117,0.19290003,0.80534366,2870000.00000000
1.50000000,Pune,PUN-01|PUN-03|PUN-04|PUN-05|PUN-06|PUN-07|CS-02|CS-04,78.73119046,80.74827453,0.19290003,0.80534366,2870000.00000000
2.00000000,Pune,PUN-01|PUN-03|PUN-04|PUN-05|PUN-06|PUN-07|CS-02|CS-04,84.65298383,86.67006789,0.19290003,0.80534366,2870000.00000000
0.00000000,Pune,PUN-02|PUN-03|PUN-04|PUN-05|PUN-06|PUN-07|CS-02|CS-04,61.26361970,63.28070377,0.19937377,0.79575442,2870000.00000000
0.50000000,Pune,PUN-02|PUN-03|PUN-04|PUN-05|PUN-06|PUN-07|CS-02|CS-04,67.08420745,69.10129152,0.19937377,0.79575442,2870000.00000000
1.00000000,Pune,PUN-02|PUN-03|PUN-04|PUN-05|PUN-06|PUN-07|CS-02|CS-04,72.90479520,74.92187927,0.19937377,0.79575442,2870000.00000000
1.50000000,Pune,PUN-02|PUN-03|PUN-04|PUN-05|PUN-06|PUN-07|CS-02|CS-04,78.72538295,80.74246702,0.19937377,0.79575442,2870000.00000000
2.00000000,Pune,PUN-02|PUN-03|PUN-04|PUN-05|PUN-06|PUN-07|CS-02|CS-04,84.54597071,86.56305477,0.19937377,0.79575442,2870000.00000000
0.00000000,Pune,PUN-01|PUN-02|PUN-03|PUN-04|PUN-05|PUN-06|PUN-07|CS-02|CS-04,62.00763009,64.02471416,0.19213833,0.80679849,2870000.00000000
0.50000000,Pune,PUN-01|PUN-02|PUN-03|PUN-04|PUN-05|PUN-06|PUN-07|CS-02|CS-04,68.63027232,70.64735639,0.19213833,0.80679849,2870000.00000000
1.00000000,Pune,PUN-01|PUN-02|PUN-03|PUN-04|PUN-05|PUN-06|PUN-07|CS-02|CS-04,75.25291455,77.26999862,0.19213833,0.80679849,2870000.00000000
1.50000000,Pune,PUN-01|PUN-02|PUN-03|PUN-04|PUN-05|PUN-06|PUN-07|CS-02|CS-04,81.87555677,83.89264084,0.19213833,0.80679849,2870000.00000000
2.00000000,Pune,PUN-01|PUN-02|PUN-03|PUN-04|PUN-05|PUN-06|PUN-07|CS-02|CS-04,88.49819900,90.51528307,0.19213833,0.80679849,2870000.00000000
0.00000000,Pune,PUN-03|PUN-04|PUN-05|PUN-06|CS-01|CS-02|CS-04,59.66752082,62.84425253,0.17499100,0.82261186,4520000.00000000
0.50000000,Pune,PUN-03|PUN-04|PUN-05|PUN-06|CS-01|CS-02|CS-04,64.80370562,67.98043733,0.17499100,0.82261186,4520000.00000000
1.00000000,Pune,PUN-03|PUN-04|PUN-05|PUN-06|CS-01|CS-02|CS-04,69.93989042,73.11662213,0.17499100,0.82261186,4520000.00000000
1.50000000,Pune,PUN-03|PUN-04|PUN-05|PUN-06|CS-01|CS-02|CS-04,75.07607523,78.25280693,0.17499100,0.82261186,4520000.00000000
2.00000000,Pune,PUN-03|PUN-04|PUN-05|PUN-06|CS-01|CS-02|CS-04,80.21226003,83.38899173,0.17499100,0.82261186,4520000.00000000
0.00000000,Pune,PUN-01|PUN-03|PUN-04|PUN-05|PUN-06|CS-01|CS-02|CS-04,60.41152258,63.58825429,0.16775551,0.83365593,4520000.00000000
0.50000000,Pune,PUN-01|PUN-03|PUN-04|PUN-05|PUN-06|CS-01|CS-02|CS-04,66.34976186,69.52649356,0.16775551,0.83365593,4520000.00000000
1.00000000,Pune,PUN-01|PUN-03|PUN-04|PUN-05|PUN-06|CS-01|CS-02|CS-04,72.28800113,75.46473284,0.16775551,0.83365593,4520000.00000000
1.50000000,Pune,PUN-01|PUN-03|PUN-04|PUN-05|PUN-06|CS-01|CS-02|CS-04,78.22624041,81.40297211,0.16775551,0.83365593,4520000.00000000
2.00000000,Pune,PUN-01|PUN-03|PUN-04|PUN-05|PUN-06|CS-01|CS-02|CS-04,84.16447968,87.34121139,0.16775551,0.83365593,4520000.00000000
0.00000000,Pune,PUN-02|PUN-03|PUN-04|PUN-05|PUN-06|CS-01|CS-02|CS-04,60.70933191,63.88606361,0.17422923,0.82406669,4520000.00000000
0.50000000,Pune,PUN-02|PUN-03|PUN-04|PUN-05|PUN-06|CS-01|CS-02|CS-04,66.54636557,69.72309728,0.17422923,0.82406669,4520000.00000000
1.00000000,Pune,PUN-02|PUN-03|PUN-04|PUN-05|PUN-06|CS-01|CS-02|CS-04,72.38339924,75.56013094,0.17422923,0.82406669,4520000.00000000
1.50000000,Pune,PUN-02|PUN-03|PUN-04|PUN-05|PUN-06|CS-01|CS-02|CS-04,78.22043290,81.39716460,0.17422923,0.82406669,4520000.00000000
2.00000000,Pune,PUN-02|PUN-03|PUN-04|PUN-05|PUN-06|CS-01|CS-02|CS-04,84.05746656,87.23419827,0.17422923,0.82406669,4520000.00000000
0.00000000,Pune,PUN-01|PUN-02|PUN-03|PUN-04|PUN-05|PUN-06|CS-01|CS-02|CS-04,61.45334230,64.63007401,0.16699381,0.83511076,4520000.00000000
0.50000000,Pune,PUN-01|PUN-02|PUN-03|PUN-04|PUN-05|PUN-06|CS-01|CS-02|CS-04,68.09243044,71.26916215,0.16699381,0.83511076,4520000.00000000
1.00000000,Pune,PUN-01|PUN-02|PUN-03|PUN-04|PUN-05|PUN-06|CS-01|CS-02|CS-04,74.73151858,77.90825028,0.16699381,0.83511076,4520000.00000000
1.50000000,Pune,PUN-01|PUN-02|PUN-03|PUN-04|PUN-05|PUN-06|CS-01|CS-02|CS-04,81.37060672,84.54733842,0.16699381,0.83511076,4520000.00000000
2.00000000,Pune,PUN-01|PUN-02|PUN-03|PUN-04|PUN-05|PUN-06|CS-01|CS-02|CS-04,88.00969485,91.18642656,0.16699381,0.83511076,4520000.00000000
0.00000000,Pune,PUN-03|PUN-04|PUN-05|PUN-06|PUN-07|CS-01|CS-02|CS-04,59.14928473,62.32601644,0.15575729,0.83349147,4520000.00000000
0.50000000,Pune,PUN-03|PUN-04|PUN-05|PUN-06|PUN-07|CS-01|CS-02|CS-04,65.00402938,68.18076108,0.15575729,0.83349147,4520000.00000000
1.00000000,Pune,PUN-03|PUN-04|PUN-05|PUN-06|PUN-07|CS-01|CS-02|CS-04,70.85877402,74.03550573,0.15575729,0.83349147,4520000.00000000
1.50000000,Pune,PUN-03|PUN-04|PUN-05|PUN-06|PUN-07|CS-01|CS-02|CS-04,76.71351867,79.89025037,0.15575729,0.83349147,4520000.00000000
2.00000000,Pune,PUN-03|PUN-04|PUN-05|PUN-06|PUN-07|CS-01|CS-02|CS-04,82.56826331,85.74499502,0.15575729,0.83349147,4520000.00000000
0.00000000,Pune,PUN-01|PUN-03|PUN-04|PUN-05|PUN-06|PUN-07|CS-01|CS-02|CS-04,59.89328649,63.07001820,0.14852178,0.84453553,4520000.00000000
0.50000000,Pune,PUN-01|PUN-03|PUN-04|PUN-05|PUN-06|PUN-07|CS-01|CS-02|CS-04,66.55008561,69.72681732,0.14852178,0.84453553,4520000.00000000
1.00000000,Pune,PUN-01|PUN-03|PUN-04|PUN-05|PUN-06|PUN-07|CS-01|CS-02|CS-04,73.20688473,76.38361643,0.14852178,0.84453553,4520000.00000000
1.50000000,Pune,PUN-01|PUN-03|PUN-04|PUN-05|PUN-06|PUN-07|CS-01|CS-02|CS-04,79.86368385,83.04041555,0.14852178,0.84453553,4520000.00000000
2.00000000,Pune,PUN-01|PUN-03|PUN-04|PUN-05|PUN-06|PUN-07|CS-01|CS-02|CS-04,86.52048297,89.69721467,0.14852178,0.84453553,4520000.00000000
0.00000000,Pune,PUN-02|PUN-03|PUN-04|PUN-05|PUN-06|PUN-07|CS-01|CS-02|CS-04,60.19109582,63.36782752,0.15499553,0.83494630,4520000.00000000
0.50000000,Pune,PUN-02|PUN-03|PUN-04|PUN-05|PUN-06|PUN-07|CS-01|CS-02|CS-04,66.74668933,69.92342103,0.15499553,0.83494630,4520000.00000000
1.00000000,Pune,PUN-02|PUN-03|PUN-04|PUN-05|PUN-06|PUN-07|CS-01|CS-02|CS-04,73.30228283,76.47901454,0.15499553,0.83494630,4520000.00000000
1.50000000,Pune,PUN-02|PUN-03|PUN-04|PUN-05|PUN-06|PUN-07|CS-01|CS-02|CS-04,79.85787634,83.03460805,0.15499553,0.83494630,4520000.00000000
2.00000000,Pune,PUN-02|PUN-03|PUN-04|PUN-05|PUN-06|PUN-07|CS-01|CS-02|CS-04,86.41346985,89.59020155,0.15499553,0.83494630,4520000.00000000
0.00000000,Pune,PUN-01|PUN-02|PUN-03|PUN-04|PUN-05|PUN-06|PUN-07|CS-01|CS-02|CS-04,60.93510621,64.11183792,0.14776008,0.84599036,4520000.00000000
0.50000000,Pune,PUN-01|PUN-02|PUN-03|PUN-04|PUN-05|PUN-06|PUN-07|CS-01|CS-02|CS-04,68.29275420,71.46948590,0.14776008,0.84599036,4520000.00000000
1.00000000,Pune,PUN-01|PUN-02|PUN-03|PUN-04|PUN-05|PUN-06|PUN-07|CS-01|CS-02|CS-04,75.65040218,78.82713388,0.14776008,0.84599036,4520000.00000000
1.50000000,Pune,PUN-01|PUN-02|PUN-03|PUN-04|PUN-05|PUN-06|PUN-07|CS-01|CS-02|CS-04,83.00805016,86.18478186,0.14776008,0.84599036,4520000.00000000
2.00000000,Pune,PUN-01|PUN-02|PUN-03|PUN-04|PUN-05|PUN-06|PUN-07|CS-01|CS-02|CS-04,90.36569814,93.54242985,0.14776008,0.84599036,4520000.00000000
0.00000000,Pune,PUN-03|PUN-04|PUN-05|PUN-06|PUN-07|CS-03|CS-04,59.38836873,61.43356547,0.19252102,0.80519185,2910000.00000000
0.50000000,Pune,PUN-03|PUN-04|PUN-05|PUN-06|PUN-07|CS-03|CS-04,64.50810762,66.55330436,0.19252102,0.80519185,2910000.00000000
1.00000000,Pune,PUN-03|PUN-04|PUN-05|PUN-06|PUN-07|CS-03|CS-04,69.62784651,71.67304325,0.19252102,0.80519185,2910000.00000000
1.50000000,Pune,PUN-03|PUN-04|PUN-05|PUN-06|PUN-07|CS-03|CS-04,74.74758540,76.79278214,0.19252102,0.80519185,2910000.00000000
2.00000000,Pune,PUN-03|PUN-04|PUN-05|PUN-06|PUN-07|CS-03|CS-04,79.86732429,81.91252103,0.19252102,0.80519185,2910000.00000000
0.00000000,Pune,PUN-01|PUN-03|PUN-04|PUN-05|PUN-06|PUN-07|CS-03|CS-04,60.13237049,62.17756723,0.18528552,0.81623591,2910000.00000000
0.50000000,Pune,PUN-01|PUN-03|PUN-04|PUN-05|PUN-06|PUN-07|CS-03|CS-04,66.05416386,68.09936060,0.18528552,0.81623591,2910000.00000000
1.00000000,Pune,PUN-01|PUN-03|PUN-04|PUN-05|PUN-06|PUN-07|CS-03|CS-04,71.97595722,74.02115396,0.18528552,0.81623591,2910000.00000000
1.50000000,Pune,PUN-01|PUN-03|PUN-04|PUN-05|PUN-06|PUN-07|CS-03|CS-04,77.89775058,79.94294732,0.18528552,0.81623591,2910000.00000000
2.00000000,Pune,PUN-01|PUN-03|PUN-04|PUN-05|PUN-06|PUN-07|CS-03|CS-04,83.81954395,85.86474069,0.18528552,0.81623591,2910000.00000000
0.00000000,Pune,PUN-02|PUN-03|PUN-04|PUN-05|PUN-06|PUN-07|CS-03|CS-04,60.43017982,62.47537656,0.19175926,0.80664668,2910000.00000000
0.50000000,Pune,PUN-02|PUN-03|PUN-04|PUN-05|PUN-06|PUN-07|CS-03|CS-04,66.25076757,68.29596431,0.19175926,0.80664668,2910000.00000000
1.00000000,Pune,PUN-02|PUN-03|PUN-04|PUN-05|PUN-06|PUN-07|CS-03|CS-04,72.07135532,74.11655206,0.19175926,0.80664668,2910000.00000000
1.50000000,Pune,PUN-02|PUN-03|PUN-04|PUN-05|PUN-06|PUN-07|CS-03|CS-04,77.89194308,79.93713982,0.19175926,0.80664668,2910000.00000000
2.00000000,Pune,PUN-02|PUN-03|PUN-04|PUN-05|PUN-06|PUN-07|CS-03|CS-04,83.71253083,85.75772757,0.19175926,0.80664668,2910000.00000000
0.00000000,Pune,PUN-01|PUN-02|PUN-03|PUN-04|PUN-05|PUN-06|PUN-07|CS-03|CS-04,61.17419022,63.21938696,0.18452382,0.81769074,2910000.00000000
0.50000000,Pune,PUN-01|PUN-02|PUN-03|PUN-04|PUN-05|PUN-06|PUN-07|CS-03|CS-04,67.79683244,69.84202918,0.18452382,0.81769074,2910000.00000000
1.00000000,Pune,PUN-01|PUN-02|PUN-03|PUN-04|PUN-05|PUN-06|PUN-07|CS-03|CS-04,74.41947467,76.46467141,0.18452382,0.81769074,2910000.00000000
1.50000000,Pune,PUN-01|PUN-02|PUN-03|PUN-04|PUN-05|PUN-06|PUN-07|CS-03|CS-04,81.04211689,83.08731363,0.18452382,0.81769074,2910000.00000000
2.00000000,Pune,PUN-01|PUN-02|PUN-03|PUN-04|PUN-05|PUN-06|PUN-07|CS-03|CS-04,87.66475912,89.70995586,0.18452382,0.81769074,2910000.00000000
0.00000000,Pune,PUN-01|PUN-03|PUN-05|PUN-06|CS-01|CS-03|CS-04,61.57304852,64.77789290,0.20271854,0.82697636,4560000.00000000
0.50000000,Pune,PUN-01|PUN-03|PUN-05|PUN-06|CS-01|CS-03|CS-04,66.77628204,69.98112642,0.20271854,0.82697636,4560000.00000000
1.00000000,Pune,PUN-01|PUN-03|PUN-05|PUN-06|CS-01|CS-03|CS-04,71.97951556,75.18435993,0.20271854,0.82697636,4560000.00000000
1.50000000,Pune,PUN-01|PUN-03|PUN-05|PUN-06|CS-01|CS-03|CS-04,77.18274908,80.38759345,0.20271854,0.82697636,4560000.00000000
2.00000000,Pune,PUN-01|PUN-03|PUN-05|PUN-06|CS-01|CS-03|CS-04,82.38598260,85.59082697,0.20271854,0.82697636,4560000.00000000
0.00000000,Pune,PUN-02|PUN-03|PUN-05|PUN-06|CS-01|CS-03|CS-04,61.87085785,65.07570222,0.20919228,0.81738712,4560000.00000000
0.50000000,Pune,PUN-02|PUN-03|PUN-05|PUN-06|CS-01|CS-03|CS-04,66.97288576,70.17773013,0.20919228,0.81738712,4560000.00000000
1.00000000,Pune,PUN-02|PUN-03|PUN-05|PUN-06|CS-01|CS-03|CS-04,72.07491366,75.27975804,0.20919228,0.81738712,4560000.00000000
1.50000000,Pune,PUN-02|PUN-03|PUN-05|PUN-06|CS-01|CS-03|CS-04,77.17694157,80.38178595,0.20919228,0.81738712,4560000.00000000
2.00000000,Pune,PUN-02|PUN-03|PUN-05|PUN-06|CS-01|CS-03|CS-04,82.27896948,85.48381385,0.20919228,0.81738712,4560000.00000000
0.00000000,Pune,PUN-01|PUN-02|PUN-03|PUN-05|PUN-06|CS-01|CS-03|CS-04,62.61486824,65.81971262,0.20195681,0.82843119,4560000.00000000
0.50000000,Pune,PUN-01|PUN-02|PUN-03|PUN-05|PUN-06|CS-01|CS-03|CS-04,68.51895063,71.72379500,0.20195681,0.82843119,4560000.00000000
1.00000000,Pune,PUN-01|PUN-02|PUN-03|PUN-05|PUN-06|CS-01|CS-03|CS-04,74.42303301,77.62787738,0.20195681,0.82843119,4560000.00000000
1.50000000,Pune,PUN-01|PUN-02|PUN-03|PUN-05|PUN-06|CS-01|CS-03|CS-04,80.32711539,83.53195976,0.20195681,0.82843119,4560000.00000000
2.00000000,Pune,PUN-01|PUN-02|PUN-03|PUN-05|PUN-06|CS-01|CS-03|CS-04,86.23119777,89.43604214,0.20195681,0.82843119,4560000.00000000
0.00000000,Pune,PUN-03|PUN-04|PUN-05|PUN-06|CS-01|CS-03|CS-04,57.40858281,60.61342718,0.14154862,0.86925500,4560000.00000000
0.50000000,Pune,PUN-03|PUN-04|PUN-05|PUN-06|CS-01|CS-03|CS-04,62.54476761,65.74961198,0.14154862,0.86925500,4560000.00000000
1.00000000,Pune,PUN-03|PUN-04|PUN-05|PUN-06|CS-01|CS-03|CS-04,67.68095241,70.88579678,0.14154862,0.86925500,4560000.00000000
1.50000000,Pune,PUN-03|PUN-04|PUN-05|PUN-06|CS-01|CS-03|CS-04,72.81713721,76.02198159,0.14154862,0.86925500,4560000.00000000
2.00000000,Pune,PUN-03|PUN-04|PUN-05|PUN-06|CS-01|CS-03|CS-04,77.95332201,81.15816639,0.14154862,0.86925500,4560000.00000000
0.00000000,Pune,PUN-01|PUN-03|PUN-04|PUN-05|PUN-06|CS-01|CS-03|CS-04,58.15258457,61.35742894,0.13431312,0.88029906,4560000.00000000
0.50000000,Pune,PUN-01|PUN-03|PUN-04|PUN-05|PUN-06|CS-01|CS-03|CS-04,64.09082384,67.29566822,0.13431312,0.88029906,4560000.00000000
1.00000000,Pune,PUN-01|PUN-03|PUN-04|PUN-05|PUN-06|CS-01|CS-03|CS-04,70.02906312,73.23390749,0.13431312,0.88029906,4560000.00000000
1.50000000,Pune,PUN-01|PUN-03|PUN-04|PUN-05|PUN-06|CS-01|CS-03|CS-04,75.96730239,79.17214677,0.13431312,0.88029906,4560000.00000000
2.00000000,Pune,PUN-01|PUN-03|PUN-04|PUN-05|PUN-06|CS-01|CS-03|CS-04,81.90554167,85.11038604,0.13431312,0.88029906,4560000.00000000
0.00000000,Pune,PUN-02|PUN-03|PUN-04|PUN-05|PUN-06|CS-01|CS-03|CS-04,58.45039389,61.65523827,0.14078687,0.87070983,4560000.00000000
0.50000000,Pune,PUN-02|PUN-03|PUN-04|PUN-05|PUN-06|CS-01|CS-03|CS-04,64.28742756,67.49227193,0.14078687,0.87070983,4560000.00000000
1.00000000,Pune,PUN-02|PUN-03|PUN-04|PUN-05|PUN-06|CS-01|CS-03|CS-04,70.12446122,73.32930560,0.14078687,0.87070983,4560000.00000000
1.50000000,Pune,PUN-02|PUN-03|PUN-04|PUN-05|PUN-06|CS-01|CS-03|CS-04,75.96149488,79.16633926,0.14078687,0.87070983,4560000.00000000
2.00000000,Pune,PUN-02|PUN-03|PUN-04|PUN-05|PUN-06|CS-01|CS-03|CS-04,81.79852855,85.00337292,0.14078687,0.87070983,4560000.00000000
0.00000000,Pune,PUN-01|PUN-02|PUN-03|PUN-04|PUN-05|PUN-06|CS-01|CS-03|CS-04,59.19440429,62.39924866,0.13355142,0.88175389,4560000.00000000
0.50000000,Pune,PUN-01|PUN-02|PUN-03|PUN-04|PUN-05|PUN-06|CS-01|CS-03|CS-04,65.83349243,69.03833680,0.13355142,0.88175389,4560000.00000000
1.00000000,Pune,PUN-01|PUN-02|PUN-03|PUN-04|PUN-05|PUN-06|CS-01|CS-03|CS-04,72.47258056,75.67742494,0.13355142,0.88175389,4560000.00000000
1.50000000,Pune,PUN-01|PUN-02|PUN-03|PUN-04|PUN-05|PUN-06|CS-01|CS-03|CS-04,79.11166870,82.31651308,0.13355142,0.88175389,4560000.00000000
2.00000000,Pune,PUN-01|PUN-02|PUN-03|PUN-04|PUN-05|PUN-06|CS-01|CS-03|CS-04,85.75075684,88.95560121,0.13355142,0.88175389,4560000.00000000
0.00000000,Pune,PUN-01|PUN-02|PUN-03|PUN-04|PUN-05|PUN-07|CS-01|CS-03|CS-04,62.53519792,65.74004230,0.19613531,0.79465381,4560000.00000000
0.50000000,Pune,PUN-01|PUN-02|PUN-03|PUN-04|PUN-05|PUN-07|CS-01|CS-03|CS-04,69.14139424,72.34623861,0.19613531,0.79465381,4560000.00000000
1.00000000,Pune,PUN-01|PUN-02|PUN-03|PUN-04|PUN-05|PUN-07|CS-01|CS-03|CS-04,75.74759055,78.95243492,0.19613531,0.79465381,4560000.00000000
1.50000000,Pune,PUN-01|PUN-02|PUN-03|PUN-04|PUN-05|PUN-07|CS-01|CS-03|CS-04,82.35378686,85.55863124,0.19613531,0.79465381,4560000.00000000
2.00000000,Pune,PUN-01|PUN-02|PUN-03|PUN-04|PUN-05|PUN-07|CS-01|CS-03|CS-04,88.95998318,92.16482755,0.19613531,0.79465381,4560000.00000000
0.00000000,Pune,PUN-03|PUN-05|PUN-06|PUN-07|CS-01|CS-03|CS-04,60.25252400,63.45736838,0.18965754,0.82740648,4560000.00000000
0.50000000,Pune,PUN-03|PUN-05|PUN-06|PUN-07|CS-01|CS-03|CS-04,65.37226289,68.57710727,0.18965754,0.82740648,4560000.00000000
1.00000000,Pune,PUN-03|PUN-05|PUN-06|PUN-07|CS-01|CS-03|CS-04,70.49200178,73.69684615,0.18965754,0.82740648,4560000.00000000
1.50000000,Pune,PUN-03|PUN-05|PUN-06|PUN-07|CS-01|CS-03|CS-04,75.61174067,78.81658504,0.18965754,0.82740648,4560000.00000000
2.00000000,Pune,PUN-03|PUN-05|PUN-06|PUN-07|CS-01|CS-03|CS-04,80.73147956,83.93632393,0.18965754,0.82740648,4560000.00000000
0.00000000,Pune,PUN-01|PUN-03|PUN-05|PUN-06|PUN-07|CS-01|CS-03|CS-04,60.99652576,64.20137014,0.18242204,0.83845054,4560000.00000000
0.50000000,Pune,PUN-01|PUN-03|PUN-05|PUN-06|PUN-07|CS-01|CS-03|CS-04,66.91831912,70.12316350,0.18242204,0.83845054,4560000.00000000
1.00000000,Pune,PUN-01|PUN-03|PUN-05|PUN-06|PUN-07|CS-01|CS-03|CS-04,72.84011249,76.04495686,0.18242204,0.83845054,4560000.00000000
1.50000000,Pune,PUN-01|PUN-03|PUN-05|PUN-06|PUN-07|CS-01|CS-03|CS-04,78.76190585,81.96675023,0.18242204,0.83845054,4560000.00000000
2.00000000,Pune,PUN-01|PUN-03|PUN-05|PUN-06|PUN-07|CS-01|CS-03|CS-04,84.68369921,87.88854359,0.18242204,0.83845054,4560000.00000000
0.00000000,Pune,PUN-02|PUN-03|PUN-05|PUN-06|PUN-07|CS-01|CS-03|CS-04,61.29433509,64.49917946,0.18889578,0.82886131,4560000.00000000
0.50000000,Pune,PUN-02|PUN-03|PUN-05|PUN-06|PUN-07|CS-01|CS-03|CS-04,67.11492284,70.31976721,0.18889578,0.82886131,4560000.00000000
1.00000000,Pune,PUN-02|PUN-03|PUN-05|PUN-06|PUN-07|CS-01|CS-03|CS-04,72.93551059,76.14035497,0.18889578,0.82886131,4560000.00000000
1.50000000,Pune,PUN-02|PUN-03|PUN-05|PUN-06|PUN-07|CS-01|CS-03|CS-04,78.75609834,81.96094272,0.18889578,0.82886131,4560000.00000000
2.00000000,Pune,PUN-02|PUN-03|PUN-05|PUN-06|PUN-07|CS-01|CS-03|CS-04,84.57668609,87.78153047,0.18889578,0.82886131,4560000.00000000
0.00000000,Pune,PUN-01|PUN-02|PUN-03|PUN-05|PUN-06|PUN-07|CS-01|CS-03|CS-04,62.03834548,65.24318986,0.18166032,0.83990537,4560000.00000000
0.50000000,Pune,PUN-01|PUN-02|PUN-03|PUN-05|PUN-06|PUN-07|CS-01|CS-03|CS-04,68.66098771,71.86583208,0.18166032,0.83990537,4560000.00000000
1.00000000,Pune,PUN-01|PUN-02|PUN-03|PUN-05|PUN-06|PUN-07|CS-01|CS-03|CS-04,75.28362993,78.48847431,0.18166032,0.83990537,4560000.00000000
1.50000000,Pune,PUN-01|PUN-02|PUN-03|PUN-05|PUN-06|PUN-07|CS-01|CS-03|CS-04,81.90627216,85.11111654,0.18166032,0.83990537,4560000.00000000
2.00000000,Pune,PUN-01|PUN-02|PUN-03|PUN-05|PUN-06|PUN-07|CS-01|CS-03|CS-04,88.52891439,91.73375876,0.18166032,0.83990537,4560000.00000000
0.00000000,Pune,PUN-03|PUN-04|PUN-05|PUN-06|PUN-07|CS-01|CS-03|CS-04,56.83206005,60.03690442,0.12125213,0.88072919,4560000.00000000
0.50000000,Pune,PUN-03|PUN-04|PUN-05|PUN-06|PUN-07|CS-01|CS-03|CS-04,62.68680469,65.89164907,0.12125213,0.88072919,4560000.00000000
1.00000000,Pune,PUN-03|PUN-04|PUN-05|PUN-06|PUN-07|CS-01|CS-03|CS-04,68.54154934,71.74639371,0.12125213,0.88072919,4560000.00000000
1.50000000,Pune,PUN-03|PUN-04|PUN-05|PUN-06|PUN-07|CS-01|CS-03|CS-04,74.39629398,77.60113836,0.12125213,0.88072919,4560000.00000000
2.00000000,Pune,PUN-03|PUN-04|PUN-05|PUN-06|PUN-07|CS-01|CS-03|CS-04,80.25103863,83.45588300,0.12125213,0.88072919,4560000.00000000
0.00000000,Pune,PUN-01|PUN-03|PUN-04|PUN-05|PUN-06|PUN-07|CS-01|CS-03|CS-04,57.57606181,60.78090618,0.11401664,0.89177325,4560000.00000000
0.50000000,Pune,PUN-01|PUN-03|PUN-04|PUN-05|PUN-06|PUN-07|CS-01|CS-03|CS-04,64.23286093,67.43770530,0.11401664,0.89177325,4560000.00000000
1.00000000,Pune,PUN-01|PUN-03|PUN-04|PUN-05|PUN-06|PUN-07|CS-01|CS-03|CS-04,70.88966005,74.09450442,0.11401664,0.89177325,4560000.00000000
1.50000000,Pune,PUN-01|PUN-03|PUN-04|PUN-05|PUN-06|PUN-07|CS-01|CS-03|CS-04,77.54645917,80.75130354,0.11401664,0.89177325,4560000.00000000
2.00000000,Pune,PUN-01|PUN-03|PUN-04|PUN-05|PUN-06|PUN-07|CS-01|CS-03|CS-04,84.20325828,87.40810266,0.11401664,0.89177325,4560000.00000000
0.00000000,Pune,PUN-02|PUN-03|PUN-04|PUN-05|PUN-06|PUN-07|CS-01|CS-03|CS-04,57.87387113,61.07871551,0.12049037,0.88218402,4560000.00000000
0.50000000,Pune,PUN-02|PUN-03|PUN-04|PUN-05|PUN-06|PUN-07|CS-01|CS-03|CS-04,64.42946464,67.63430902,0.12049037,0.88218402,4560000.00000000
1.00000000,Pune,PUN-02|PUN-03|PUN-04|PUN-05|PUN-06|PUN-07|CS-01|CS-03|CS-04,70.98505815,74.18990252,0.12049037,0.88218402,4560000.00000000
1.50000000,Pune,PUN-02|PUN-03|PUN-04|PUN-05|PUN-06|PUN-07|CS-01|CS-03|CS-04,77.54065166,80.74549603,0.12049037,0.88218402,4560000.00000000
2.00000000,Pune,PUN-02|PUN-03|PUN-04|PUN-05|PUN-06|PUN-07|CS-01|CS-03|CS-04,84.09624516,87.30108954,0.12049037,0.88218402,4560000.00000000
0.00000000,Pune,PUN-01|PUN-02|PUN-03|PUN-04|PUN-05|PUN-06|PUN-07|CS-01|CS-03|CS-04,58.61788153,61.82272590,0.11325493,0.89322808,4560000.00000000
0.50000000,Pune,PUN-01|PUN-02|PUN-03|PUN-04|PUN-05|PUN-06|PUN-07|CS-01|CS-03|CS-04,65.97552951,69.18037389,0.11325493,0.89322808,4560000.00000000
1.00000000,Pune,PUN-01|PUN-02|PUN-03|PUN-04|PUN-05|PUN-06|PUN-07|CS-01|CS-03|CS-04,73.33317749,76.53802187,0.11325493,0.89322808,4560000.00000000
1.50000000,Pune,PUN-01|PUN-02|PUN-03|PUN-04|PUN-05|PUN-06|PUN-07|CS-01|CS-03|CS-04,80.69082547,83.89566985,0.11325493,0.89322808,4560000.00000000
2.00000000,Pune,PUN-01|PUN-02|PUN-03|PUN-04|PUN-05|PUN-06|PUN-07|CS-01|CS-03|CS-04,88.04847346,91.25331783,0.11325493,0.89322808,4560000.00000000
0.00000000,Pune,PUN-03|PUN-04|PUN-05|PUN-06|CS-02|CS-03|CS-04,60.41198114,63.49734667,0.19289364,0.80549546,4390000.00000000
0.50000000,Pune,PUN-03|PUN-04|PUN-05|PUN-06|CS-02|CS-03|CS-04,65.54816594,68.63353147,0.19289364,0.80549546,4390000.00000000
1.00000000,Pune,PUN-03|PUN-04|PUN-05|PUN-06|CS-02|CS-03|CS-04,70.68435074,73.76971627,0.19289364,0.80549546,4390000.00000000
1.50000000,Pune,PUN-03|PUN-04|PUN-05|PUN-06|CS-02|CS-03|CS-04,75.82053554,78.90590107,0.19289364,0.80549546,4390000.00000000
2.00000000,Pune,PUN-03|PUN-04|PUN-05|PUN-06|CS-02|CS-03|CS-04,80.95672035,84.04208587,0.19289364,0.80549546,4390000.00000000
0.00000000,Pune,PUN-01|PUN-03|PUN-04|PUN-05|PUN-06|CS-02|CS-03|CS-04,61.15598290,64.24134843,0.18565814,0.81653953,4390000.00000000
0.50000000,Pune,PUN-01|PUN-03|PUN-04|PUN-05|PUN-06|CS-02|CS-03|CS-04,67.09422218,70.17958770,0.18565814,0.81653953,4390000.00000000
1.00000000,Pune,PUN-01|PUN-03|PUN-04|PUN-05|PUN-06|CS-02|CS-03|CS-04,73.03246145,76.11782698,0.18565814,0.81653953,4390000.00000000
1.50000000,Pune,PUN-01|PUN-03|PUN-04|PUN-05|PUN-06|CS-02|CS-03|CS-04,78.97070073,82.05606625,0.18565814,0.81653953,4390000.00000000
2.00000000,Pune,PUN-01|PUN-03|PUN-04|PUN-05|PUN-06|CS-02|CS-03|CS-04,84.90894000,87.99430553,0.18565814,0.81653953,4390000.00000000
0.00000000,Pune,PUN-02|PUN-03|PUN-04|PUN-05|PUN-06|CS-02|CS-03|CS-04,61.45379223,64.53915776,0.19213189,0.80695030,4390000.00000000
0.50000000,Pune,PUN-02|PUN-03|PUN-04|PUN-05|PUN-06|CS-02|CS-03|CS-04,67.29082589,70.37619142,0.19213189,0.80695030,4390000.00000000
1.00000000,Pune,PUN-02|PUN-03|PUN-04|PUN-05|PUN-06|CS-02|CS-03|CS-04,73.12785955,76.21322508,0.19213189,0.80695030,4390000.00000000
1.50000000,Pune,PUN-02|PUN-03|PUN-04|PUN-05|PUN-06|CS-02|CS-03|CS-04,78.96489322,82.05025875,0.19213189,0.80695030,4390000.00000000
2.00000000,Pune,PUN-02|PUN-03|PUN-04|PUN-05|PUN-06|CS-02|CS-03|CS-04,84.80192688,87.88729241,0.19213189,0.80695030,4390000.00000000
0.00000000,Pune,PUN-01|PUN-02|PUN-03|PUN-04|PUN-05|PUN-06|CS-02|CS-03|CS-04,62.19780262,65.28316815,0.18489642,0.81799436,4390000.00000000
0.50000000,Pune,PUN-01|PUN-02|PUN-03|PUN-04|PUN-05|PUN-06|CS-02|CS-03|CS-04,68.83689076,71.92225629,0.18489642,0.81799436,4390000.00000000
1.00000000,Pune,PUN-01|PUN-02|PUN-03|PUN-04|PUN-05|PUN-06|CS-02|CS-03|CS-04,75.47597890,78.56134443,0.18489642,0.81799436,4390000.00000000
1.50000000,Pune,PUN-01|PUN-02|PUN-03|PUN-04|PUN-05|PUN-06|CS-02|CS-03|CS-04,82.11506704,85.20043256,0.18489642,0.81799436,4390000.00000000
2.00000000,Pune,PUN-01|PUN-02|PUN-03|PUN-04|PUN-05|PUN-06|CS-02|CS-03|CS-04,88.75415517,91.83952070,0.18489642,0.81799436,4390000.00000000
0.00000000,Pune,PUN-01|PUN-02|PUN-04|PUN-05|PUN-06|PUN-07|CS-02|CS-03|CS-04,62.84119155,65.92655708,0.20245653,0.79047908,4390000.00000000
0.50000000,Pune,PUN-01|PUN-02|PUN-04|PUN-05|PUN-06|PUN-07|CS-02|CS-03|CS-04,69.43094195,72.51630748,0.20245653,0.79047908,4390000.00000000
1.00000000,Pune,PUN-01|PUN-02|PUN-04|PUN-05|PUN-06|PUN-07|CS-02|CS-03|CS-04,76.02069235,79.10605788,0.20245653,0.79047908,4390000.00000000
1.50000000,Pune,PUN-01|PUN-02|PUN-04|PUN-05|PUN-06|PUN-07|CS-02|CS-03|CS-04,82.61044275,85.69580828,0.20245653,0.79047908,4390000.00000000
2.00000000,Pune,PUN-01|PUN-02|PUN-04|PUN-05|PUN-06|PUN-07|CS-02|CS-03|CS-04,89.20019315,92.28555868,0.20245653,0.79047908,4390000.00000000
0.00000000,Pune,PUN-03|PUN-04|PUN-05|PUN-06|PUN-07|CS-02|CS-03|CS-04,58.82322485,61.90859037,0.15483889,0.84176503,4390000.00000000
0.50000000,Pune,PUN-03|PUN-04|PUN-05|PUN-06|PUN-07|CS-02|CS-03|CS-04,64.67796949,67.76333502,0.15483889,0.84176503,4390000.00000000
1.00000000,Pune,PUN-03|PUN-04|PUN-05|PUN-06|PUN-07|CS-02|CS-03|CS-04,70.53271414,73.61807967,0.15483889,0.84176503,4390000.00000000
1.50000000,Pune,PUN-03|PUN-04|PUN-05|PUN-06|PUN-07|CS-02|CS-03|CS-04,76.38745878,79.47282431,0.15483889,0.84176503,4390000.00000000
2.00000000,Pune,PUN-03|PUN-04|PUN-05|PUN-06|PUN-07|CS-02|CS-03|CS-04,82.24220343,85.32756896,0.15483889,0.84176503,4390000.00000000
0.00000000,Pune,PUN-01|PUN-03|PUN-04|PUN-05|PUN-06|PUN-07|CS-02|CS-03|CS-04,59.56722661,62.65259213,0.14760339,0.85280909,4390000.00000000
0.50000000,Pune,PUN-01|PUN-03|PUN-04|PUN-05|PUN-06|PUN-07|CS-02|CS-03|CS-04,66.22402573,69.30939125,0.14760339,0.85280909,4390000.00000000
1.00000000,Pune,PUN-01|PUN-03|PUN-04|PUN-05|PUN-06|PUN-07|CS-02|CS-03|CS-04,72.88082485,75.96619037,0.14760339,0.85280909,4390000.00000000
1.50000000,Pune,PUN-01|PUN-03|PUN-04|PUN-05|PUN-06|PUN-07|CS-02|CS-03|CS-04,79.53762397,82.62298949,0.14760339,0.85280909,4390000.00000000
2.00000000,Pune,PUN-01|PUN-03|PUN-04|PUN-05|PUN-06|PUN-07|CS-02|CS-03|CS-04,86.19442308,89.27978861,0.14760339,0.85280909,4390000.00000000
0.00000000,Pune,PUN-02|PUN-03|PUN-04|PUN-05|PUN-06|PUN-07|CS-02|CS-03|CS-04,59.86503593,62.95040146,0.15407714,0.84321986,4390000.00000000
0.50000000,Pune,PUN-02|PUN-03|PUN-04|PUN-05|PUN-06|PUN-07|CS-02|CS-03|CS-04,66.42062944,69.50599497,0.15407714,0.84321986,4390000.00000000
1.00000000,Pune,PUN-02|PUN-03|PUN-04|PUN-05|PUN-06|PUN-07|CS-02|CS-03|CS-04,72.97622295,76.06158848,0.15407714,0.84321986,4390000.00000000
1.50000000,Pune,PUN-02|PUN-03|PUN-04|PUN-05|PUN-06|PUN-07|CS-02|CS-03|CS-04,79.53181646,82.61718198,0.15407714,0.84321986,4390000.00000000
2.00000000,Pune,PUN-02|PUN-03|PUN-04|PUN-05|PUN-06|PUN-07|CS-02|CS-03|CS-04,86.08740996,89.17277549,0.15407714,0.84321986,4390000.00000000
0.00000000,Pune,PUN-01|PUN-02|PUN-03|PUN-04|PUN-05|PUN-06|PUN-07|CS-02|CS-03|CS-04,60.60904633,63.69441186,0.14684170,0.85426392,4390000.00000000
0.50000000,Pune,PUN-01|PUN-02|PUN-03|PUN-04|PUN-05|PUN-06|PUN-07|CS-02|CS-03|CS-04,67.96669431,71.05205984,0.14684170,0.85426392,4390000.00000000
1.00000000,Pune,PUN-01|PUN-02|PUN-03|PUN-04|PUN-05|PUN-06|PUN-07|CS-02|CS-03|CS-04,75.32434229,78.40970782,0.14684170,0.85426392,4390000.00000000
1.50000000,Pune,PUN-01|PUN-02|PUN-03|PUN-04|PUN-05|PUN-06|PUN-07|CS-02|CS-03|CS-04,82.68199027,85.76735580,0.14684170,0.85426392,4390000.00000000
2.00000000,Pune,PUN-01|PUN-02|PUN-03|PUN-04|PUN-05|PUN-06|PUN-07|CS-02|CS-03|CS-04,90.03963826,93.12500378,0.14684170,0.85426392,4390000.00000000
0.00000000,Pune,PUN-03|PUN-05|PUN-06|CS-01|CS-02|CS-03|CS-04,61.68940101,65.93441417,0.19809978,0.81675459,6040000.00000000
0.50000000,Pune,PUN-03|PUN-05|PUN-06|CS-01|CS-02|CS-03|CS-04,66.82558581,71.07059898,0.19809978,0.81675459,6040000.00000000
1.00000000,Pune,PUN-03|PUN-05|PUN-06|CS-01|CS-02|CS-03|CS-04,71.96177061,76.20678378,0.19809978,0.81675459,6040000.00000000
1.50000000,Pune,PUN-03|PUN-05|PUN-06|CS-01|CS-02|CS-03|CS-04,77.09795541,81.34296858,0.19809978,0.81675459,6040000.00000000
2.00000000,Pune,PUN-03|PUN-05|PUN-06|CS-01|CS-02|CS-03|CS-04,82.23414022,86.47915338,0.19809978,0.81675459,6040000.00000000
0.00000000,Pune,PUN-01|PUN-03|PUN-05|PUN-06|CS-01|CS-02|CS-03|CS-04,62.43340277,66.67841593,0.19086428,0.82779865,6040000.00000000
0.50000000,Pune,PUN-01|PUN-03|PUN-05|PUN-06|CS-01|CS-02|CS-03|CS-04,68.37164205,72.61665521,0.19086428,0.82779865,6040000.00000000
1.00000000,Pune,PUN-01|PUN-03|PUN-05|PUN-06|CS-01|CS-02|CS-03|CS-04,74.30988132,78.55489449,0.19086428,0.82779865,6040000.00000000
1.50000000,Pune,PUN-01|PUN-03|PUN-05|PUN-06|CS-01|CS-02|CS-03|CS-04,80.24812060,84.49313376,0.19086428,0.82779865,6040000.00000000
2.00000000,Pune,PUN-01|PUN-03|PUN-05|PUN-06|CS-01|CS-02|CS-03|CS-04,86.18635987,90.43137304,0.19086428,0.82779865,6040000.00000000
0.00000000,Pune,PUN-02|PUN-03|PUN-05|PUN-06|CS-01|CS-02|CS-03|CS-04,62.73121210,66.97622526,0.19733801,0.81820942,6040000.00000000
0.50000000,Pune,PUN-02|PUN-03|PUN-05|PUN-06|CS-01|CS-02|CS-03|CS-04,68.56824576,72.81325893,0.19733801,0.81820942,6040000.00000000
1.00000000,Pune,PUN-02|PUN-03|PUN-05|PUN-06|CS-01|CS-02|CS-03|CS-04,74.40527943,78.65029259,0.19733801,0.81820942,6040000.00000000
1.50000000,Pune,PUN-02|PUN-03|PUN-05|PUN-06|CS-01|CS-02|CS-03|CS-04,80.24231309,84.48732625,0.19733801,0.81820942,6040000.00000000
2.00000000,Pune,PUN-02|PUN-03|PUN-05|PUN-06|CS-01|CS-02|CS-03|CS-04,86.07934675,90.32435992,0.19733801,0.81820942,6040000.00000000
0.00000000,Pune,PUN-01|PUN-02|PUN-03|PUN-05|PUN-06|CS-01|CS-02|CS-03|CS-04,63.47522249,67.72023566,0.19010256,0.82925348,6040000.00000000
0.50000000,Pune,PUN-01|PUN-02|PUN-03|PUN-05|PUN-06|CS-01|CS-02|CS-03|CS-04,70.11431063,74.35932379,0.19010256,0.82925348,6040000.00000000
1.00000000,Pune,PUN-01|PUN-02|PUN-03|PUN-05|PUN-06|CS-01|CS-02|CS-03|CS-04,76.75339877,80.99841193,0.19010256,0.82925348,6040000.00000000
1.50000000,Pune,PUN-01|PUN-02|PUN-03|PUN-05|PUN-06|CS-01|CS-02|CS-03|CS-04,83.39248691,87.63750007,0.19010256,0.82925348,6040000.00000000
2.00000000,Pune,PUN-01|PUN-02|PUN-03|PUN-05|PUN-06|CS-01|CS-02|CS-03|CS-04,90.03157504,94.27658821,0.19010256,0.82925348,6040000.00000000
0.00000000,Pune,PUN-04|PUN-05|PUN-06|CS-01|CS-02|CS-03|CS-04,60.67160991,64.91662307,0.18853556,0.80239604,6040000.00000000
0.50000000,Pune,PUN-04|PUN-05|PUN-06|CS-01|CS-02|CS-03|CS-04,65.77490288,70.01991605,0.18853556,0.80239604,6040000.00000000
1.00000000,Pune,PUN-04|PUN-05|PUN-06|CS-01|CS-02|CS-03|CS-04,70.87819586,75.12320903,0.18853556,0.80239604,6040000.00000000
1.50000000,Pune,PUN-04|PUN-05|PUN-06|CS-01|CS-02|CS-03|CS-04,75.98148884,80.22650200,0.18853556,0.80239604,6040000.00000000
2.00000000,Pune,PUN-04|PUN-05|PUN-06|CS-01|CS-02|CS-03|CS-04,81.08478182,85.32979498,0.18853556,0.80239604,6040000.00000000
0.00000000,Pune,PUN-01|PUN-04|PUN-05|PUN-06|CS-01|CS-02|CS-03|CS-04,61.41561167,65.66062483,0.18130006,0.81344011,6040000.00000000
0.50000000,Pune,PUN-01|PUN-04|PUN-05|PUN-06|CS-01|CS-02|CS-03|CS-04,67.32095912,71.56597228,0.18130006,0.81344011,6040000.00000000
1.00000000,Pune,PUN-01|PUN-04|PUN-05|PUN-06|CS-01|CS-02|CS-03|CS-04,73.22630657,77.47131973,0.18130006,0.81344011,6040000.00000000
1.50000000,Pune,PUN-01|PUN-04|PUN-05|PUN-06|CS-01|CS-02|CS-03|CS-04,79.13165402,83.37666719,0.18130006,0.81344011,6040000.00000000
2.00000000,Pune,PUN-01|PUN-04|PUN-05|PUN-06|CS-01|CS-02|CS-03|CS-04,85.03700147,89.28201464,0.18130006,0.81344011,6040000.00000000
0.00000000,Pune,PUN-02|PUN-04|PUN-05|PUN-06|CS-01|CS-02|CS-03|CS-04,61.68318717,65.92820033,0.18722583,0.80385087,6040000.00000000
0.50000000,Pune,PUN-02|PUN-04|PUN-05|PUN-06|CS-01|CS-02|CS-03|CS-04,67.48732901,71.73234217,0.18722583,0.80385087,6040000.00000000
1.00000000,Pune,PUN-02|PUN-04|PUN-05|PUN-06|CS-01|CS-02|CS-03|CS-04,73.29147085,77.53648401,0.18722583,0.80385087,6040000.00000000
1.50000000,Pune,PUN-02|PUN-04|PUN-05|PUN-06|CS-01|CS-02|CS-03|CS-04,79.09561268,83.34062585,0.18722583,0.80385087,6040000.00000000
2.00000000,Pune,PUN-02|PUN-04|PUN-05|PUN-06|CS-01|CS-02|CS-03|CS-04,84.89975452,89.14476769,0.18722583,0.80385087,6040000.00000000
0.00000000,Pune,PUN-01|PUN-02|PUN-04|PUN-05|PUN-06|CS-01|CS-02|CS-03|CS-04,62.42719756,66.67221073,0.17999038,0.81489494,6040000.00000000
0.50000000,Pune,PUN-01|PUN-02|PUN-04|PUN-05|PUN-06|CS-01|CS-02|CS-03|CS-04,69.03339388,73.27840704,0.17999038,0.81489494,6040000.00000000
1.00000000,Pune,PUN-01|PUN-02|PUN-04|PUN-05|PUN-06|CS-01|CS-02|CS-03|CS-04,75.63959019,79.88460335,0.17999038,0.81489494,6040000.00000000
1.50000000,Pune,PUN-01|PUN-02|PUN-04|PUN-05|PUN-06|CS-01|CS-02|CS-03|CS-04,82.24578650,86.49079967,0.17999038,0.81489494,6040000.00000000
2.00000000,Pune,PUN-01|PUN-02|PUN-04|PUN-05|PUN-06|CS-01|CS-02|CS-03|CS-04,88.85198282,93.09699598,0.17999038,0.81489494,6040000.00000000
0.00000000,Pune,PUN-03|PUN-04|PUN-05|PUN-06|CS-01|CS-02|CS-03|CS-04,58.26893706,62.51395022,0.12969437,0.87007730,6040000.00000000
0.50000000,Pune,PUN-03|PUN-04|PUN-05|PUN-06|CS-01|CS-02|CS-03|CS-04,64.14012761,68.38514078,0.12969437,0.87007730,6040000.00000000
1.00000000,Pune,PUN-03|PUN-04|PUN-05|PUN-06|CS-01|CS-02|CS-03|CS-04,70.01131817,74.25633133,0.12969437,0.87007730,6040000.00000000
1.50000000,Pune,PUN-03|PUN-04|PUN-05|PUN-06|CS-01|CS-02|CS-03|CS-04,75.88250873,80.12752189,0.12969437,0.87007730,6040000.00000000
2.00000000,Pune,PUN-03|PUN-04|PUN-05|PUN-06|CS-01|CS-02|CS-03|CS-04,81.75369929,85.99871245,0.12969437,0.87007730,6040000.00000000
0.00000000,Pune,PUN-01|PUN-03|PUN-04|PUN-05|PUN-06|CS-01|CS-02|CS-03|CS-04,59.01293882,63.25795198,0.12245889,0.88112136,6040000.00000000
0.50000000,Pune,PUN-01|PUN-03|PUN-04|PUN-05|PUN-06|CS-01|CS-02|CS-03|CS-04,65.68618385,69.93119701,0.12245889,0.88112136,6040000.00000000
1.00000000,Pune,PUN-01|PUN-03|PUN-04|PUN-05|PUN-06|CS-01|CS-02|CS-03|CS-04,72.35942888,76.60444204,0.12245889,0.88112136,6040000.00000000
1.50000000,Pune,PUN-01|PUN-03|PUN-04|PUN-05|PUN-06|CS-01|CS-02|CS-03|CS-04,79.03267391,83.27768707,0.12245889,0.88112136,6040000.00000000
2.00000000,Pune,PUN-01|PUN-03|PUN-04|PUN-05|PUN-06|CS-01|CS-02|CS-03|CS-04,85.70591894,89.95093211,0.12245889,0.88112136,6040000.00000000
0.00000000,Pune,PUN-02|PUN-03|PUN-04|PUN-05|PUN-06|CS-01|CS-02|CS-03|CS-04,59.31074814,63.55576131,0.12893263,0.87153213,6040000.00000000
0.50000000,Pune,PUN-02|PUN-03|PUN-04|PUN-05|PUN-06|CS-01|CS-02|CS-03|CS-04,65.88278756,70.12780073,0.12893263,0.87153213,6040000.00000000
1.00000000,Pune,PUN-02|PUN-03|PUN-04|PUN-05|PUN-06|CS-01|CS-02|CS-03|CS-04,72.45482698,76.69984015,0.12893263,0.87153213,6040000.00000000
1.50000000,Pune,PUN-02|PUN-03|PUN-04|PUN-05|PUN-06|CS-01|CS-02|CS-03|CS-04,79.02686640,83.27187957,0.12893263,0.87153213,6040000.00000000
2.00000000,Pune,PUN-02|PUN-03|PUN-04|PUN-05|PUN-06|CS-01|CS-02|CS-03|CS-04,85.59890582,89.84391899,0.12893263,0.87153213,6040000.00000000
0.00000000,Pune,PUN-01|PUN-02|PUN-03|PUN-04|PUN-05|PUN-06|CS-01|CS-02|CS-03|CS-04,60.05475854,64.29977170,0.12169718,0.88257619,6040000.00000000
0.50000000,Pune,PUN-01|PUN-02|PUN-03|PUN-04|PUN-05|PUN-06|CS-01|CS-02|CS-03|CS-04,67.42885243,71.67386560,0.12169718,0.88257619,6040000.00000000
1.00000000,Pune,PUN-01|PUN-02|PUN-03|PUN-04|PUN-05|PUN-06|CS-01|CS-02|CS-03|CS-04,74.80294633,79.04795949,0.12169718,0.88257619,6040000.00000000
1.50000000,Pune,PUN-01|PUN-02|PUN-03|PUN-04|PUN-05|PUN-06|CS-01|CS-02|CS-03|CS-04,82.17704022,86.42205338,0.12169718,0.88257619,6040000.00000000
2.00000000,Pune,PUN-01|PUN-02|PUN-03|PUN-04|PUN-05|PUN-06|CS-01|CS-02|CS-03|CS-04,89.55113411,93.79614728,0.12169718,0.88257619,6040000.00000000
0.00000000,Pune,PUN-01|PUN-03|PUN-04|PUN-05|PUN-07|CS-01|CS-02|CS-03|CS-04,63.48324147,67.72825464,0.20599678,0.79982795,6040000.00000000
0.50000000,Pune,PUN-01|PUN-03|PUN-04|PUN-05|PUN-07|CS-01|CS-02|CS-03|CS-04,70.12359468,74.36860785,0.20599678,0.79982795,6040000.00000000
1.00000000,Pune,PUN-01|PUN-03|PUN-04|PUN-05|PUN-07|CS-01|CS-02|CS-03|CS-04,76.76394789,81.00896105,0.20599678,0.79982795,6040000.00000000
1.50000000,Pune,PUN-01|PUN-03|PUN-04|PUN-05|PUN-07|CS-01|CS-02|CS-03|CS-04,83.40430110,87.64931426,0.20599678,0.79982795,6040000.00000000
2.00000000,Pune,PUN-01|PUN-03|PUN-04|PUN-05|PUN-07|CS-01|CS-02|CS-03|CS-04,90.04465431,94.28966747,0.20599678,0.79982795,6040000.00000000
0.00000000,Pune,PUN-01|PUN-02|PUN-03|PUN-04|PUN-05|PUN-07|CS-01|CS-02|CS-03|CS-04,63.45383884,67.69885200,0.18534380,0.79488153,6040000.00000000
0.50000000,Pune,PUN-01|PUN-02|PUN-03|PUN-04|PUN-05|PUN-07|CS-01|CS-02|CS-03|CS-04,70.79504091,75.04005407,0.18534380,0.79488153,6040000.00000000
1.00000000,Pune,PUN-01|PUN-02|PUN-03|PUN-04|PUN-05|PUN-07|CS-01|CS-02|CS-03|CS-04,78.13624298,82.38125614,0.18534380,0.79488153,6040000.00000000
1.50000000,Pune,PUN-01|PUN-02|PUN-03|PUN-04|PUN-05|PUN-07|CS-01|CS-02|CS-03|CS-04,85.47744505,89.72245821,0.18534380,0.79488153,6040000.00000000
2.00000000,Pune,PUN-01|PUN-02|PUN-03|PUN-04|PUN-05|PUN-07|CS-01|CS-02|CS-03|CS-04,92.81864712,97.06366028,0.18534380,0.79488153,6040000.00000000
0.00000000,Pune,PUN-03|PUN-05|PUN-06|PUN-07|CS-01|CS-02|CS-03|CS-04,61.17116492,65.41617808,0.17886604,0.82763419,6040000.00000000
0.50000000,Pune,PUN-03|PUN-05|PUN-06|PUN-07|CS-01|CS-02|CS-03|CS-04,67.02590956,71.27092273,0.17886604,0.82763419,6040000.00000000
1.00000000,Pune,PUN-03|PUN-05|PUN-06|PUN-07|CS-01|CS-02|CS-03|CS-04,72.88065421,77.12566737,0.17886604,0.82763419,6040000.00000000
1.50000000,Pune,PUN-03|PUN-05|PUN-06|PUN-07|CS-01|CS-02|CS-03|CS-04,78.73539886,82.98041202,0.17886604,0.82763419,6040000.00000000
2.00000000,Pune,PUN-03|PUN-05|PUN-06|PUN-07|CS-01|CS-02|CS-03|CS-04,84.59014350,88.83515667,0.17886604,0.82763419,6040000.00000000
0.00000000,Pune,PUN-01|PUN-03|PUN-05|PUN-06|PUN-07|CS-01|CS-02|CS-03|CS-04,61.91516668,66.16017984,0.17163056,0.83867825,6040000.00000000
0.50000000,Pune,PUN-01|PUN-03|PUN-05|PUN-06|PUN-07|CS-01|CS-02|CS-03|CS-04,68.57196580,72.81697896,0.17163056,0.83867825,6040000.00000000
1.00000000,Pune,PUN-01|PUN-03|PUN-05|PUN-06|PUN-07|CS-01|CS-02|CS-03|CS-04,75.22876492,79.47377808,0.17163056,0.83867825,6040000.00000000
1.50000000,Pune,PUN-01|PUN-03|PUN-05|PUN-06|PUN-07|CS-01|CS-02|CS-03|CS-04,81.88556404,86.13057720,0.17163056,0.83867825,6040000.00000000
2.00000000,Pune,PUN-01|PUN-03|PUN-05|PUN-06|PUN-07|CS-01|CS-02|CS-03|CS-04,88.54236316,92.78737632,0.17163056,0.83867825,6040000.00000000
0.00000000,Pune,PUN-02|PUN-03|PUN-05|PUN-06|PUN-07|CS-01|CS-02|CS-03|CS-04,62.21297601,66.45798917,0.17810431,0.82908902,6040000.00000000
0.50000000,Pune,PUN-02|PUN-03|PUN-05|PUN-06|PUN-07|CS-01|CS-02|CS-03|CS-04,68.76856951,73.01358268,0.17810431,0.82908902,6040000.00000000
1.00000000,Pune,PUN-02|PUN-03|PUN-05|PUN-06|PUN-07|CS-01|CS-02|CS-03|CS-04,75.32416302,79.56917619,0.17810431,0.82908902,6040000.00000000
1.50000000,Pune,PUN-02|PUN-03|PUN-05|PUN-06|PUN-07|CS-01|CS-02|CS-03|CS-04,81.87975653,86.12476969,0.17810431,0.82908902,6040000.00000000
2.00000000,Pune,PUN-02|PUN-03|PUN-05|PUN-06|PUN-07|CS-01|CS-02|CS-03|CS-04,88.43535004,92.68036320,0.17810431,0.82908902,6040000.00000000
0.00000000,Pune,PUN-01|PUN-02|PUN-03|PUN-05|PUN-06|PUN-07|CS-01|CS-02|CS-03|CS-04,62.95698640,67.20199957,0.17086884,0.84013309,6040000.00000000
0.50000000,Pune,PUN-01|PUN-02|PUN-03|PUN-05|PUN-06|PUN-07|CS-01|CS-02|CS-03|CS-04,70.31463438,74.55964755,0.17086884,0.84013309,6040000.00000000
1.00000000,Pune,PUN-01|PUN-02|PUN-03|PUN-05|PUN-06|PUN-07|CS-01|CS-02|CS-03|CS-04,77.67228237,81.91729553,0.17086884,0.84013309,6040000.00000000
1.50000000,Pune,PUN-01|PUN-02|PUN-03|PUN-05|PUN-06|PUN-07|CS-01|CS-02|CS-03|CS-04,85.02993035,89.27494351,0.17086884,0.84013309,6040000.00000000
2.00000000,Pune,PUN-01|PUN-02|PUN-03|PUN-05|PUN-06|PUN-07|CS-01|CS-02|CS-03|CS-04,92.38757833,96.63259149,0.17086884,0.84013309,6040000.00000000
0.00000000,Pune,PUN-04|PUN-05|PUN-06|PUN-07|CS-01|CS-02|CS-03|CS-04,60.01308001,64.25809318,0.16662346,0.81717206,6040000.00000000
0.50000000,Pune,PUN-04|PUN-05|PUN-06|PUN-07|CS-01|CS-02|CS-03|CS-04,65.83493283,70.07994600,0.16662346,0.81717206,6040000.00000000
1.00000000,Pune,PUN-04|PUN-05|PUN-06|PUN-07|CS-01|CS-02|CS-03|CS-04,71.65678566,75.90179882,0.16662346,0.81717206,6040000.00000000
1.50000000,Pune,PUN-04|PUN-05|PUN-06|PUN-07|CS-01|CS-02|CS-03|CS-04,77.47863848,81.72365164,0.16662346,0.81717206,6040000.00000000
2.00000000,Pune,PUN-04|PUN-05|PUN-06|PUN-07|CS-01|CS-02|CS-03|CS-04,83.30049130,87.54550446,0.16662346,0.81717206,6040000.00000000
0.00000000,Pune,PUN-01|PUN-04|PUN-05|PUN-06|PUN-07|CS-01|CS-02|CS-03|CS-04,60.75708177,65.00209494,0.15938796,0.82821612,6040000.00000000
0.50000000,Pune,PUN-01|PUN-04|PUN-05|PUN-06|PUN-07|CS-01|CS-02|CS-03|CS-04,67.38098907,71.62600223,0.15938796,0.82821612,6040000.00000000
1.00000000,Pune,PUN-01|PUN-04|PUN-05|PUN-06|PUN-07|CS-01|CS-02|CS-03|CS-04,74.00489636,78.24990953,0.15938796,0.82821612,6040000.00000000
1.50000000,Pune,PUN-01|PUN-04|PUN-05|PUN-06|PUN-07|CS-01|CS-02|CS-03|CS-04,80.62880366,84.87381682,0.15938796,0.82821612,6040000.00000000
2.00000000,Pune,PUN-01|PUN-04|PUN-05|PUN-06|PUN-07|CS-01|CS-02|CS-03|CS-04,87.25271096,91.49772412,0.15938796,0.82821612,6040000.00000000
0.00000000,Pune,PUN-02|PUN-04|PUN-05|PUN-06|PUN-07|CS-01|CS-02|CS-03|CS-04,61.02465727,65.26967044,0.16531374,0.81862689,6040000.00000000
0.50000000,Pune,PUN-02|PUN-04|PUN-05|PUN-06|PUN-07|CS-01|CS-02|CS-03|CS-04,67.54735896,71.79237212,0.16531374,0.81862689,6040000.00000000
1.00000000,Pune,PUN-02|PUN-04|PUN-05|PUN-06|PUN-07|CS-01|CS-02|CS-03|CS-04,74.07006064,78.31507380,0.16531374,0.81862689,6040000.00000000
1.50000000,Pune,PUN-02|PUN-04|PUN-05|PUN-06|PUN-07|CS-01|CS-02|CS-03|CS-04,80.59276232,84.83777549,0.16531374,0.81862689,6040000.00000000
2.00000000,Pune,PUN-02|PUN-04|PUN-05|PUN-06|PUN-07|CS-01|CS-02|CS-03|CS-04,87.11546401,91.36047717,0.16531374,0.81862689,6040000.00000000
0.00000000,Pune,PUN-01|PUN-02|PUN-04|PUN-05|PUN-06|PUN-07|CS-01|CS-02|CS-03|CS-04,61.76866767,66.01368083,0.15807827,0.82967096,6040000.00000000
0.50000000,Pune,PUN-01|PUN-02|PUN-04|PUN-05|PUN-06|PUN-07|CS-01|CS-02|CS-03|CS-04,69.09342382,73.33843699,0.15807827,0.82967096,6040000.00000000
1.00000000,Pune,PUN-01|PUN-02|PUN-04|PUN-05|PUN-06|PUN-07|CS-01|CS-02|CS-03|CS-04,76.41817998,80.66319315,0.15807827,0.82967096,6040000.00000000
1.50000000,Pune,PUN-01|PUN-02|PUN-04|PUN-05|PUN-06|PUN-07|CS-01|CS-02|CS-03|CS-04,83.74293614,87.98794930,0.15807827,0.82967096,6040000.00000000
2.00000000,Pune,PUN-01|PUN-02|PUN-04|PUN-05|PUN-06|PUN-07|CS-01|CS-02|CS-03|CS-04,91.06769230,95.31270546,0.15807827,0.82967096,6040000.00000000
0.00000000,Pune,PUN-03|PUN-04|PUN-05|PUN-06|PUN-07|CS-01|CS-02|CS-03|CS-04,57.75070097,61.99571413,0.11046065,0.88095690,6040000.00000000
0.50000000,Pune,PUN-03|PUN-04|PUN-05|PUN-06|PUN-07|CS-01|CS-02|CS-03|CS-04,64.34045137,68.58546453,0.11046065,0.88095690,6040000.00000000
1.00000000,Pune,PUN-03|PUN-04|PUN-05|PUN-06|PUN-07|CS-01|CS-02|CS-03|CS-04,70.93020177,75.17521493,0.11046065,0.88095690,6040000.00000000
1.50000000,Pune,PUN-03|PUN-04|PUN-05|PUN-06|PUN-07|CS-01|CS-02|CS-03|CS-04,77.51995217,81.76496533,0.11046065,0.88095690,6040000.00000000
2.00000000,Pune,PUN-03|PUN-04|PUN-05|PUN-06|PUN-07|CS-01|CS-02|CS-03|CS-04,84.10970257,88.35471574,0.11046065,0.88095690,6040000.00000000
0.00000000,Pune,PUN-01|PUN-03|PUN-04|PUN-05|PUN-06|PUN-07|CS-01|CS-02|CS-03|CS-04,58.49470273,62.73971589,0.10322516,0.89200096,6040000.00000000
0.50000000,Pune,PUN-01|PUN-03|PUN-04|PUN-05|PUN-06|PUN-07|CS-01|CS-02|CS-03|CS-04,65.88650760,70.13152076,0.10322516,0.89200096,6040000.00000000
1.00000000,Pune,PUN-01|PUN-03|PUN-04|PUN-05|PUN-06|PUN-07|CS-01|CS-02|CS-03|CS-04,73.27831248,77.52332564,0.10322516,0.89200096,6040000.00000000
1.50000000,Pune,PUN-01|PUN-03|PUN-04|PUN-05|PUN-06|PUN-07|CS-01|CS-02|CS-03|CS-04,80.67011735,84.91513052,0.10322516,0.89200096,6040000.00000000
2.00000000,Pune,PUN-01|PUN-03|PUN-04|PUN-05|PUN-06|PUN-07|CS-01|CS-02|CS-03|CS-04,88.06192223,92.30693539,0.10322516,0.89200096,6040000.00000000
0.00000000,Pune,PUN-02|PUN-03|PUN-04|PUN-05|PUN-06|PUN-07|CS-01|CS-02|CS-03|CS-04,58.79251205,63.03752522,0.10969889,0.88241173,6040000.00000000
0.50000000,Pune,PUN-02|PUN-03|PUN-04|PUN-05|PUN-06|PUN-07|CS-01|CS-02|CS-03|CS-04,66.08311132,70.32812448,0.10969889,0.88241173,6040000.00000000
1.00000000,Pune,PUN-02|PUN-03|PUN-04|PUN-05|PUN-06|PUN-07|CS-01|CS-02|CS-03|CS-04,73.37371058,77.61872374,0.10969889,0.88241173,6040000.00000000
1.50000000,Pune,PUN-02|PUN-03|PUN-04|PUN-05|PUN-06|PUN-07|CS-01|CS-02|CS-03|CS-04,80.66430984,84.90932301,0.10969889,0.88241173,6040000.00000000
2.00000000,Pune,PUN-02|PUN-03|PUN-04|PUN-05|PUN-06|PUN-07|CS-01|CS-02|CS-03|CS-04,87.95490911,92.19992227,0.10969889,0.88241173,6040000.00000000
0.00000000,Pune,PUN-01|PUN-02|PUN-03|PUN-04|PUN-05|PUN-06|PUN-07|CS-01|CS-02|CS-03|CS-04,59.53652245,63.78153561,0.10246344,0.89345579,6040000.00000000
0.50000000,Pune,PUN-01|PUN-02|PUN-03|PUN-04|PUN-05|PUN-06|PUN-07|CS-01|CS-02|CS-03|CS-04,67.62917619,71.87418935,0.10246344,0.89345579,6040000.00000000
1.00000000,Pune,PUN-01|PUN-02|PUN-03|PUN-04|PUN-05|PUN-06|PUN-07|CS-01|CS-02|CS-03|CS-04,75.72182992,79.96684309,0.10246344,0.89345579,6040000.00000000
1.50000000,Pune,PUN-01|PUN-02|PUN-03|PUN-04|PUN-05|PUN-06|PUN-07|CS-01|CS-02|CS-03|CS-04,83.81448366,88.05949683,0.10246344,0.89345579,6040000.00000000
2.00000000,Pune,PUN-01|PUN-02|PUN-03|PUN-04|PUN-05|PUN-06|PUN-07|CS-01|CS-02|CS-03|CS-04,91.90713740,96.15215056,0.10246344,0.89345579,6040000.00000000
0.00000000,Pune,PUN-01|PUN-03|PUN-05|PUN-06|CS-01|CS-05,57.50042353,59.58076111,0.17115334,0.85716093,2960000.00000000
0.50000000,Pune,PUN-01|PUN-03|PUN-05|PUN-06|CS-01|CS-05,61.96865129,64.04898887,0.17115334,0.85716093,2960000.00000000
1.00000000,Pune,PUN-01|PUN-03|PUN-05|PUN-06|CS-01|CS-05,66.43687906,68.51721664,0.17115334,0.85716093,2960000.00000000
1.50000000,Pune,PUN-01|PUN-03|PUN-05|PUN-06|CS-01|CS-05,70.90510682,72.98544440,0.17115334,0.85716093,2960000.00000000
2.00000000,Pune,PUN-01|PUN-03|PUN-05|PUN-06|CS-01|CS-05,75.37333458,77.45367216,0.17115334,0.85716093,2960000.00000000
0.00000000,Pune,PUN-02|PUN-03|PUN-05|PUN-06|CS-01|CS-05,58.32934919,60.40968677,0.18607989,0.82843119,2960000.00000000
0.50000000,Pune,PUN-02|PUN-03|PUN-05|PUN-06|CS-01|CS-05,62.69637134,64.77670892,0.18607989,0.82843119,2960000.00000000
1.00000000,Pune,PUN-02|PUN-03|PUN-05|PUN-06|CS-01|CS-05,67.06339349,69.14373107,0.18607989,0.82843119,2960000.00000000
1.50000000,Pune,PUN-02|PUN-03|PUN-05|PUN-06|CS-01|CS-05,71.43041564,73.51075322,0.18607989,0.82843119,2960000.00000000
2.00000000,Pune,PUN-02|PUN-03|PUN-05|PUN-06|CS-01|CS-05,75.79743779,77.87777537,0.18607989,0.82843119,2960000.00000000
0.00000000,Pune,PUN-01|PUN-02|PUN-03|PUN-05|PUN-06|CS-01|CS-05,58.48333714,60.56367472,0.16983415,0.86186699,2960000.00000000
0.50000000,Pune,PUN-01|PUN-02|PUN-03|PUN-05|PUN-06|CS-01|CS-05,63.65241377,65.73275135,0.16983415,0.86186699,2960000.00000000
1.00000000,Pune,PUN-01|PUN-02|PUN-03|PUN-05|PUN-06|CS-01|CS-05,68.82149040,70.90182797,0.16983415,0.86186699,2960000.00000000
1.50000000,Pune,PUN-01|PUN-02|PUN-03|PUN-05|PUN-06|CS-01|CS-05,73.99056702,76.07090460,0.16983415,0.86186699,2960000.00000000
2.00000000,Pune,PUN-01|PUN-02|PUN-03|PUN-05|PUN-06|CS-01|CS-05,79.15964365,81.23998122,0.16983415,0.86186699,2960000.00000000
0.00000000,Pune,PUN-01|PUN-03|PUN-04|PUN-05|PUN-06|CS-01|CS-05,58.57445745,60.65479502,0.17101814,0.85712298,2960000.00000000
0.50000000,Pune,PUN-01|PUN-03|PUN-04|PUN-05|PUN-06|CS-01|CS-05,63.77769097,65.85802854,0.17101814,0.85712298,2960000.00000000
1.00000000,Pune,PUN-01|PUN-03|PUN-04|PUN-05|PUN-06|CS-01|CS-05,68.98092449,71.06126206,0.17101814,0.85712298,2960000.00000000
1.50000000,Pune,PUN-01|PUN-03|PUN-04|PUN-05|PUN-06|CS-01|CS-05,74.18415801,76.26449558,0.17101814,0.85712298,2960000.00000000
2.00000000,Pune,PUN-01|PUN-03|PUN-04|PUN-05|PUN-06|CS-01|CS-05,79.38739153,81.46772910,0.17101814,0.85712298,2960000.00000000
0.00000000,Pune,PUN-02|PUN-03|PUN-04|PUN-05|PUN-06|CS-01|CS-05,59.40338311,61.48372068,0.18594468,0.82839323,2960000.00000000
0.50000000,Pune,PUN-02|PUN-03|PUN-04|PUN-05|PUN-06|CS-01|CS-05,64.50541101,66.58574859,0.18594468,0.82839323,2960000.00000000
1.00000000,Pune,PUN-02|PUN-03|PUN-04|PUN-05|PUN-06|CS-01|CS-05,69.60743892,71.68777650,0.18594468,0.82839323,2960000.00000000
1.50000000,Pune,PUN-02|PUN-03|PUN-04|PUN-05|PUN-06|CS-01|CS-05,74.70946683,76.78980440,0.18594468,0.82839323,2960000.00000000
2.00000000,Pune,PUN-02|PUN-03|PUN-04|PUN-05|PUN-06|CS-01|CS-05,79.81149474,81.89183231,0.18594468,0.82839323,2960000.00000000
0.00000000,Pune,PUN-01|PUN-02|PUN-03|PUN-04|PUN-05|PUN-06|CS-01|CS-05,59.55737106,61.63770864,0.16969895,0.86182904,2960000.00000000
0.50000000,Pune,PUN-01|PUN-02|PUN-03|PUN-04|PUN-05|PUN-06|CS-01|CS-05,65.46145344,67.54179102,0.16969895,0.86182904,2960000.00000000
1.00000000,Pune,PUN-01|PUN-02|PUN-03|PUN-04|PUN-05|PUN-06|CS-01|CS-05,71.36553582,73.44587340,0.16969895,0.86182904,2960000.00000000
1.50000000,Pune,PUN-01|PUN-02|PUN-03|PUN-04|PUN-05|PUN-06|CS-01|CS-05,77.26961820,79.34995578,0.16969895,0.86182904,2960000.00000000
2.00000000,Pune,PUN-01|PUN-02|PUN-03|PUN-04|PUN-05|PUN-06|CS-01|CS-05,83.17370059,85.25403816,0.16969895,0.86182904,2960000.00000000
0.00000000,Pune,PUN-01|PUN-03|PUN-05|PUN-06|PUN-07|CS-01|CS-05,56.92390077,59.00423835,0.15085685,0.86863512,2960000.00000000
0.50000000,Pune,PUN-01|PUN-03|PUN-05|PUN-06|PUN-07|CS-01|CS-05,62.11068838,64.19102596,0.15085685,0.86863512,2960000.00000000
1.00000000,Pune,PUN-01|PUN-03|PUN-05|PUN-06|PUN-07|CS-01|CS-05,67.29747599,69.37781356,0.15085685,0.86863512,2960000.00000000
1.50000000,Pune,PUN-01|PUN-03|PUN-05|PUN-06|PUN-07|CS-01|CS-05,72.48426359,74.56460117,0.15085685,0.86863512,2960000.00000000
2.00000000,Pune,PUN-01|PUN-03|PUN-05|PUN-06|PUN-07|CS-01|CS-05,77.67105120,79.75138878,0.15085685,0.86863512,2960000.00000000
0.00000000,Pune,PUN-02|PUN-03|PUN-05|PUN-06|PUN-07|CS-01|CS-05,57.75282643,59.83316401,0.16578339,0.83990537,2960000.00000000
0.50000000,Pune,PUN-02|PUN-03|PUN-05|PUN-06|PUN-07|CS-01|CS-05,62.83840842,64.91874600,0.16578339,0.83990537,2960000.00000000
1.00000000,Pune,PUN-02|PUN-03|PUN-05|PUN-06|PUN-07|CS-01|CS-05,67.92399042,70.00432800,0.16578339,0.83990537,2960000.00000000
1.50000000,Pune,PUN-02|PUN-03|PUN-05|PUN-06|PUN-07|CS-01|CS-05,73.00957242,75.08990999,0.16578339,0.83990537,2960000.00000000
2.00000000,Pune,PUN-02|PUN-03|PUN-05|PUN-06|PUN-07|CS-01|CS-05,78.09515441,80.17549199,0.16578339,0.83990537,2960000.00000000
0.00000000,Pune,PUN-01|PUN-02|PUN-03|PUN-05|PUN-06|PUN-07|CS-01|CS-05,57.90681438,59.98715196,0.14953767,0.87334118,2960000.00000000
0.50000000,Pune,PUN-01|PUN-02|PUN-03|PUN-05|PUN-06|PUN-07|CS-01|CS-05,63.79445085,65.87478843,0.14953767,0.87334118,2960000.00000000
1.00000000,Pune,PUN-01|PUN-02|PUN-03|PUN-05|PUN-06|PUN-07|CS-01|CS-05,69.68208732,71.76242490,0.14953767,0.87334118,2960000.00000000
1.50000000,Pune,PUN-01|PUN-02|PUN-03|PUN-05|PUN-06|PUN-07|CS-01|CS-05,75.56972379,77.65006137,0.14953767,0.87334118,2960000.00000000
2.00000000,Pune,PUN-01|PUN-02|PUN-03|PUN-05|PUN-06|PUN-07|CS-01|CS-05,81.45736026,83.53769784,0.14953767,0.87334118,2960000.00000000
0.00000000,Pune,PUN-01|PUN-03|PUN-04|PUN-05|PUN-06|PUN-07|CS-01|CS-05,57.99793469,60.07827227,0.15072164,0.86859716,2960000.00000000
0.50000000,Pune,PUN-01|PUN-03|PUN-04|PUN-05|PUN-06|PUN-07|CS-01|CS-05,63.91972805,66.00006563,0.15072164,0.86859716,2960000.00000000
1.00000000,Pune,PUN-01|PUN-03|PUN-04|PUN-05|PUN-06|PUN-07|CS-01|CS-05,69.84152142,71.92185899,0.15072164,0.86859716,2960000.00000000
1.50000000,Pune,PUN-01|PUN-03|PUN-04|PUN-05|PUN-06|PUN-07|CS-01|CS-05,75.76331478,77.84365236,0.15072164,0.86859716,2960000.00000000
2.00000000,Pune,PUN-01|PUN-03|PUN-04|PUN-05|PUN-06|PUN-07|CS-01|CS-05,81.68510814,83.76544572,0.15072164,0.86859716,2960000.00000000
0.00000000,Pune,PUN-02|PUN-03|PUN-04|PUN-05|PUN-06|PUN-07|CS-01|CS-05,58.82686035,60.90719792,0.16564819,0.83986742,2960000.00000000
0.50000000,Pune,PUN-02|PUN-03|PUN-04|PUN-05|PUN-06|PUN-07|CS-01|CS-05,64.64744810,66.72778567,0.16564819,0.83986742,2960000.00000000
1.00000000,Pune,PUN-02|PUN-03|PUN-04|PUN-05|PUN-06|PUN-07|CS-01|CS-05,70.46803585,72.54837343,0.16564819,0.83986742,2960000.00000000
1.50000000,Pune,PUN-02|PUN-03|PUN-04|PUN-05|PUN-06|PUN-07|CS-01|CS-05,76.28862360,78.36896118,0.16564819,0.83986742,2960000.00000000
2.00000000,Pune,PUN-02|PUN-03|PUN-04|PUN-05|PUN-06|PUN-07|CS-01|CS-05,82.10921135,84.18954893,0.16564819,0.83986742,2960000.00000000
0.00000000,Pune,PUN-01|PUN-02|PUN-03|PUN-04|PUN-05|PUN-06|PUN-07|CS-01|CS-05,58.98084830,61.06118588,0.14940245,0.87330322,2960000.00000000
0.50000000,Pune,PUN-01|PUN-02|PUN-03|PUN-04|PUN-05|PUN-06|PUN-07|CS-01|CS-05,65.60349053,67.68382810,0.14940245,0.87330322,2960000.00000000
1.00000000,Pune,PUN-01|PUN-02|PUN-03|PUN-04|PUN-05|PUN-06|PUN-07|CS-01|CS-05,72.22613275,74.30647033,0.14940245,0.87330322,2960000.00000000
1.50000000,Pune,PUN-01|PUN-02|PUN-03|PUN-04|PUN-05|PUN-06|PUN-07|CS-01|CS-05,78.84877498,80.92911255,0.14940245,0.87330322,2960000.00000000
2.00000000,Pune,PUN-01|PUN-02|PUN-03|PUN-04|PUN-05|PUN-06|PUN-07|CS-01|CS-05,85.47141720,87.55175478,0.14940245,0.87330322,2960000.00000000
0.00000000,Pune,PUN-01|PUN-03|PUN-05|PUN-06|PUN-07|CS-02|CS-05,58.91506557,60.87592430,0.18444361,0.82967096,2790000.00000000
0.50000000,Pune,PUN-01|PUN-03|PUN-05|PUN-06|PUN-07|CS-02|CS-05,64.10185318,66.06271191,0.18444361,0.82967096,2790000.00000000
1.00000000,Pune,PUN-01|PUN-03|PUN-05|PUN-06|PUN-07|CS-02|CS-05,69.28864079,71.24949952,0.18444361,0.82967096,2790000.00000000
1.50000000,Pune,PUN-01|PUN-03|PUN-05|PUN-06|PUN-07|CS-02|CS-05,74.47542839,76.43628712,0.18444361,0.82967096,2790000.00000000
2.00000000,Pune,PUN-01|PUN-03|PUN-05|PUN-06|PUN-07|CS-02|CS-05,79.66221600,81.62307473,0.18444361,0.82967096,2790000.00000000
0.00000000,Pune,PUN-02|PUN-03|PUN-05|PUN-06|PUN-07|CS-02|CS-05,59.74399123,61.70484996,0.19937016,0.80094121,2790000.00000000
0.50000000,Pune,PUN-02|PUN-03|PUN-05|PUN-06|PUN-07|CS-02|CS-05,64.82957322,66.79043195,0.19937016,0.80094121,2790000.00000000
1.00000000,Pune,PUN-02|PUN-03|PUN-05|PUN-06|PUN-07|CS-02|CS-05,69.91515522,71.87601395,0.19937016,0.80094121,2790000.00000000
1.50000000,Pune,PUN-02|PUN-03|PUN-05|PUN-06|PUN-07|CS-02|CS-05,75.00073722,76.96159595,0.19937016,0.80094121,2790000.00000000
2.00000000,Pune,PUN-02|PUN-03|PUN-05|PUN-06|PUN-07|CS-02|CS-05,80.08631921,82.04717794,0.19937016,0.80094121,2790000.00000000
0.00000000,Pune,PUN-01|PUN-02|PUN-03|PUN-05|PUN-06|PUN-07|CS-02|CS-05,59.89797918,61.85883791,0.18312442,0.83437702,2790000.00000000
0.50000000,Pune,PUN-01|PUN-02|PUN-03|PUN-05|PUN-06|PUN-07|CS-02|CS-05,65.78561565,67.74647438,0.18312442,0.83437702,2790000.00000000
1.00000000,Pune,PUN-01|PUN-02|PUN-03|PUN-05|PUN-06|PUN-07|CS-02|CS-05,71.67325212,73.63411085,0.18312442,0.83437702,2790000.00000000
1.50000000,Pune,PUN-01|PUN-02|PUN-03|PUN-05|PUN-06|PUN-07|CS-02|CS-05,77.56088859,79.52174732,0.18312442,0.83437702,2790000.00000000
2.00000000,Pune,PUN-01|PUN-02|PUN-03|PUN-05|PUN-06|PUN-07|CS-02|CS-05,83.44852506,85.40938379,0.18312442,0.83437702,2790000.00000000
0.00000000,Pune,PUN-01|PUN-03|PUN-04|PUN-05|PUN-06|PUN-07|CS-02|CS-05,59.98909949,61.94995822,0.18430841,0.82963300,2790000.00000000
0.50000000,Pune,PUN-01|PUN-03|PUN-04|PUN-05|PUN-06|PUN-07|CS-02|CS-05,65.91089285,67.87175158,0.18430841,0.82963300,2790000.00000000
1.00000000,Pune,PUN-01|PUN-03|PUN-04|PUN-05|PUN-06|PUN-07|CS-02|CS-05,71.83268621,73.79354494,0.18430841,0.82963300,2790000.00000000
1.50000000,Pune,PUN-01|PUN-03|PUN-04|PUN-05|PUN-06|PUN-07|CS-02|CS-05,77.75447958,79.71533831,0.18430841,0.82963300,2790000.00000000
2.00000000,Pune,PUN-01|PUN-03|PUN-04|PUN-05|PUN-06|PUN-07|CS-02|CS-05,83.67627294,85.63713167,0.18430841,0.82963300,2790000.00000000
0.00000000,Pune,PUN-02|PUN-03|PUN-04|PUN-05|PUN-06|PUN-07|CS-02|CS-05,60.81802515,62.77888388,0.19923496,0.80090326,2790000.00000000
0.50000000,Pune,PUN-02|PUN-03|PUN-04|PUN-05|PUN-06|PUN-07|CS-02|CS-05,66.63861290,68.59947163,0.19923496,0.80090326,2790000.00000000
1.00000000,Pune,PUN-02|PUN-03|PUN-04|PUN-05|PUN-06|PUN-07|CS-02|CS-05,72.45920065,74.42005938,0.19923496,0.80090326,2790000.00000000
1.50000000,Pune,PUN-02|PUN-03|PUN-04|PUN-05|PUN-06|PUN-07|CS-02|CS-05,78.27978840,80.24064713,0.19923496,0.80090326,2790000.00000000
2.00000000,Pune,PUN-02|PUN-03|PUN-04|PUN-05|PUN-06|PUN-07|CS-02|CS-05,84.10037615,86.06123488,0.19923496,0.80090326,2790000.00000000
0.00000000,Pune,PUN-01|PUN-02|PUN-03|PUN-04|PUN-05|PUN-06|PUN-07|CS-02|CS-05,60.97201310,62.93287183,0.18298922,0.83433906,2790000.00000000
0.50000000,Pune,PUN-01|PUN-02|PUN-03|PUN-04|PUN-05|PUN-06|PUN-07|CS-02|CS-05,67.59465533,69.55551406,0.18298922,0.83433906,2790000.00000000
1.00000000,Pune,PUN-01|PUN-02|PUN-03|PUN-04|PUN-05|PUN-06|PUN-07|CS-02|CS-05,74.21729755,76.17815628,0.18298922,0.83433906,2790000.00000000
1.50000000,Pune,PUN-01|PUN-02|PUN-03|PUN-04|PUN-05|PUN-06|PUN-07|CS-02|CS-05,80.83993978,82.80079851,0.18298922,0.83433906,2790000.00000000
2.00000000,Pune,PUN-01|PUN-02|PUN-03|PUN-04|PUN-05|PUN-06|PUN-07|CS-02|CS-05,87.46258200,89.42344073,0.18298922,0.83433906,2790000.00000000
0.00000000,Pune,PUN-01|PUN-03|PUN-05|PUN-06|CS-01|CS-02|CS-05,58.36077778,61.48128415,0.15929909,0.85798323,4440000.00000000
0.50000000,Pune,PUN-01|PUN-03|PUN-05|PUN-06|CS-01|CS-02|CS-05,63.56401130,66.68451767,0.15929909,0.85798323,4440000.00000000
1.00000000,Pune,PUN-01|PUN-03|PUN-05|PUN-06|CS-01|CS-02|CS-05,68.76724482,71.88775119,0.15929909,0.85798323,4440000.00000000
1.50000000,Pune,PUN-01|PUN-03|PUN-05|PUN-06|CS-01|CS-02|CS-05,73.97047834,77.09098470,0.15929909,0.85798323,4440000.00000000
2.00000000,Pune,PUN-01|PUN-03|PUN-05|PUN-06|CS-01|CS-02|CS-05,79.17371186,82.29421822,0.15929909,0.85798323,4440000.00000000
0.00000000,Pune,PUN-02|PUN-03|PUN-05|PUN-06|CS-01|CS-02|CS-05,59.18970344,62.31020980,0.17422564,0.82925348,4440000.00000000
0.50000000,Pune,PUN-02|PUN-03|PUN-05|PUN-06|CS-01|CS-02|CS-05,64.29173135,67.41223771,0.17422564,0.82925348,4440000.00000000
1.00000000,Pune,PUN-02|PUN-03|PUN-05|PUN-06|CS-01|CS-02|CS-05,69.39375925,72.51426562,0.17422564,0.82925348,4440000.00000000
1.50000000,Pune,PUN-02|PUN-03|PUN-05|PUN-06|CS-01|CS-02|CS-05,74.49578716,77.61629353,0.17422564,0.82925348,4440000.00000000
2.00000000,Pune,PUN-02|PUN-03|PUN-05|PUN-06|CS-01|CS-02|CS-05,79.59781507,82.71832143,0.17422564,0.82925348,4440000.00000000
0.00000000,Pune,PUN-01|PUN-02|PUN-03|PUN-05|PUN-06|CS-01|CS-02|CS-05,59.34369139,62.46419776,0.15797991,0.86268929,4440000.00000000
0.50000000,Pune,PUN-01|PUN-02|PUN-03|PUN-05|PUN-06|CS-01|CS-02|CS-05,65.24777378,68.36828014,0.15797991,0.86268929,4440000.00000000
1.00000000,Pune,PUN-01|PUN-02|PUN-03|PUN-05|PUN-06|CS-01|CS-02|CS-05,71.15185616,74.27236252,0.15797991,0.86268929,4440000.00000000
1.50000000,Pune,PUN-01|PUN-02|PUN-03|PUN-05|PUN-06|CS-01|CS-02|CS-05,77.05593854,80.17644490,0.15797991,0.86268929,4440000.00000000
2.00000000,Pune,PUN-01|PUN-02|PUN-03|PUN-05|PUN-06|CS-01|CS-02|CS-05,82.96002092,86.08052729,0.15797991,0.86268929,4440000.00000000
0.00000000,Pune,PUN-01|PUN-03|PUN-04|PUN-05|PUN-06|CS-01|CS-02|CS-05,59.43481170,62.55531806,0.15916389,0.85794527,4440000.00000000
0.50000000,Pune,PUN-01|PUN-03|PUN-04|PUN-05|PUN-06|CS-01|CS-02|CS-05,65.37305097,68.49355734,0.15916389,0.85794527,4440000.00000000
1.00000000,Pune,PUN-01|PUN-03|PUN-04|PUN-05|PUN-06|CS-01|CS-02|CS-05,71.31129025,74.43179661,0.15916389,0.85794527,4440000.00000000
1.50000000,Pune,PUN-01|PUN-03|PUN-04|PUN-05|PUN-06|CS-01|CS-02|CS-05,77.24952952,80.37003589,0.15916389,0.85794527,4440000.00000000
2.00000000,Pune,PUN-01|PUN-03|PUN-04|PUN-05|PUN-06|CS-01|CS-02|CS-05,83.18776880,86.30827516,0.15916389,0.85794527,4440000.00000000
0.00000000,Pune,PUN-02|PUN-03|PUN-04|PUN-05|PUN-06|CS-01|CS-02|CS-05,60.26373736,63.38424372,0.17409043,0.82921553,4440000.00000000
0.50000000,Pune,PUN-02|PUN-03|PUN-04|PUN-05|PUN-06|CS-01|CS-02|CS-05,66.10077102,69.22127738,0.17409043,0.82921553,4440000.00000000
1.00000000,Pune,PUN-02|PUN-03|PUN-04|PUN-05|PUN-06|CS-01|CS-02|CS-05,71.93780468,75.05831105,0.17409043,0.82921553,4440000.00000000
1.50000000,Pune,PUN-02|PUN-03|PUN-04|PUN-05|PUN-06|CS-01|CS-02|CS-05,77.77483835,80.89534471,0.17409043,0.82921553,4440000.00000000
2.00000000,Pune,PUN-02|PUN-03|PUN-04|PUN-05|PUN-06|CS-01|CS-02|CS-05,83.61187201,86.73237838,0.17409043,0.82921553,4440000.00000000
0.00000000,Pune,PUN-01|PUN-02|PUN-03|PUN-04|PUN-05|PUN-06|CS-01|CS-02|CS-05,60.41772531,63.53823168,0.15784471,0.86265133,4440000.00000000
0.50000000,Pune,PUN-01|PUN-02|PUN-03|PUN-04|PUN-05|PUN-06|CS-01|CS-02|CS-05,67.05681345,70.17731981,0.15784471,0.86265133,4440000.00000000
1.00000000,Pune,PUN-01|PUN-02|PUN-03|PUN-04|PUN-05|PUN-06|CS-01|CS-02|CS-05,73.69590159,76.81640795,0.15784471,0.86265133,4440000.00000000
1.50000000,Pune,PUN-01|PUN-02|PUN-03|PUN-04|PUN-05|PUN-06|CS-01|CS-02|CS-05,80.33498972,83.45549609,0.15784471,0.86265133,4440000.00000000
2.00000000,Pune,PUN-01|PUN-02|PUN-03|PUN-04|PUN-05|PUN-06|CS-01|CS-02|CS-05,86.97407786,90.09458423,0.15784471,0.86265133,4440000.00000000
0.00000000,Pune,PUN-01|PUN-05|PUN-06|PUN-07|CS-01|CS-02|CS-05,60.10942691,63.22993327,0.19630188,0.80507799,4440000.00000000
0.50000000,Pune,PUN-01|PUN-05|PUN-06|PUN-07|CS-01|CS-02|CS-05,65.26332269,68.38382906,0.19630188,0.80507799,4440000.00000000
1.00000000,Pune,PUN-01|PUN-05|PUN-06|PUN-07|CS-01|CS-02|CS-05,70.41721847,73.53772484,0.19630188,0.80507799,4440000.00000000
1.50000000,Pune,PUN-01|PUN-05|PUN-06|PUN-07|CS-01|CS-02|CS-05,75.57111426,78.69162062,0.19630188,0.80507799,4440000.00000000
2.00000000,Pune,PUN-01|PUN-05|PUN-06|PUN-07|CS-01|CS-02|CS-05,80.72501004,83.84551641,0.19630188,0.80507799,4440000.00000000
0.00000000,Pune,PUN-01|PUN-02|PUN-05|PUN-06|PUN-07|CS-01|CS-02|CS-05,61.05760052,64.17810689,0.19436100,0.80978405,4440000.00000000
0.50000000,Pune,PUN-01|PUN-02|PUN-05|PUN-06|PUN-07|CS-01|CS-02|CS-05,66.91234517,70.03285153,0.19436100,0.80978405,4440000.00000000
1.00000000,Pune,PUN-01|PUN-02|PUN-05|PUN-06|PUN-07|CS-01|CS-02|CS-05,72.76708981,75.88759618,0.19436100,0.80978405,4440000.00000000
1.50000000,Pune,PUN-01|PUN-02|PUN-05|PUN-06|PUN-07|CS-01|CS-02|CS-05,78.62183446,81.74234082,0.19436100,0.80978405,4440000.00000000
2.00000000,Pune,PUN-01|PUN-02|PUN-05|PUN-06|PUN-07|CS-01|CS-02|CS-05,84.47657910,87.59708547,0.19436100,0.80978405,4440000.00000000
0.00000000,Pune,PUN-01|PUN-03|PUN-05|PUN-06|PUN-07|CS-01|CS-02|CS-05,57.84254169,60.96304806,0.14006536,0.86886283,4440000.00000000
0.50000000,Pune,PUN-01|PUN-03|PUN-05|PUN-06|PUN-07|CS-01|CS-02|CS-05,63.76433505,66.88484142,0.14006536,0.86886283,4440000.00000000
1.00000000,Pune,PUN-01|PUN-03|PUN-05|PUN-06|PUN-07|CS-01|CS-02|CS-05,69.68612842,72.80663478,0.14006536,0.86886283,4440000.00000000
1.50000000,Pune,PUN-01|PUN-03|PUN-05|PUN-06|PUN-07|CS-01|CS-02|CS-05,75.60792178,78.72842815,0.14006536,0.86886283,4440000.00000000
2.00000000,Pune,PUN-01|PUN-03|PUN-05|PUN-06|PUN-07|CS-01|CS-02|CS-05,81.52971514,84.65022151,0.14006536,0.86886283,4440000.00000000
0.00000000,Pune,PUN-02|PUN-03|PUN-05|PUN-06|PUN-07|CS-01|CS-02|CS-05,58.67146735,61.79197371,0.15499191,0.84013309,4440000.00000000
0.50000000,Pune,PUN-02|PUN-03|PUN-05|PUN-06|PUN-07|CS-01|CS-02|CS-05,64.49205510,67.61256147,0.15499191,0.84013309,4440000.00000000
1.00000000,Pune,PUN-02|PUN-03|PUN-05|PUN-06|PUN-07|CS-01|CS-02|CS-05,70.31264285,73.43314922,0.15499191,0.84013309,4440000.00000000
1.50000000,Pune,PUN-02|PUN-03|PUN-05|PUN-06|PUN-07|CS-01|CS-02|CS-05,76.13323060,79.25373697,0.15499191,0.84013309,4440000.00000000
2.00000000,Pune,PUN-02|PUN-03|PUN-05|PUN-06|PUN-07|CS-01|CS-02|CS-05,81.95381835,85.07432472,0.15499191,0.84013309,4440000.00000000
0.00000000,Pune,PUN-01|PUN-02|PUN-03|PUN-05|PUN-06|PUN-07|CS-01|CS-02|CS-05,58.82545530,61.94596167,0.13874617,0.87356889,4440000.00000000
0.50000000,Pune,PUN-01|PUN-02|PUN-03|PUN-05|PUN-06|PUN-07|CS-01|CS-02|CS-05,65.44809753,68.56860389,0.13874617,0.87356889,4440000.00000000
1.00000000,Pune,PUN-01|PUN-02|PUN-03|PUN-05|PUN-06|PUN-07|CS-01|CS-02|CS-05,72.07073975,75.19124612,0.13874617,0.87356889,4440000.00000000
1.50000000,Pune,PUN-01|PUN-02|PUN-03|PUN-05|PUN-06|PUN-07|CS-01|CS-02|CS-05,78.69338198,81.81388835,0.13874617,0.87356889,4440000.00000000
2.00000000,Pune,PUN-01|PUN-02|PUN-03|PUN-05|PUN-06|PUN-07|CS-01|CS-02|CS-05,85.31602421,88.43653057,0.13874617,0.87356889,4440000.00000000
0.00000000,Pune,PUN-01|PUN-04|PUN-05|PUN-06|PUN-07|CS-01|CS-02|CS-05,61.18346082,64.30396719,0.19616668,0.80504004,4440000.00000000
0.50000000,Pune,PUN-01|PUN-04|PUN-05|PUN-06|PUN-07|CS-01|CS-02|CS-05,67.07236236,70.19286873,0.19616668,0.80504004,4440000.00000000
1.00000000,Pune,PUN-01|PUN-04|PUN-05|PUN-06|PUN-07|CS-01|CS-02|CS-05,72.96126390,76.08177027,0.19616668,0.80504004,4440000.00000000
1.50000000,Pune,PUN-01|PUN-04|PUN-05|PUN-06|PUN-07|CS-01|CS-02|CS-05,78.85016544,81.97067181,0.19616668,0.80504004,4440000.00000000
2.00000000,Pune,PUN-01|PUN-04|PUN-05|PUN-06|PUN-07|CS-01|CS-02|CS-05,84.73906698,87.85957335,0.19616668,0.80504004,4440000.00000000
0.00000000,Pune,PUN-01|PUN-02|PUN-04|PUN-05|PUN-06|PUN-07|CS-01|CS-02|CS-05,62.13163444,65.25214080,0.19422582,0.80974610,4440000.00000000
0.50000000,Pune,PUN-01|PUN-02|PUN-04|PUN-05|PUN-06|PUN-07|CS-01|CS-02|CS-05,68.72138484,71.84189121,0.19422582,0.80974610,4440000.00000000
1.00000000,Pune,PUN-01|PUN-02|PUN-04|PUN-05|PUN-06|PUN-07|CS-01|CS-02|CS-05,75.31113524,78.43164161,0.19422582,0.80974610,4440000.00000000
1.50000000,Pune,PUN-01|PUN-02|PUN-04|PUN-05|PUN-06|PUN-07|CS-01|CS-02|CS-05,81.90088564,85.02139201,0.19422582,0.80974610,4440000.00000000
2.00000000,Pune,PUN-01|PUN-02|PUN-04|PUN-05|PUN-06|PUN-07|CS-01|CS-02|CS-05,88.49063605,91.61114241,0.19422582,0.80974610,4440000.00000000
0.00000000,Pune,PUN-01|PUN-03|PUN-04|PUN-05|PUN-06|PUN-07|CS-01|CS-02|CS-05,58.91657561,62.03708197,0.13993016,0.86882488,4440000.00000000
0.50000000,Pune,PUN-01|PUN-03|PUN-04|PUN-05|PUN-06|PUN-07|CS-01|CS-02|CS-05,65.57337473,68.69388109,0.13993016,0.86882488,4440000.00000000
1.00000000,Pune,PUN-01|PUN-03|PUN-04|PUN-05|PUN-06|PUN-07|CS-01|CS-02|CS-05,72.23017385,75.35068021,0.13993016,0.86882488,4440000.00000000
1.50000000,Pune,PUN-01|PUN-03|PUN-04|PUN-05|PUN-06|PUN-07|CS-01|CS-02|CS-05,78.88697297,82.00747933,0.13993016,0.86882488,4440000.00000000
2.00000000,Pune,PUN-01|PUN-03|PUN-04|PUN-05|PUN-06|PUN-07|CS-01|CS-02|CS-05,85.54377209,88.66427845,0.13993016,0.86882488,4440000.00000000
0.00000000,Pune,PUN-02|PUN-03|PUN-04|PUN-05|PUN-06|PUN-07|CS-01|CS-02|CS-05,59.74550126,62.86600763,0.15485671,0.84009513,4440000.00000000
0.50000000,Pune,PUN-02|PUN-03|PUN-04|PUN-05|PUN-06|PUN-07|CS-01|CS-02|CS-05,66.30109477,69.42160114,0.15485671,0.84009513,4440000.00000000
1.00000000,Pune,PUN-02|PUN-03|PUN-04|PUN-05|PUN-06|PUN-07|CS-01|CS-02|CS-05,72.85668828,75.97719465,0.15485671,0.84009513,4440000.00000000
1.50000000,Pune,PUN-02|PUN-03|PUN-04|PUN-05|PUN-06|PUN-07|CS-01|CS-02|CS-05,79.41228179,82.53278815,0.15485671,0.84009513,4440000.00000000
2.00000000,Pune,PUN-02|PUN-03|PUN-04|PUN-05|PUN-06|PUN-07|CS-01|CS-02|CS-05,85.96787530,89.08838166,0.15485671,0.84009513,4440000.00000000
0.00000000,Pune,PUN-01|PUN-02|PUN-03|PUN-04|PUN-05|PUN-06|PUN-07|CS-01|CS-02|CS-05,59.89948922,63.01999559,0.13861097,0.87353094,4440000.00000000
0.50000000,Pune,PUN-01|PUN-02|PUN-03|PUN-04|PUN-05|PUN-06|PUN-07|CS-01|CS-02|CS-05,67.25713720,70.37764357,0.13861097,0.87353094,4440000.00000000
1.00000000,Pune,PUN-01|PUN-02|PUN-03|PUN-04|PUN-05|PUN-06|PUN-07|CS-01|CS-02|CS-05,74.61478518,77.73529155,0.13861097,0.87353094,4440000.00000000
1.50000000,Pune,PUN-01|PUN-02|PUN-03|PUN-04|PUN-05|PUN-06|PUN-07|CS-01|CS-02|CS-05,81.97243316,85.09293953,0.13861097,0.87353094,4440000.00000000
2.00000000,Pune,PUN-01|PUN-02|PUN-03|PUN-04|PUN-05|PUN-06|PUN-07|CS-01|CS-02|CS-05,89.33008115,92.45058751,0.13861097,0.87353094,4440000.00000000
0.00000000,Pune,PUN-01|PUN-03|PUN-05|PUN-06|PUN-07|CS-03|CS-05,58.08162569,60.07059709,0.17682910,0.84056321,2830000.00000000
0.50000000,Pune,PUN-01|PUN-03|PUN-05|PUN-06|PUN-07|CS-03|CS-05,63.26841330,65.25738470,0.17682910,0.84056321,2830000.00000000
1.00000000,Pune,PUN-01|PUN-03|PUN-05|PUN-06|PUN-07|CS-03|CS-05,68.45520091,70.44417231,0.17682910,0.84056321,2830000.00000000
1.50000000,Pune,PUN-01|PUN-03|PUN-05|PUN-06|PUN-07|CS-03|CS-05,73.64198852,75.63095992,0.17682910,0.84056321,2830000.00000000
2.00000000,Pune,PUN-01|PUN-03|PUN-05|PUN-06|PUN-07|CS-03|CS-05,78.82877612,80.81774752,0.17682910,0.84056321,2830000.00000000
0.00000000,Pune,PUN-02|PUN-03|PUN-05|PUN-06|PUN-07|CS-03|CS-05,58.91055135,60.89952275,0.19175565,0.81183347,2830000.00000000
0.50000000,Pune,PUN-02|PUN-03|PUN-05|PUN-06|PUN-07|CS-03|CS-05,63.99613335,65.98510475,0.19175565,0.81183347,2830000.00000000
1.00000000,Pune,PUN-02|PUN-03|PUN-05|PUN-06|PUN-07|CS-03|CS-05,69.08171534,71.07068674,0.19175565,0.81183347,2830000.00000000
1.50000000,Pune,PUN-02|PUN-03|PUN-05|PUN-06|PUN-07|CS-03|CS-05,74.16729734,76.15626874,0.19175565,0.81183347,2830000.00000000
2.00000000,Pune,PUN-02|PUN-03|PUN-05|PUN-06|PUN-07|CS-03|CS-05,79.25287933,81.24185073,0.19175565,0.81183347,2830000.00000000
0.00000000,Pune,PUN-01|PUN-02|PUN-03|PUN-05|PUN-06|PUN-07|CS-03|CS-05,59.06453931,61.05351071,0.17550991,0.84526927,2830000.00000000
0.50000000,Pune,PUN-01|PUN-02|PUN-03|PUN-05|PUN-06|PUN-07|CS-03|CS-05,64.95217578,66.94114718,0.17550991,0.84526927,2830000.00000000
1.00000000,Pune,PUN-01|PUN-02|PUN-03|PUN-05|PUN-06|PUN-07|CS-03|CS-05,70.83981225,72.82878365,0.17550991,0.84526927,2830000.00000000
1.50000000,Pune,PUN-01|PUN-02|PUN-03|PUN-05|PUN-06|PUN-07|CS-03|CS-05,76.72744872,78.71642012,0.17550991,0.84526927,2830000.00000000
2.00000000,Pune,PUN-01|PUN-02|PUN-03|PUN-05|PUN-06|PUN-07|CS-03|CS-05,82.61508519,84.60405658,0.17550991,0.84526927,2830000.00000000
0.00000000,Pune,PUN-01|PUN-03|PUN-04|PUN-05|PUN-06|PUN-07|CS-03|CS-05,59.15565961,61.14463101,0.17669390,0.84052526,2830000.00000000
0.50000000,Pune,PUN-01|PUN-03|PUN-04|PUN-05|PUN-06|PUN-07|CS-03|CS-05,65.07745297,67.06642437,0.17669390,0.84052526,2830000.00000000
1.00000000,Pune,PUN-01|PUN-03|PUN-04|PUN-05|PUN-06|PUN-07|CS-03|CS-05,70.99924634,72.98821774,0.17669390,0.84052526,2830000.00000000
1.50000000,Pune,PUN-01|PUN-03|PUN-04|PUN-05|PUN-06|PUN-07|CS-03|CS-05,76.92103970,78.91001110,0.17669390,0.84052526,2830000.00000000
2.00000000,Pune,PUN-01|PUN-03|PUN-04|PUN-05|PUN-06|PUN-07|CS-03|CS-05,82.84283306,84.83180446,0.17669390,0.84052526,2830000.00000000
0.00000000,Pune,PUN-02|PUN-03|PUN-04|PUN-05|PUN-06|PUN-07|CS-03|CS-05,59.98458527,61.97355667,0.19162045,0.81179551,2830000.00000000
0.50000000,Pune,PUN-02|PUN-03|PUN-04|PUN-05|PUN-06|PUN-07|CS-03|CS-05,65.80517302,67.79414442,0.19162045,0.81179551,2830000.00000000
1.00000000,Pune,PUN-02|PUN-03|PUN-04|PUN-05|PUN-06|PUN-07|CS-03|CS-05,71.62576077,73.61473217,0.19162045,0.81179551,2830000.00000000
1.50000000,Pune,PUN-02|PUN-03|PUN-04|PUN-05|PUN-06|PUN-07|CS-03|CS-05,77.44634852,79.43531992,0.19162045,0.81179551,2830000.00000000
2.00000000,Pune,PUN-02|PUN-03|PUN-04|PUN-05|PUN-06|PUN-07|CS-03|CS-05,83.26693628,85.25590767,0.19162045,0.81179551,2830000.00000000
0.00000000,Pune,PUN-01|PUN-02|PUN-03|PUN-04|PUN-05|PUN-06|PUN-07|CS-03|CS-05,60.13857322,62.12754462,0.17537472,0.84523132,2830000.00000000
0.50000000,Pune,PUN-01|PUN-02|PUN-03|PUN-04|PUN-05|PUN-06|PUN-07|CS-03|CS-05,66.76121545,68.75018685,0.17537472,0.84523132,2830000.00000000
1.00000000,Pune,PUN-01|PUN-02|PUN-03|PUN-04|PUN-05|PUN-06|PUN-07|CS-03|CS-05,73.38385767,75.37282907,0.17537472,0.84523132,2830000.00000000
1.50000000,Pune,PUN-01|PUN-02|PUN-03|PUN-04|PUN-05|PUN-06|PUN-07|CS-03|CS-05,80.00649990,81.99547130,0.17537472,0.84523132,2830000.00000000
2.00000000,Pune,PUN-01|PUN-02|PUN-03|PUN-04|PUN-05|PUN-06|PUN-07|CS-03|CS-05,86.62914213,88.61811353,0.17537472,0.84523132,2830000.00000000
0.00000000,Pune,PUN-01|PUN-02|PUN-03|PUN-05|CS-01|CS-03|CS-05,61.14214978,64.29076881,0.20920344,0.81075816,4480000.00000000
0.50000000,Pune,PUN-01|PUN-02|PUN-03|PUN-05|CS-01|CS-03|CS-05,66.29478049,69.44339952,0.20920344,0.81075816,4480000.00000000
1.00000000,Pune,PUN-01|PUN-02|PUN-03|PUN-05|CS-01|CS-03|CS-05,71.44741120,74.59603024,0.20920344,0.81075816,4480000.00000000
1.50000000,Pune,PUN-01|PUN-02|PUN-03|PUN-05|CS-01|CS-03|CS-05,76.60004192,79.74866095,0.20920344,0.81075816,4480000.00000000
2.00000000,Pune,PUN-01|PUN-02|PUN-03|PUN-05|CS-01|CS-03|CS-05,81.75267263,84.90129166,0.20920344,0.81075816,4480000.00000000
0.00000000,Pune,PUN-01|PUN-02|PUN-03|PUN-04|PUN-05|CS-01|CS-03|CS-05,62.07610369,65.22472272,0.20728268,0.81072020,4480000.00000000
0.50000000,Pune,PUN-01|PUN-02|PUN-03|PUN-04|PUN-05|CS-01|CS-03|CS-05,67.96374016,71.11235919,0.20728268,0.81072020,4480000.00000000
1.00000000,Pune,PUN-01|PUN-02|PUN-03|PUN-04|PUN-05|CS-01|CS-03|CS-05,73.85137663,76.99999566,0.20728268,0.81072020,4480000.00000000
1.50000000,Pune,PUN-01|PUN-02|PUN-03|PUN-04|PUN-05|CS-01|CS-03|CS-05,79.73901310,82.88763213,0.20728268,0.81072020,4480000.00000000
2.00000000,Pune,PUN-01|PUN-02|PUN-03|PUN-04|PUN-05|CS-01|CS-03|CS-05,85.62664957,88.77526860,0.20728268,0.81072020,4480000.00000000
0.00000000,Pune,PUN-01|PUN-03|PUN-05|PUN-06|CS-01|CS-03|CS-05,56.10183977,59.25045880,0.12585670,0.90462636,4480000.00000000
0.50000000,Pune,PUN-01|PUN-03|PUN-05|PUN-06|CS-01|CS-03|CS-05,61.30507329,64.45369232,0.12585670,0.90462636,4480000.00000000
1.00000000,Pune,PUN-01|PUN-03|PUN-05|PUN-06|CS-01|CS-03|CS-05,66.50830681,69.65692584,0.12585670,0.90462636,4480000.00000000
1.50000000,Pune,PUN-01|PUN-03|PUN-05|PUN-06|CS-01|CS-03|CS-05,71.71154032,74.86015936,0.12585670,0.90462636,4480000.00000000
2.00000000,Pune,PUN-01|PUN-03|PUN-05|PUN-06|CS-01|CS-03|CS-05,76.91477384,80.06339288,0.12585670,0.90462636,4480000.00000000
0.00000000,Pune,PUN-02|PUN-03|PUN-05|PUN-06|CS-01|CS-03|CS-05,56.93076542,60.07938446,0.14078325,0.87589662,4480000.00000000
0.50000000,Pune,PUN-02|PUN-03|PUN-05|PUN-06|CS-01|CS-03|CS-05,62.03279333,65.18141237,0.14078325,0.87589662,4480000.00000000
1.00000000,Pune,PUN-02|PUN-03|PUN-05|PUN-06|CS-01|CS-03|CS-05,67.13482124,70.28344027,0.14078325,0.87589662,4480000.00000000
1.50000000,Pune,PUN-02|PUN-03|PUN-05|PUN-06|CS-01|CS-03|CS-05,72.23684915,75.38546818,0.14078325,0.87589662,4480000.00000000
2.00000000,Pune,PUN-02|PUN-03|PUN-05|PUN-06|CS-01|CS-03|CS-05,77.33887705,80.48749609,0.14078325,0.87589662,4480000.00000000
0.00000000,Pune,PUN-01|PUN-02|PUN-03|PUN-05|PUN-06|CS-01|CS-03|CS-05,57.08475338,60.23337241,0.12453752,0.90933242,4480000.00000000
0.50000000,Pune,PUN-01|PUN-02|PUN-03|PUN-05|PUN-06|CS-01|CS-03|CS-05,62.98883576,66.13745480,0.12453752,0.90933242,4480000.00000000
1.00000000,Pune,PUN-01|PUN-02|PUN-03|PUN-05|PUN-06|CS-01|CS-03|CS-05,68.89291814,72.04153718,0.12453752,0.90933242,4480000.00000000
1.50000000,Pune,PUN-01|PUN-02|PUN-03|PUN-05|PUN-06|CS-01|CS-03|CS-05,74.79700052,77.94561956,0.12453752,0.90933242,4480000.00000000
2.00000000,Pune,PUN-01|PUN-02|PUN-03|PUN-05|PUN-06|CS-01|CS-03|CS-05,80.70108290,83.84970194,0.12453752,0.90933242,4480000.00000000
0.00000000,Pune,PUN-01|PUN-03|PUN-04|PUN-05|PUN-06|CS-01|CS-03|CS-05,57.17587368,60.32449272,0.12572151,0.90458841,4480000.00000000
0.50000000,Pune,PUN-01|PUN-03|PUN-04|PUN-05|PUN-06|CS-01|CS-03|CS-05,63.11411296,66.26273199,0.12572151,0.90458841,4480000.00000000
1.00000000,Pune,PUN-01|PUN-03|PUN-04|PUN-05|PUN-06|CS-01|CS-03|CS-05,69.05235223,72.20097127,0.12572151,0.90458841,4480000.00000000
1.50000000,Pune,PUN-01|PUN-03|PUN-04|PUN-05|PUN-06|CS-01|CS-03|CS-05,74.99059151,78.13921054,0.12572151,0.90458841,4480000.00000000
2.00000000,Pune,PUN-01|PUN-03|PUN-04|PUN-05|PUN-06|CS-01|CS-03|CS-05,80.92883078,84.07744982,0.12572151,0.90458841,4480000.00000000
0.00000000,Pune,PUN-02|PUN-03|PUN-04|PUN-05|PUN-06|CS-01|CS-03|CS-05,58.00479934,61.15341838,0.14064805,0.87585867,4480000.00000000
0.50000000,Pune,PUN-02|PUN-03|PUN-04|PUN-05|PUN-06|CS-01|CS-03|CS-05,63.84183300,66.99045204,0.14064805,0.87585867,4480000.00000000
1.00000000,Pune,PUN-02|PUN-03|PUN-04|PUN-05|PUN-06|CS-01|CS-03|CS-05,69.67886667,72.82748570,0.14064805,0.87585867,4480000.00000000
1.50000000,Pune,PUN-02|PUN-03|PUN-04|PUN-05|PUN-06|CS-01|CS-03|CS-05,75.51590033,78.66451937,0.14064805,0.87585867,4480000.00000000
2.00000000,Pune,PUN-02|PUN-03|PUN-04|PUN-05|PUN-06|CS-01|CS-03|CS-05,81.35293399,84.50155303,0.14064805,0.87585867,4480000.00000000
0.00000000,Pune,PUN-01|PUN-02|PUN-03|PUN-04|PUN-05|PUN-06|CS-01|CS-03|CS-05,58.15878730,61.30740633,0.12440231,0.90929447,4480000.00000000
0.50000000,Pune,PUN-01|PUN-02|PUN-03|PUN-04|PUN-05|PUN-06|CS-01|CS-03|CS-05,64.79787543,67.94649447,0.12440231,0.90929447,4480000.00000000
1.00000000,Pune,PUN-01|PUN-02|PUN-03|PUN-04|PUN-05|PUN-06|CS-01|CS-03|CS-05,71.43696357,74.58558261,0.12440231,0.90929447,4480000.00000000
1.50000000,Pune,PUN-01|PUN-02|PUN-03|PUN-04|PUN-05|PUN-06|CS-01|CS-03|CS-05,78.07605171,81.22467074,0.12440231,0.90929447,4480000.00000000
2.00000000,Pune,PUN-01|PUN-02|PUN-03|PUN-04|PUN-05|PUN-06|CS-01|CS-03|CS-05,84.71513985,87.86375888,0.12440231,0.90929447,4480000.00000000
0.00000000,Pune,PUN-01|PUN-02|PUN-03|PUN-05|PUN-07|CS-01|CS-03|CS-05,60.56562702,63.71424605,0.18890695,0.82223234,4480000.00000000
0.50000000,Pune,PUN-01|PUN-02|PUN-03|PUN-05|PUN-07|CS-01|CS-03|CS-05,66.43681757,69.58543661,0.18890695,0.82223234,4480000.00000000
1.00000000,Pune,PUN-01|PUN-02|PUN-03|PUN-05|PUN-07|CS-01|CS-03|CS-05,72.30800813,75.45662717,0.18890695,0.82223234,4480000.00000000
1.50000000,Pune,PUN-01|PUN-02|PUN-03|PUN-05|PUN-07|CS-01|CS-03|CS-05,78.17919869,81.32781772,0.18890695,0.82223234,4480000.00000000
2.00000000,Pune,PUN-01|PUN-02|PUN-03|PUN-05|PUN-07|CS-01|CS-03|CS-05,84.05038925,87.19900828,0.18890695,0.82223234,4480000.00000000
0.00000000,Pune,PUN-01|PUN-02|PUN-03|PUN-04|PUN-05|PUN-07|CS-01|CS-03|CS-05,61.49958093,64.64819996,0.18698619,0.82219439,4480000.00000000
0.50000000,Pune,PUN-01|PUN-02|PUN-03|PUN-04|PUN-05|PUN-07|CS-01|CS-03|CS-05,68.10577724,71.25439628,0.18698619,0.82219439,4480000.00000000
1.00000000,Pune,PUN-01|PUN-02|PUN-03|PUN-04|PUN-05|PUN-07|CS-01|CS-03|CS-05,74.71197356,77.86059259,0.18698619,0.82219439,4480000.00000000
1.50000000,Pune,PUN-01|PUN-02|PUN-03|PUN-04|PUN-05|PUN-07|CS-01|CS-03|CS-05,81.31816987,84.46678890,0.18698619,0.82219439,4480000.00000000
2.00000000,Pune,PUN-01|PUN-02|PUN-03|PUN-04|PUN-05|PUN-07|CS-01|CS-03|CS-05,87.92436618,91.07298522,0.18698619,0.82219439,4480000.00000000
0.00000000,Pune,PUN-01|PUN-03|PUN-06|PUN-07|CS-01|CS-03|CS-05,60.59211760,63.74073664,0.19980654,0.81060635,4480000.00000000
0.50000000,Pune,PUN-01|PUN-03|PUN-06|PUN-07|CS-01|CS-03|CS-05,65.83709844,68.98571747,0.19980654,0.81060635,4480000.00000000
1.00000000,Pune,PUN-01|PUN-03|PUN-06|PUN-07|CS-01|CS-03|CS-05,71.08207927,74.23069831,0.19980654,0.81060635,4480000.00000000
1.50000000,Pune,PUN-01|PUN-03|PUN-06|PUN-07|CS-01|CS-03|CS-05,76.32706011,79.47567914,0.19980654,0.81060635,4480000.00000000
2.00000000,Pune,PUN-01|PUN-03|PUN-06|PUN-07|CS-01|CS-03|CS-05,81.57204094,84.72065998,0.19980654,0.81060635,4480000.00000000
0.00000000,Pune,PUN-01|PUN-02|PUN-03|PUN-06|PUN-07|CS-01|CS-03|CS-05,61.57503122,64.72365025,0.19848734,0.81531241,4480000.00000000
0.50000000,Pune,PUN-01|PUN-02|PUN-03|PUN-06|PUN-07|CS-01|CS-03|CS-05,67.52086091,70.66947995,0.19848734,0.81531241,4480000.00000000
1.00000000,Pune,PUN-01|PUN-02|PUN-03|PUN-06|PUN-07|CS-01|CS-03|CS-05,73.46669061,76.61530965,0.19848734,0.81531241,4480000.00000000
1.50000000,Pune,PUN-01|PUN-02|PUN-03|PUN-06|PUN-07|CS-01|CS-03|CS-05,79.41252031,82.56113934,0.19848734,0.81531241,4480000.00000000
2.00000000,Pune,PUN-01|PUN-02|PUN-03|PUN-06|PUN-07|CS-01|CS-03|CS-05,85.35835000,88.50696904,0.19848734,0.81531241,4480000.00000000
0.00000000,Pune,PUN-01|PUN-03|PUN-04|PUN-06|PUN-07|CS-01|CS-03|CS-05,61.34992777,64.49854680,0.19683176,0.81060635,4480000.00000000
0.50000000,Pune,PUN-01|PUN-03|PUN-04|PUN-06|PUN-07|CS-01|CS-03|CS-05,67.32991436,70.47853339,0.19683176,0.81060635,4480000.00000000
1.00000000,Pune,PUN-01|PUN-03|PUN-04|PUN-06|PUN-07|CS-01|CS-03|CS-05,73.30990095,76.45851998,0.19683176,0.81060635,4480000.00000000
1.50000000,Pune,PUN-01|PUN-03|PUN-04|PUN-06|PUN-07|CS-01|CS-03|CS-05,79.28988754,82.43850657,0.19683176,0.81060635,4480000.00000000
2.00000000,Pune,PUN-01|PUN-03|PUN-04|PUN-06|PUN-07|CS-01|CS-03|CS-05,85.26987413,88.41849317,0.19683176,0.81060635,4480000.00000000
0.00000000,Pune,PUN-01|PUN-02|PUN-03|PUN-04|PUN-06|PUN-07|CS-01|CS-03|CS-05,62.33284138,65.48146042,0.19551258,0.81531241,4480000.00000000
0.50000000,Pune,PUN-01|PUN-02|PUN-03|PUN-04|PUN-06|PUN-07|CS-01|CS-03|CS-05,69.01367683,72.16229587,0.19551258,0.81531241,4480000.00000000
1.00000000,Pune,PUN-01|PUN-02|PUN-03|PUN-04|PUN-06|PUN-07|CS-01|CS-03|CS-05,75.69451229,78.84313132,0.19551258,0.81531241,4480000.00000000
1.50000000,Pune,PUN-01|PUN-02|PUN-03|PUN-04|PUN-06|PUN-07|CS-01|CS-03|CS-05,82.37534774,85.52396677,0.19551258,0.81531241,4480000.00000000
2.00000000,Pune,PUN-01|PUN-02|PUN-03|PUN-04|PUN-06|PUN-07|CS-01|CS-03|CS-05,89.05618319,92.20480223,0.19551258,0.81531241,4480000.00000000
0.00000000,Pune,PUN-01|PUN-02|PUN-05|PUN-06|PUN-07|CS-01|CS-03|CS-05,60.82074144,63.96936048,0.19988801,0.79343935,4480000.00000000
0.50000000,Pune,PUN-01|PUN-02|PUN-05|PUN-06|PUN-07|CS-01|CS-03|CS-05,66.67548609,69.82410512,0.19988801,0.79343935,4480000.00000000
1.00000000,Pune,PUN-01|PUN-02|PUN-05|PUN-06|PUN-07|CS-01|CS-03|CS-05,72.53023073,75.67884977,0.19988801,0.79343935,4480000.00000000
1.50000000,Pune,PUN-01|PUN-02|PUN-05|PUN-06|PUN-07|CS-01|CS-03|CS-05,78.38497538,81.53359441,0.19988801,0.79343935,4480000.00000000
2.00000000,Pune,PUN-01|PUN-02|PUN-05|PUN-06|PUN-07|CS-01|CS-03|CS-05,84.23972002,87.38833906,0.19988801,0.79343935,4480000.00000000
0.00000000,Pune,PUN-03|PUN-05|PUN-06|PUN-07|CS-01|CS-03|CS-05,60.87443491,64.02305394,0.20161794,0.80481233,4480000.00000000
0.50000000,Pune,PUN-03|PUN-05|PUN-06|PUN-07|CS-01|CS-03|CS-05,65.99417379,69.14279283,0.20161794,0.80481233,4480000.00000000
1.00000000,Pune,PUN-03|PUN-05|PUN-06|PUN-07|CS-01|CS-03|CS-05,71.11391268,74.26253172,0.20161794,0.80481233,4480000.00000000
1.50000000,Pune,PUN-03|PUN-05|PUN-06|PUN-07|CS-01|CS-03|CS-05,76.23365157,79.38227061,0.20161794,0.80481233,4480000.00000000
2.00000000,Pune,PUN-03|PUN-05|PUN-06|PUN-07|CS-01|CS-03|CS-05,81.35339046,84.50200950,0.20161794,0.80481233,4480000.00000000
0.00000000,Pune,PUN-01|PUN-03|PUN-05|PUN-06|PUN-07|CS-01|CS-03|CS-05,55.52531701,58.67393604,0.10556022,0.91610055,4480000.00000000
0.50000000,Pune,PUN-01|PUN-03|PUN-05|PUN-06|PUN-07|CS-01|CS-03|CS-05,61.44711037,64.59572941,0.10556022,0.91610055,4480000.00000000
1.00000000,Pune,PUN-01|PUN-03|PUN-05|PUN-06|PUN-07|CS-01|CS-03|CS-05,67.36890373,70.51752277,0.10556022,0.91610055,4480000.00000000
1.50000000,Pune,PUN-01|PUN-03|PUN-05|PUN-06|PUN-07|CS-01|CS-03|CS-05,73.29069710,76.43931613,0.10556022,0.91610055,4480000.00000000
2.00000000,Pune,PUN-01|PUN-03|PUN-05|PUN-06|PUN-07|CS-01|CS-03|CS-05,79.21249046,82.36110950,0.10556022,0.91610055,4480000.00000000
0.00000000,Pune,PUN-02|PUN-03|PUN-05|PUN-06|PUN-07|CS-01|CS-03|CS-05,56.35424266,59.50286170,0.12048677,0.88737080,4480000.00000000
0.50000000,Pune,PUN-02|PUN-03|PUN-05|PUN-06|PUN-07|CS-01|CS-03|CS-05,62.17483042,65.32344945,0.12048677,0.88737080,4480000.00000000
1.00000000,Pune,PUN-02|PUN-03|PUN-05|PUN-06|PUN-07|CS-01|CS-03|CS-05,67.99541817,71.14403720,0.12048677,0.88737080,4480000.00000000
1.50000000,Pune,PUN-02|PUN-03|PUN-05|PUN-06|PUN-07|CS-01|CS-03|CS-05,73.81600592,76.96462495,0.12048677,0.88737080,4480000.00000000
2.00000000,Pune,PUN-02|PUN-03|PUN-05|PUN-06|PUN-07|CS-01|CS-03|CS-05,79.63659367,82.78521271,0.12048677,0.88737080,4480000.00000000
0.00000000,Pune,PUN-01|PUN-02|PUN-03|PUN-05|PUN-06|PUN-07|CS-01|CS-03|CS-05,56.50823062,59.65684965,0.10424104,0.92080661,4480000.00000000
0.50000000,Pune,PUN-01|PUN-02|PUN-03|PUN-05|PUN-06|PUN-07|CS-01|CS-03|CS-05,63.13087285,66.27949188,0.10424104,0.92080661,4480000.00000000
1.00000000,Pune,PUN-01|PUN-02|PUN-03|PUN-05|PUN-06|PUN-07|CS-01|CS-03|CS-05,69.75351507,72.90213411,0.10424104,0.92080661,4480000.00000000
1.50000000,Pune,PUN-01|PUN-02|PUN-03|PUN-05|PUN-06|PUN-07|CS-01|CS-03|CS-05,76.37615730,79.52477633,0.10424104,0.92080661,4480000.00000000
2.00000000,Pune,PUN-01|PUN-02|PUN-03|PUN-05|PUN-06|PUN-07|CS-01|CS-03|CS-05,82.99879952,86.14741856,0.10424104,0.92080661,4480000.00000000
0.00000000,Pune,PUN-01|PUN-02|PUN-04|PUN-05|PUN-06|PUN-07|CS-01|CS-03|CS-05,61.89477536,65.04339439,0.19975279,0.79340139,4480000.00000000
0.50000000,Pune,PUN-01|PUN-02|PUN-04|PUN-05|PUN-06|PUN-07|CS-01|CS-03|CS-05,68.48452576,71.63314479,0.19975279,0.79340139,4480000.00000000
1.00000000,Pune,PUN-01|PUN-02|PUN-04|PUN-05|PUN-06|PUN-07|CS-01|CS-03|CS-05,75.07427616,78.22289520,0.19975279,0.79340139,4480000.00000000
1.50000000,Pune,PUN-01|PUN-02|PUN-04|PUN-05|PUN-06|PUN-07|CS-01|CS-03|CS-05,81.66402656,84.81264560,0.19975279,0.79340139,4480000.00000000
2.00000000,Pune,PUN-01|PUN-02|PUN-04|PUN-05|PUN-06|PUN-07|CS-01|CS-03|CS-05,88.25377696,91.40239600,0.19975279,0.79340139,4480000.00000000
0.00000000,Pune,PUN-03|PUN-04|PUN-05|PUN-06|PUN-07|CS-01|CS-03|CS-05,61.94846882,65.09708786,0.20148273,0.80477437,4480000.00000000
0.50000000,Pune,PUN-03|PUN-04|PUN-05|PUN-06|PUN-07|CS-01|CS-03|CS-05,67.80321347,70.95183250,0.20148273,0.80477437,4480000.00000000
1.00000000,Pune,PUN-03|PUN-04|PUN-05|PUN-06|PUN-07|CS-01|CS-03|CS-05,73.65795811,76.80657715,0.20148273,0.80477437,4480000.00000000
1.50000000,Pune,PUN-03|PUN-04|PUN-05|PUN-06|PUN-07|CS-01|CS-03|CS-05,79.51270276,82.66132179,0.20148273,0.80477437,4480000.00000000
2.00000000,Pune,PUN-03|PUN-04|PUN-05|PUN-06|PUN-07|CS-01|CS-03|CS-05,85.36744740,88.51606644,0.20148273,0.80477437,4480000.00000000
0.00000000,Pune,PUN-01|PUN-03|PUN-04|PUN-05|PUN-06|PUN-07|CS-01|CS-03|CS-05,56.59935092,59.74796996,0.10542502,0.91606260,4480000.00000000
0.50000000,Pune,PUN-01|PUN-03|PUN-04|PUN-05|PUN-06|PUN-07|CS-01|CS-03|CS-05,63.25615004,66.40476908,0.10542502,0.91606260,4480000.00000000
1.00000000,Pune,PUN-01|PUN-03|PUN-04|PUN-05|PUN-06|PUN-07|CS-01|CS-03|CS-05,69.91294916,73.06156820,0.10542502,0.91606260,4480000.00000000
1.50000000,Pune,PUN-01|PUN-03|PUN-04|PUN-05|PUN-06|PUN-07|CS-01|CS-03|CS-05,76.56974828,79.71836732,0.10542502,0.91606260,4480000.00000000
2.00000000,Pune,PUN-01|PUN-03|PUN-04|PUN-05|PUN-06|PUN-07|CS-01|CS-03|CS-05,83.22654740,86.37516644,0.10542502,0.91606260,4480000.00000000
0.00000000,Pune,PUN-02|PUN-03|PUN-04|PUN-05|PUN-06|PUN-07|CS-01|CS-03|CS-05,57.42827658,60.57689562,0.12035156,0.88733285,4480000.00000000
0.50000000,Pune,PUN-02|PUN-03|PUN-04|PUN-05|PUN-06|PUN-07|CS-01|CS-03|CS-05,63.98387009,67.13248912,0.12035156,0.88733285,4480000.00000000
1.00000000,Pune,PUN-02|PUN-03|PUN-04|PUN-05|PUN-06|PUN-07|CS-01|CS-03|CS-05,70.53946360,73.68808263,0.12035156,0.88733285,4480000.00000000
1.50000000,Pune,PUN-02|PUN-03|PUN-04|PUN-05|PUN-06|PUN-07|CS-01|CS-03|CS-05,77.09505710,80.24367614,0.12035156,0.88733285,4480000.00000000
2.00000000,Pune,PUN-02|PUN-03|PUN-04|PUN-05|PUN-06|PUN-07|CS-01|CS-03|CS-05,83.65065061,86.79926965,0.12035156,0.88733285,4480000.00000000
0.00000000,Pune,PUN-01|PUN-02|PUN-03|PUN-04|PUN-05|PUN-06|PUN-07|CS-01|CS-03|CS-05,57.58226454,60.73088357,0.10410584,0.92076866,4480000.00000000
0.50000000,Pune,PUN-01|PUN-02|PUN-03|PUN-04|PUN-05|PUN-06|PUN-07|CS-01|CS-03|CS-05,64.93991252,68.08853155,0.10410584,0.92076866,4480000.00000000
1.00000000,Pune,PUN-01|PUN-02|PUN-03|PUN-04|PUN-05|PUN-06|PUN-07|CS-01|CS-03|CS-05,72.29756050,75.44617953,0.10410584,0.92076866,4480000.00000000
1.50000000,Pune,PUN-01|PUN-02|PUN-03|PUN-04|PUN-05|PUN-06|PUN-07|CS-01|CS-03|CS-05,79.65520848,82.80382752,0.10410584,0.92076866,4480000.00000000
2.00000000,Pune,PUN-01|PUN-02|PUN-03|PUN-04|PUN-05|PUN-06|PUN-07|CS-01|CS-03|CS-05,87.01285646,90.16147550,0.10410584,0.92076866,4480000.00000000
0.00000000,Pune,PUN-01|PUN-03|PUN-05|PUN-06|CS-02|CS-03|CS-05,59.10523810,62.13437829,0.17720172,0.84086683,4310000.00000000
0.50000000,Pune,PUN-01|PUN-03|PUN-05|PUN-06|CS-02|CS-03|CS-05,64.30847162,67.33761181,0.17720172,0.84086683,4310000.00000000
1.00000000,Pune,PUN-01|PUN-03|PUN-05|PUN-06|CS-02|CS-03|CS-05,69.51170514,72.54084533,0.17720172,0.84086683,4310000.00000000
1.50000000,Pune,PUN-01|PUN-03|PUN-05|PUN-06|CS-02|CS-03|CS-05,74.71493866,77.74407885,0.17720172,0.84086683,4310000.00000000
2.00000000,Pune,PUN-01|PUN-03|PUN-05|PUN-06|CS-02|CS-03|CS-05,79.91817218,82.94731237,0.17720172,0.84086683,4310000.00000000
0.00000000,Pune,PUN-02|PUN-03|PUN-05|PUN-06|CS-02|CS-03|CS-05,59.93416376,62.96330395,0.19212827,0.81213708,4310000.00000000
0.50000000,Pune,PUN-02|PUN-03|PUN-05|PUN-06|CS-02|CS-03|CS-05,65.03619167,68.06533185,0.19212827,0.81213708,4310000.00000000
1.00000000,Pune,PUN-02|PUN-03|PUN-05|PUN-06|CS-02|CS-03|CS-05,70.13821957,73.16735976,0.19212827,0.81213708,4310000.00000000
1.50000000,Pune,PUN-02|PUN-03|PUN-05|PUN-06|CS-02|CS-03|CS-05,75.24024748,78.26938767,0.19212827,0.81213708,4310000.00000000
2.00000000,Pune,PUN-02|PUN-03|PUN-05|PUN-06|CS-02|CS-03|CS-05,80.34227539,83.37141558,0.19212827,0.81213708,4310000.00000000
0.00000000,Pune,PUN-01|PUN-02|PUN-03|PUN-05|PUN-06|CS-02|CS-03|CS-05,60.08815171,63.11729190,0.17588253,0.84557289,4310000.00000000
0.50000000,Pune,PUN-01|PUN-02|PUN-03|PUN-05|PUN-06|CS-02|CS-03|CS-05,65.99223409,69.02137428,0.17588253,0.84557289,4310000.00000000
1.00000000,Pune,PUN-01|PUN-02|PUN-03|PUN-05|PUN-06|CS-02|CS-03|CS-05,71.89631648,74.92545666,0.17588253,0.84557289,4310000.00000000
1.50000000,Pune,PUN-01|PUN-02|PUN-03|PUN-05|PUN-06|CS-02|CS-03|CS-05,77.80039886,80.82953905,0.17588253,0.84557289,4310000.00000000
2.00000000,Pune,PUN-01|PUN-02|PUN-03|PUN-05|PUN-06|CS-02|CS-03|CS-05,83.70448124,86.73362143,0.17588253,0.84557289,4310000.00000000
0.00000000,Pune,PUN-01|PUN-03|PUN-04|PUN-05|PUN-06|CS-02|CS-03|CS-05,60.17927202,63.20841220,0.17706652,0.84082887,4310000.00000000
0.50000000,Pune,PUN-01|PUN-03|PUN-04|PUN-05|PUN-06|CS-02|CS-03|CS-05,66.11751129,69.14665148,0.17706652,0.84082887,4310000.00000000
1.00000000,Pune,PUN-01|PUN-03|PUN-04|PUN-05|PUN-06|CS-02|CS-03|CS-05,72.05575057,75.08489076,0.17706652,0.84082887,4310000.00000000
1.50000000,Pune,PUN-01|PUN-03|PUN-04|PUN-05|PUN-06|CS-02|CS-03|CS-05,77.99398984,81.02313003,0.17706652,0.84082887,4310000.00000000
2.00000000,Pune,PUN-01|PUN-03|PUN-04|PUN-05|PUN-06|CS-02|CS-03|CS-05,83.93222912,86.96136931,0.17706652,0.84082887,4310000.00000000
0.00000000,Pune,PUN-02|PUN-03|PUN-04|PUN-05|PUN-06|CS-02|CS-03|CS-05,61.00819767,64.03733786,0.19199307,0.81209913,4310000.00000000
0.50000000,Pune,PUN-02|PUN-03|PUN-04|PUN-05|PUN-06|CS-02|CS-03|CS-05,66.84523134,69.87437153,0.19199307,0.81209913,4310000.00000000
1.00000000,Pune,PUN-02|PUN-03|PUN-04|PUN-05|PUN-06|CS-02|CS-03|CS-05,72.68226500,75.71140519,0.19199307,0.81209913,4310000.00000000
1.50000000,Pune,PUN-02|PUN-03|PUN-04|PUN-05|PUN-06|CS-02|CS-03|CS-05,78.51929867,81.54843885,0.19199307,0.81209913,4310000.00000000
2.00000000,Pune,PUN-02|PUN-03|PUN-04|PUN-05|PUN-06|CS-02|CS-03|CS-05,84.35633233,87.38547252,0.19199307,0.81209913,4310000.00000000
0.00000000,Pune,PUN-01|PUN-02|PUN-03|PUN-04|PUN-05|PUN-06|CS-02|CS-03|CS-05,61.16218563,64.19132582,0.17574732,0.84553493,4310000.00000000
0.50000000,Pune,PUN-01|PUN-02|PUN-03|PUN-04|PUN-05|PUN-06|CS-02|CS-03|CS-05,67.80127377,70.83041396,0.17574732,0.84553493,4310000.00000000
1.00000000,Pune,PUN-01|PUN-02|PUN-03|PUN-04|PUN-05|PUN-06|CS-02|CS-03|CS-05,74.44036190,77.46950209,0.17574732,0.84553493,4310000.00000000
1.50000000,Pune,PUN-01|PUN-02|PUN-03|PUN-04|PUN-05|PUN-06|CS-02|CS-03|CS-05,81.07945004,84.10859023,0.17574732,0.84553493,4310000.00000000
2.00000000,Pune,PUN-01|PUN-02|PUN-03|PUN-04|PUN-05|PUN-06|CS-02|CS-03|CS-05,87.71853818,90.74767837,0.17574732,0.84553493,4310000.00000000
0.00000000,Pune,PUN-01|PUN-05|PUN-06|PUN-07|CS-02|CS-03|CS-05,59.78336702,62.81250721,0.19538350,0.81335155,4310000.00000000
0.50000000,Pune,PUN-01|PUN-05|PUN-06|PUN-07|CS-02|CS-03|CS-05,64.93726281,67.96640299,0.19538350,0.81335155,4310000.00000000
1.00000000,Pune,PUN-01|PUN-05|PUN-06|PUN-07|CS-02|CS-03|CS-05,70.09115859,73.12029878,0.19538350,0.81335155,4310000.00000000
1.50000000,Pune,PUN-01|PUN-05|PUN-06|PUN-07|CS-02|CS-03|CS-05,75.24505437,78.27419456,0.19538350,0.81335155,4310000.00000000
2.00000000,Pune,PUN-01|PUN-05|PUN-06|PUN-07|CS-02|CS-03|CS-05,80.39895016,83.42809034,0.19538350,0.81335155,4310000.00000000
0.00000000,Pune,PUN-01|PUN-02|PUN-05|PUN-06|PUN-07|CS-02|CS-03|CS-05,60.73154064,63.76068083,0.19344261,0.81805761,4310000.00000000
0.50000000,Pune,PUN-01|PUN-02|PUN-05|PUN-06|PUN-07|CS-02|CS-03|CS-05,66.58628528,69.61542547,0.19344261,0.81805761,4310000.00000000
1.00000000,Pune,PUN-01|PUN-02|PUN-05|PUN-06|PUN-07|CS-02|CS-03|CS-05,72.44102993,75.47017012,0.19344261,0.81805761,4310000.00000000
1.50000000,Pune,PUN-01|PUN-02|PUN-05|PUN-06|PUN-07|CS-02|CS-03|CS-05,78.29577457,81.32491476,0.19344261,0.81805761,4310000.00000000
2.00000000,Pune,PUN-01|PUN-02|PUN-05|PUN-06|PUN-07|CS-02|CS-03|CS-05,84.15051922,87.17965941,0.19344261,0.81805761,4310000.00000000
0.00000000,Pune,PUN-01|PUN-03|PUN-05|PUN-06|PUN-07|CS-02|CS-03|CS-05,57.51648181,60.54562199,0.13914698,0.87713639,4310000.00000000
0.50000000,Pune,PUN-01|PUN-03|PUN-05|PUN-06|PUN-07|CS-02|CS-03|CS-05,63.43827517,66.46741536,0.13914698,0.87713639,4310000.00000000
1.00000000,Pune,PUN-01|PUN-03|PUN-05|PUN-06|PUN-07|CS-02|CS-03|CS-05,69.36006853,72.38920872,0.13914698,0.87713639,4310000.00000000
1.50000000,Pune,PUN-01|PUN-03|PUN-05|PUN-06|PUN-07|CS-02|CS-03|CS-05,75.28186190,78.31100209,0.13914698,0.87713639,4310000.00000000
2.00000000,Pune,PUN-01|PUN-03|PUN-05|PUN-06|PUN-07|CS-02|CS-03|CS-05,81.20365526,84.23279545,0.13914698,0.87713639,4310000.00000000
0.00000000,Pune,PUN-02|PUN-03|PUN-05|PUN-06|PUN-07|CS-02|CS-03|CS-05,58.34540746,61.37454765,0.15407352,0.84840664,4310000.00000000
0.50000000,Pune,PUN-02|PUN-03|PUN-05|PUN-06|PUN-07|CS-02|CS-03|CS-05,64.16599522,67.19513540,0.15407352,0.84840664,4310000.00000000
1.00000000,Pune,PUN-02|PUN-03|PUN-05|PUN-06|PUN-07|CS-02|CS-03|CS-05,69.98658297,73.01572316,0.15407352,0.84840664,4310000.00000000
1.50000000,Pune,PUN-02|PUN-03|PUN-05|PUN-06|PUN-07|CS-02|CS-03|CS-05,75.80717072,78.83631091,0.15407352,0.84840664,4310000.00000000
2.00000000,Pune,PUN-02|PUN-03|PUN-05|PUN-06|PUN-07|CS-02|CS-03|CS-05,81.62775847,84.65689866,0.15407352,0.84840664,4310000.00000000
0.00000000,Pune,PUN-01|PUN-02|PUN-03|PUN-05|PUN-06|PUN-07|CS-02|CS-03|CS-05,58.49939542,61.52853561,0.13782780,0.88184245,4310000.00000000
0.50000000,Pune,PUN-01|PUN-02|PUN-03|PUN-05|PUN-06|PUN-07|CS-02|CS-03|CS-05,65.12203765,68.15117783,0.13782780,0.88184245,4310000.00000000
1.00000000,Pune,PUN-01|PUN-02|PUN-03|PUN-05|PUN-06|PUN-07|CS-02|CS-03|CS-05,71.74467987,74.77382006,0.13782780,0.88184245,4310000.00000000
1.50000000,Pune,PUN-01|PUN-02|PUN-03|PUN-05|PUN-06|PUN-07|CS-02|CS-03|CS-05,78.36732210,81.39646228,0.13782780,0.88184245,4310000.00000000
2.00000000,Pune,PUN-01|PUN-02|PUN-03|PUN-05|PUN-06|PUN-07|CS-02|CS-03|CS-05,84.98996432,88.01910451,0.13782780,0.88184245,4310000.00000000
0.00000000,Pune,PUN-01|PUN-04|PUN-05|PUN-06|PUN-07|CS-02|CS-03|CS-05,60.85740094,63.88654113,0.19524829,0.81331360,4310000.00000000
0.50000000,Pune,PUN-01|PUN-04|PUN-05|PUN-06|PUN-07|CS-02|CS-03|CS-05,66.74630248,69.77544267,0.19524829,0.81331360,4310000.00000000
1.00000000,Pune,PUN-01|PUN-04|PUN-05|PUN-06|PUN-07|CS-02|CS-03|CS-05,72.63520402,75.66434421,0.19524829,0.81331360,4310000.00000000
1.50000000,Pune,PUN-01|PUN-04|PUN-05|PUN-06|PUN-07|CS-02|CS-03|CS-05,78.52410556,81.55324575,0.19524829,0.81331360,4310000.00000000
2.00000000,Pune,PUN-01|PUN-04|PUN-05|PUN-06|PUN-07|CS-02|CS-03|CS-05,84.41300710,87.44214729,0.19524829,0.81331360,4310000.00000000
0.00000000,Pune,PUN-01|PUN-02|PUN-04|PUN-05|PUN-06|PUN-07|CS-02|CS-03|CS-05,61.80557455,64.83471474,0.19330741,0.81801966,4310000.00000000
0.50000000,Pune,PUN-01|PUN-02|PUN-04|PUN-05|PUN-06|PUN-07|CS-02|CS-03|CS-05,68.39532496,71.42446514,0.19330741,0.81801966,4310000.00000000
1.00000000,Pune,PUN-01|PUN-02|PUN-04|PUN-05|PUN-06|PUN-07|CS-02|CS-03|CS-05,74.98507536,78.01421555,0.19330741,0.81801966,4310000.00000000
1.50000000,Pune,PUN-01|PUN-02|PUN-04|PUN-05|PUN-06|PUN-07|CS-02|CS-03|CS-05,81.57482576,84.60396595,0.19330741,0.81801966,4310000.00000000
2.00000000,Pune,PUN-01|PUN-02|PUN-04|PUN-05|PUN-06|PUN-07|CS-02|CS-03|CS-05,88.16457616,91.19371635,0.19330741,0.81801966,4310000.00000000
0.00000000,Pune,PUN-01|PUN-03|PUN-04|PUN-05|PUN-06|PUN-07|CS-02|CS-03|CS-05,58.59051572,61.61965591,0.13901179,0.87709844,4310000.00000000
0.50000000,Pune,PUN-01|PUN-03|PUN-04|PUN-05|PUN-06|PUN-07|CS-02|CS-03|CS-05,65.24731484,68.27645503,0.13901179,0.87709844,4310000.00000000
1.00000000,Pune,PUN-01|PUN-03|PUN-04|PUN-05|PUN-06|PUN-07|CS-02|CS-03|CS-05,71.90411396,74.93325415,0.13901179,0.87709844,4310000.00000000
1.50000000,Pune,PUN-01|PUN-03|PUN-04|PUN-05|PUN-06|PUN-07|CS-02|CS-03|CS-05,78.56091308,81.59005327,0.13901179,0.87709844,4310000.00000000
2.00000000,Pune,PUN-01|PUN-03|PUN-04|PUN-05|PUN-06|PUN-07|CS-02|CS-03|CS-05,85.21771220,88.24685239,0.13901179,0.87709844,4310000.00000000
0.00000000,Pune,PUN-02|PUN-03|PUN-04|PUN-05|PUN-06|PUN-07|CS-02|CS-03|CS-05,59.41944138,62.44858157,0.15393834,0.84836869,4310000.00000000
0.50000000,Pune,PUN-02|PUN-03|PUN-04|PUN-05|PUN-06|PUN-07|CS-02|CS-03|CS-05,65.97503489,69.00417508,0.15393834,0.84836869,4310000.00000000
1.00000000,Pune,PUN-02|PUN-03|PUN-04|PUN-05|PUN-06|PUN-07|CS-02|CS-03|CS-05,72.53062840,75.55976858,0.15393834,0.84836869,4310000.00000000
1.50000000,Pune,PUN-02|PUN-03|PUN-04|PUN-05|PUN-06|PUN-07|CS-02|CS-03|CS-05,79.08622190,82.11536209,0.15393834,0.84836869,4310000.00000000
2.00000000,Pune,PUN-02|PUN-03|PUN-04|PUN-05|PUN-06|PUN-07|CS-02|CS-03|CS-05,85.64181541,88.67095560,0.15393834,0.84836869,4310000.00000000
0.00000000,Pune,PUN-01|PUN-02|PUN-03|PUN-04|PUN-05|PUN-06|PUN-07|CS-02|CS-03|CS-05,59.57342934,62.60256952,0.13769259,0.88180450,4310000.00000000
0.50000000,Pune,PUN-01|PUN-02|PUN-03|PUN-04|PUN-05|PUN-06|PUN-07|CS-02|CS-03|CS-05,66.93107732,69.96021751,0.13769259,0.88180450,4310000.00000000
1.00000000,Pune,PUN-01|PUN-02|PUN-03|PUN-04|PUN-05|PUN-06|PUN-07|CS-02|CS-03|CS-05,74.28872530,77.31786549,0.13769259,0.88180450,4310000.00000000
1.50000000,Pune,PUN-01|PUN-02|PUN-03|PUN-04|PUN-05|PUN-06|PUN-07|CS-02|CS-03|CS-05,81.64637328,84.67551347,0.13769259,0.88180450,4310000.00000000
2.00000000,Pune,PUN-01|PUN-02|PUN-03|PUN-04|PUN-05|PUN-06|PUN-07|CS-02|CS-03|CS-05,89.00402126,92.03316145,0.13769259,0.88180450,4310000.00000000
0.00000000,Pune,PUN-01|PUN-02|PUN-03|PUN-05|CS-01|CS-02|CS-03|CS-05,62.00250403,66.19129185,0.19734919,0.81158045,5960000.00000000
0.50000000,Pune,PUN-01|PUN-02|PUN-03|PUN-05|CS-01|CS-02|CS-03|CS-05,67.89014050,72.07892832,0.19734919,0.81158045,5960000.00000000
1.00000000,Pune,PUN-01|PUN-02|PUN-03|PUN-05|CS-01|CS-02|CS-03|CS-05,73.77777696,77.96656479,0.19734919,0.81158045,5960000.00000000
1.50000000,Pune,PUN-01|PUN-02|PUN-03|PUN-05|CS-01|CS-02|CS-03|CS-05,79.66541343,83.85420126,0.19734919,0.81158045,5960000.00000000
2.00000000,Pune,PUN-01|PUN-02|PUN-03|PUN-05|CS-01|CS-02|CS-03|CS-05,85.55304990,89.74183773,0.19734919,0.81158045,5960000.00000000
0.00000000,Pune,PUN-01|PUN-02|PUN-03|PUN-04|PUN-05|CS-01|CS-02|CS-03|CS-05,62.93645794,67.12524576,0.19542843,0.81154250,5960000.00000000
0.50000000,Pune,PUN-01|PUN-02|PUN-03|PUN-04|PUN-05|CS-01|CS-02|CS-03|CS-05,69.55910016,73.74788799,0.19542843,0.81154250,5960000.00000000
1.00000000,Pune,PUN-01|PUN-02|PUN-03|PUN-04|PUN-05|CS-01|CS-02|CS-03|CS-05,76.18174239,80.37053021,0.19542843,0.81154250,5960000.00000000
1.50000000,Pune,PUN-01|PUN-02|PUN-03|PUN-04|PUN-05|CS-01|CS-02|CS-03|CS-05,82.80438461,86.99317244,0.19542843,0.81154250,5960000.00000000
2.00000000,Pune,PUN-01|PUN-02|PUN-03|PUN-04|PUN-05|CS-01|CS-02|CS-03|CS-05,89.42702684,93.61581466,0.19542843,0.81154250,5960000.00000000
0.00000000,Pune,PUN-01|PUN-03|PUN-06|CS-01|CS-02|CS-03|CS-05,62.02899461,66.21778244,0.20824878,0.79995446,5960000.00000000
0.50000000,Pune,PUN-01|PUN-03|PUN-06|CS-01|CS-02|CS-03|CS-05,67.29042136,71.47920918,0.20824878,0.79995446,5960000.00000000
1.00000000,Pune,PUN-01|PUN-03|PUN-06|CS-01|CS-02|CS-03|CS-05,72.55184811,76.74063593,0.20824878,0.79995446,5960000.00000000
1.50000000,Pune,PUN-01|PUN-03|PUN-06|CS-01|CS-02|CS-03|CS-05,77.81327485,82.00206268,0.20824878,0.79995446,5960000.00000000
2.00000000,Pune,PUN-01|PUN-03|PUN-06|CS-01|CS-02|CS-03|CS-05,83.07470160,87.26348942,0.20824878,0.79995446,5960000.00000000
0.00000000,Pune,PUN-01|PUN-02|PUN-03|PUN-06|CS-01|CS-02|CS-03|CS-05,63.01190823,67.20069605,0.20692959,0.80466052,5960000.00000000
0.50000000,Pune,PUN-01|PUN-02|PUN-03|PUN-06|CS-01|CS-02|CS-03|CS-05,68.97418384,73.16297166,0.20692959,0.80466052,5960000.00000000
1.00000000,Pune,PUN-01|PUN-02|PUN-03|PUN-06|CS-01|CS-02|CS-03|CS-05,74.93645944,79.12524727,0.20692959,0.80466052,5960000.00000000
1.50000000,Pune,PUN-01|PUN-02|PUN-03|PUN-06|CS-01|CS-02|CS-03|CS-05,80.89873505,85.08752288,0.20692959,0.80466052,5960000.00000000
2.00000000,Pune,PUN-01|PUN-02|PUN-03|PUN-06|CS-01|CS-02|CS-03|CS-05,86.86101066,91.04979848,0.20692959,0.80466052,5960000.00000000
0.00000000,Pune,PUN-01|PUN-03|PUN-04|PUN-06|CS-01|CS-02|CS-03|CS-05,62.78680478,66.97559260,0.20527402,0.79995446,5960000.00000000
0.50000000,Pune,PUN-01|PUN-03|PUN-04|PUN-06|CS-01|CS-02|CS-03|CS-05,68.78323728,72.97202510,0.20527402,0.79995446,5960000.00000000
1.00000000,Pune,PUN-01|PUN-03|PUN-04|PUN-06|CS-01|CS-02|CS-03|CS-05,74.77966978,78.96845761,0.20527402,0.79995446,5960000.00000000
1.50000000,Pune,PUN-01|PUN-03|PUN-04|PUN-06|CS-01|CS-02|CS-03|CS-05,80.77610229,84.96489011,0.20527402,0.79995446,5960000.00000000
2.00000000,Pune,PUN-01|PUN-03|PUN-04|PUN-06|CS-01|CS-02|CS-03|CS-05,86.77253479,90.96132261,0.20527402,0.79995446,5960000.00000000
0.00000000,Pune,PUN-01|PUN-02|PUN-03|PUN-04|PUN-06|CS-01|CS-02|CS-03|CS-05,63.76971839,67.95850622,0.20395483,0.80466052,5960000.00000000
0.50000000,Pune,PUN-01|PUN-02|PUN-03|PUN-04|PUN-06|CS-01|CS-02|CS-03|CS-05,70.46699976,74.65578758,0.20395483,0.80466052,5960000.00000000
1.00000000,Pune,PUN-01|PUN-02|PUN-03|PUN-04|PUN-06|CS-01|CS-02|CS-03|CS-05,77.16428112,81.35306894,0.20395483,0.80466052,5960000.00000000
1.50000000,Pune,PUN-01|PUN-02|PUN-03|PUN-04|PUN-06|CS-01|CS-02|CS-03|CS-05,83.86156248,88.05035031,0.20395483,0.80466052,5960000.00000000
2.00000000,Pune,PUN-01|PUN-02|PUN-03|PUN-04|PUN-06|CS-01|CS-02|CS-03|CS-05,90.55884385,94.74763167,0.20395483,0.80466052,5960000.00000000
0.00000000,Pune,PUN-01|PUN-05|PUN-06|CS-01|CS-02|CS-03|CS-05,59.36937304,63.55816086,0.17291735,0.83776740,5960000.00000000
0.50000000,Pune,PUN-01|PUN-05|PUN-06|CS-01|CS-02|CS-03|CS-05,64.53971473,68.72850256,0.17291735,0.83776740,5960000.00000000
1.00000000,Pune,PUN-01|PUN-05|PUN-06|CS-01|CS-02|CS-03|CS-05,69.71005643,73.89884425,0.17291735,0.83776740,5960000.00000000
1.50000000,Pune,PUN-01|PUN-05|PUN-06|CS-01|CS-02|CS-03|CS-05,74.88039812,79.06918595,0.17291735,0.83776740,5960000.00000000
2.00000000,Pune,PUN-01|PUN-05|PUN-06|CS-01|CS-02|CS-03|CS-05,80.05073982,84.23952764,0.17291735,0.83776740,5960000.00000000
0.00000000,Pune,PUN-02|PUN-05|PUN-06|CS-01|CS-02|CS-03|CS-05,60.16355870,64.35234652,0.18722220,0.80903766,5960000.00000000
0.50000000,Pune,PUN-02|PUN-05|PUN-06|CS-01|CS-02|CS-03|CS-05,65.23269478,69.42148260,0.18722220,0.80903766,5960000.00000000
1.00000000,Pune,PUN-02|PUN-05|PUN-06|CS-01|CS-02|CS-03|CS-05,70.30183086,74.49061869,0.18722220,0.80903766,5960000.00000000
1.50000000,Pune,PUN-02|PUN-05|PUN-06|CS-01|CS-02|CS-03|CS-05,75.37096695,79.55975477,0.18722220,0.80903766,5960000.00000000
2.00000000,Pune,PUN-02|PUN-05|PUN-06|CS-01|CS-02|CS-03|CS-05,80.44010303,84.62889085,0.18722220,0.80903766,5960000.00000000
0.00000000,Pune,PUN-01|PUN-02|PUN-05|PUN-06|CS-01|CS-02|CS-03|CS-05,60.31754665,64.50633448,0.17097647,0.84247347,5960000.00000000
0.50000000,Pune,PUN-01|PUN-02|PUN-05|PUN-06|CS-01|CS-02|CS-03|CS-05,66.18873721,70.37752503,0.17097647,0.84247347,5960000.00000000
1.00000000,Pune,PUN-01|PUN-02|PUN-05|PUN-06|CS-01|CS-02|CS-03|CS-05,72.05992777,76.24871559,0.17097647,0.84247347,5960000.00000000
1.50000000,Pune,PUN-01|PUN-02|PUN-05|PUN-06|CS-01|CS-02|CS-03|CS-05,77.93111832,82.11990615,0.17097647,0.84247347,5960000.00000000
2.00000000,Pune,PUN-01|PUN-02|PUN-05|PUN-06|CS-01|CS-02|CS-03|CS-05,83.80230888,87.99109671,0.17097647,0.84247347,5960000.00000000
0.00000000,Pune,PUN-01|PUN-03|PUN-05|PUN-06|CS-01|CS-02|CS-03|CS-05,56.96219402,61.15098184,0.11400247,0.90544866,5960000.00000000
0.50000000,Pune,PUN-01|PUN-03|PUN-05|PUN-06|CS-01|CS-02|CS-03|CS-05,62.90043329,67.08922112,0.11400247,0.90544866,5960000.00000000
1.00000000,Pune,PUN-01|PUN-03|PUN-05|PUN-06|CS-01|CS-02|CS-03|CS-05,68.83867257,73.02746039,0.11400247,0.90544866,5960000.00000000
1.50000000,Pune,PUN-01|PUN-03|PUN-05|PUN-06|CS-01|CS-02|CS-03|CS-05,74.77691184,78.96569967,0.11400247,0.90544866,5960000.00000000
2.00000000,Pune,PUN-01|PUN-03|PUN-05|PUN-06|CS-01|CS-02|CS-03|CS-05,80.71515112,84.90393894,0.11400247,0.90544866,5960000.00000000
0.00000000,Pune,PUN-02|PUN-03|PUN-05|PUN-06|CS-01|CS-02|CS-03|CS-05,57.79111967,61.97990750,0.12892900,0.87671891,5960000.00000000
0.50000000,Pune,PUN-02|PUN-03|PUN-05|PUN-06|CS-01|CS-02|CS-03|CS-05,63.62815334,67.81694116,0.12892900,0.87671891,5960000.00000000
1.00000000,Pune,PUN-02|PUN-03|PUN-05|PUN-06|CS-01|CS-02|CS-03|CS-05,69.46518700,73.65397483,0.12892900,0.87671891,5960000.00000000
1.50000000,Pune,PUN-02|PUN-03|PUN-05|PUN-06|CS-01|CS-02|CS-03|CS-05,75.30222066,79.49100849,0.12892900,0.87671891,5960000.00000000
2.00000000,Pune,PUN-02|PUN-03|PUN-05|PUN-06|CS-01|CS-02|CS-03|CS-05,81.13925433,85.32804215,0.12892900,0.87671891,5960000.00000000
0.00000000,Pune,PUN-01|PUN-02|PUN-03|PUN-05|PUN-06|CS-01|CS-02|CS-03|CS-05,57.94510763,62.13389545,0.11268327,0.91015472,5960000.00000000
0.50000000,Pune,PUN-01|PUN-02|PUN-03|PUN-05|PUN-06|CS-01|CS-02|CS-03|CS-05,64.58419577,68.77298359,0.11268327,0.91015472,5960000.00000000
1.00000000,Pune,PUN-01|PUN-02|PUN-03|PUN-05|PUN-06|CS-01|CS-02|CS-03|CS-05,71.22328390,75.41207173,0.11268327,0.91015472,5960000.00000000
1.50000000,Pune,PUN-01|PUN-02|PUN-03|PUN-05|PUN-06|CS-01|CS-02|CS-03|CS-05,77.86237204,82.05115987,0.11268327,0.91015472,5960000.00000000
2.00000000,Pune,PUN-01|PUN-02|PUN-03|PUN-05|PUN-06|CS-01|CS-02|CS-03|CS-05,84.50146018,88.69024800,0.11268327,0.91015472,5960000.00000000
0.00000000,Pune,PUN-01|PUN-04|PUN-05|PUN-06|CS-01|CS-02|CS-03|CS-05,60.44340695,64.63219478,0.17278214,0.83772945,5960000.00000000
0.50000000,Pune,PUN-01|PUN-04|PUN-05|PUN-06|CS-01|CS-02|CS-03|CS-05,66.34875440,70.53754223,0.17278214,0.83772945,5960000.00000000
1.00000000,Pune,PUN-01|PUN-04|PUN-05|PUN-06|CS-01|CS-02|CS-03|CS-05,72.25410186,76.44288968,0.17278214,0.83772945,5960000.00000000
1.50000000,Pune,PUN-01|PUN-04|PUN-05|PUN-06|CS-01|CS-02|CS-03|CS-05,78.15944931,82.34823713,0.17278214,0.83772945,5960000.00000000
2.00000000,Pune,PUN-01|PUN-04|PUN-05|PUN-06|CS-01|CS-02|CS-03|CS-05,84.06479676,88.25358458,0.17278214,0.83772945,5960000.00000000
0.00000000,Pune,PUN-02|PUN-04|PUN-05|PUN-06|CS-01|CS-02|CS-03|CS-05,61.23759261,65.42638044,0.18708700,0.80899971,5960000.00000000
0.50000000,Pune,PUN-02|PUN-04|PUN-05|PUN-06|CS-01|CS-02|CS-03|CS-05,67.04173445,71.23052228,0.18708700,0.80899971,5960000.00000000
1.00000000,Pune,PUN-02|PUN-04|PUN-05|PUN-06|CS-01|CS-02|CS-03|CS-05,72.84587629,77.03466412,0.18708700,0.80899971,5960000.00000000
1.50000000,Pune,PUN-02|PUN-04|PUN-05|PUN-06|CS-01|CS-02|CS-03|CS-05,78.65001813,82.83880596,0.18708700,0.80899971,5960000.00000000
2.00000000,Pune,PUN-02|PUN-04|PUN-05|PUN-06|CS-01|CS-02|CS-03|CS-05,84.45415997,88.64294780,0.18708700,0.80899971,5960000.00000000
0.00000000,Pune,PUN-01|PUN-02|PUN-04|PUN-05|PUN-06|CS-01|CS-02|CS-03|CS-05,61.39158057,65.58036839,0.17084128,0.84243551,5960000.00000000
0.50000000,Pune,PUN-01|PUN-02|PUN-04|PUN-05|PUN-06|CS-01|CS-02|CS-03|CS-05,67.99777688,72.18656471,0.17084128,0.84243551,5960000.00000000
1.00000000,Pune,PUN-01|PUN-02|PUN-04|PUN-05|PUN-06|CS-01|CS-02|CS-03|CS-05,74.60397320,78.79276102,0.17084128,0.84243551,5960000.00000000
1.50000000,Pune,PUN-01|PUN-02|PUN-04|PUN-05|PUN-06|CS-01|CS-02|CS-03|CS-05,81.21016951,85.39895733,0.17084128,0.84243551,5960000.00000000
2.00000000,Pune,PUN-01|PUN-02|PUN-04|PUN-05|PUN-06|CS-01|CS-02|CS-03|CS-05,87.81636582,92.00515365,0.17084128,0.84243551,5960000.00000000
0.00000000,Pune,PUN-01|PUN-03|PUN-04|PUN-05|PUN-06|CS-01|CS-02|CS-03|CS-05,58.03622793,62.22501576,0.11386726,0.90541071,5960000.00000000
0.50000000,Pune,PUN-01|PUN-03|PUN-04|PUN-05|PUN-06|CS-01|CS-02|CS-03|CS-05,64.70947296,68.89826079,0.11386726,0.90541071,5960000.00000000
1.00000000,Pune,PUN-01|PUN-03|PUN-04|PUN-05|PUN-06|CS-01|CS-02|CS-03|CS-05,71.38271800,75.57150582,0.11386726,0.90541071,5960000.00000000
1.50000000,Pune,PUN-01|PUN-03|PUN-04|PUN-05|PUN-06|CS-01|CS-02|CS-03|CS-05,78.05596303,82.24475085,0.11386726,0.90541071,5960000.00000000
2.00000000,Pune,PUN-01|PUN-03|PUN-04|PUN-05|PUN-06|CS-01|CS-02|CS-03|CS-05,84.72920806,88.91799588,0.11386726,0.90541071,5960000.00000000
0.00000000,Pune,PUN-02|PUN-03|PUN-04|PUN-05|PUN-06|CS-01|CS-02|CS-03|CS-05,58.86515359,63.05394141,0.12879381,0.87668096,5960000.00000000
0.50000000,Pune,PUN-02|PUN-03|PUN-04|PUN-05|PUN-06|CS-01|CS-02|CS-03|CS-05,65.43719301,69.62598083,0.12879381,0.87668096,5960000.00000000
1.00000000,Pune,PUN-02|PUN-03|PUN-04|PUN-05|PUN-06|CS-01|CS-02|CS-03|CS-05,72.00923243,76.19802025,0.12879381,0.87668096,5960000.00000000
1.50000000,Pune,PUN-02|PUN-03|PUN-04|PUN-05|PUN-06|CS-01|CS-02|CS-03|CS-05,78.58127185,82.77005967,0.12879381,0.87668096,5960000.00000000
2.00000000,Pune,PUN-02|PUN-03|PUN-04|PUN-05|PUN-06|CS-01|CS-02|CS-03|CS-05,85.15331127,89.34209909,0.12879381,0.87668096,5960000.00000000
0.00000000,Pune,PUN-01|PUN-02|PUN-03|PUN-04|PUN-05|PUN-06|CS-01|CS-02|CS-03|CS-05,59.01914155,63.20792937,0.11254808,0.91011677,5960000.00000000
0.50000000,Pune,PUN-01|PUN-02|PUN-03|PUN-04|PUN-05|PUN-06|CS-01|CS-02|CS-03|CS-05,66.39323544,70.58202326,0.11254808,0.91011677,5960000.00000000
1.00000000,Pune,PUN-01|PUN-02|PUN-03|PUN-04|PUN-05|PUN-06|CS-01|CS-02|CS-03|CS-05,73.76732933,77.95611716,0.11254808,0.91011677,5960000.00000000
1.50000000,Pune,PUN-01|PUN-02|PUN-03|PUN-04|PUN-05|PUN-06|CS-01|CS-02|CS-03|CS-05,81.14142323,85.33021105,0.11254808,0.91011677,5960000.00000000
2.00000000,Pune,PUN-01|PUN-02|PUN-03|PUN-04|PUN-05|PUN-06|CS-01|CS-02|CS-03|CS-05,88.51551712,92.70430494,0.11254808,0.91011677,5960000.00000000
0.00000000,Pune,PUN-01|PUN-02|PUN-03|PUN-05|PUN-07|CS-01|CS-02|CS-03|CS-05,61.48426793,65.67305576,0.17811547,0.82246006,5960000.00000000
0.50000000,Pune,PUN-01|PUN-02|PUN-03|PUN-05|PUN-07|CS-01|CS-02|CS-03|CS-05,68.09046425,72.27925207,0.17811547,0.82246006,5960000.00000000
1.00000000,Pune,PUN-01|PUN-02|PUN-03|PUN-05|PUN-07|CS-01|CS-02|CS-03|CS-05,74.69666056,78.88544839,0.17811547,0.82246006,5960000.00000000
1.50000000,Pune,PUN-01|PUN-02|PUN-03|PUN-05|PUN-07|CS-01|CS-02|CS-03|CS-05,81.30285688,85.49164470,0.17811547,0.82246006,5960000.00000000
2.00000000,Pune,PUN-01|PUN-02|PUN-03|PUN-05|PUN-07|CS-01|CS-02|CS-03|CS-05,87.90905319,92.09784101,0.17811547,0.82246006,5960000.00000000
0.00000000,Pune,PUN-01|PUN-02|PUN-03|PUN-04|PUN-05|PUN-07|CS-01|CS-02|CS-03|CS-05,62.41822185,66.60700967,0.17619473,0.82242210,5960000.00000000
0.50000000,Pune,PUN-01|PUN-02|PUN-03|PUN-04|PUN-05|PUN-07|CS-01|CS-02|CS-03|CS-05,69.75942392,73.94821174,0.17619473,0.82242210,5960000.00000000
1.00000000,Pune,PUN-01|PUN-02|PUN-03|PUN-04|PUN-05|PUN-07|CS-01|CS-02|CS-03|CS-05,77.10062599,81.28941381,0.17619473,0.82242210,5960000.00000000
1.50000000,Pune,PUN-01|PUN-02|PUN-03|PUN-04|PUN-05|PUN-07|CS-01|CS-02|CS-03|CS-05,84.44182806,88.63061588,0.17619473,0.82242210,5960000.00000000
2.00000000,Pune,PUN-01|PUN-02|PUN-03|PUN-04|PUN-05|PUN-07|CS-01|CS-02|CS-03|CS-05,91.78303013,95.97181795,0.17619473,0.82242210,5960000.00000000
0.00000000,Pune,PUN-01|PUN-03|PUN-06|PUN-07|CS-01|CS-02|CS-03|CS-05,61.51075852,65.69954635,0.18901505,0.81083406,5960000.00000000
0.50000000,Pune,PUN-01|PUN-03|PUN-06|PUN-07|CS-01|CS-02|CS-03|CS-05,67.49074511,71.67953294,0.18901505,0.81083406,5960000.00000000
1.00000000,Pune,PUN-01|PUN-03|PUN-06|PUN-07|CS-01|CS-02|CS-03|CS-05,73.47073170,77.65951953,0.18901505,0.81083406,5960000.00000000
1.50000000,Pune,PUN-01|PUN-03|PUN-06|PUN-07|CS-01|CS-02|CS-03|CS-05,79.45071829,83.63950612,0.18901505,0.81083406,5960000.00000000
2.00000000,Pune,PUN-01|PUN-03|PUN-06|PUN-07|CS-01|CS-02|CS-03|CS-05,85.43070488,89.61949271,0.18901505,0.81083406,5960000.00000000
0.00000000,Pune,PUN-01|PUN-02|PUN-03|PUN-06|PUN-07|CS-01|CS-02|CS-03|CS-05,62.49367214,66.68245996,0.18769586,0.81554012,5960000.00000000
0.50000000,Pune,PUN-01|PUN-02|PUN-03|PUN-06|PUN-07|CS-01|CS-02|CS-03|CS-05,69.17450759,73.36329541,0.18769586,0.81554012,5960000.00000000
1.00000000,Pune,PUN-01|PUN-02|PUN-03|PUN-06|PUN-07|CS-01|CS-02|CS-03|CS-05,75.85534304,80.04413087,0.18769586,0.81554012,5960000.00000000
1.50000000,Pune,PUN-01|PUN-02|PUN-03|PUN-06|PUN-07|CS-01|CS-02|CS-03|CS-05,82.53617849,86.72496632,0.18769586,0.81554012,5960000.00000000
2.00000000,Pune,PUN-01|PUN-02|PUN-03|PUN-06|PUN-07|CS-01|CS-02|CS-03|CS-05,89.21701395,93.40580177,0.18769586,0.81554012,5960000.00000000
0.00000000,Pune,PUN-01|PUN-03|PUN-04|PUN-06|PUN-07|CS-01|CS-02|CS-03|CS-05,62.26856869,66.45735651,0.18604028,0.81083406,5960000.00000000
0.50000000,Pune,PUN-01|PUN-03|PUN-04|PUN-06|PUN-07|CS-01|CS-02|CS-03|CS-05,68.98356103,73.17234886,0.18604028,0.81083406,5960000.00000000
1.00000000,Pune,PUN-01|PUN-03|PUN-04|PUN-06|PUN-07|CS-01|CS-02|CS-03|CS-05,75.69855338,79.88734120,0.18604028,0.81083406,5960000.00000000
1.50000000,Pune,PUN-01|PUN-03|PUN-04|PUN-06|PUN-07|CS-01|CS-02|CS-03|CS-05,82.41354573,86.60233355,0.18604028,0.81083406,5960000.00000000
2.00000000,Pune,PUN-01|PUN-03|PUN-04|PUN-06|PUN-07|CS-01|CS-02|CS-03|CS-05,89.12853807,93.31732590,0.18604028,0.81083406,5960000.00000000
0.00000000,Pune,PUN-01|PUN-02|PUN-03|PUN-04|PUN-06|PUN-07|CS-01|CS-02|CS-03|CS-05,63.25148230,67.44027012,0.18472110,0.81554012,5960000.00000000
0.50000000,Pune,PUN-01|PUN-02|PUN-03|PUN-04|PUN-06|PUN-07|CS-01|CS-02|CS-03|CS-05,70.66732351,74.85611133,0.18472110,0.81554012,5960000.00000000
1.00000000,Pune,PUN-01|PUN-02|PUN-03|PUN-04|PUN-06|PUN-07|CS-01|CS-02|CS-03|CS-05,78.08316472,82.27195254,0.18472110,0.81554012,5960000.00000000
1.50000000,Pune,PUN-01|PUN-02|PUN-03|PUN-04|PUN-06|PUN-07|CS-01|CS-02|CS-03|CS-05,85.49900593,89.68779375,0.18472110,0.81554012,5960000.00000000
2.00000000,Pune,PUN-01|PUN-02|PUN-03|PUN-04|PUN-06|PUN-07|CS-01|CS-02|CS-03|CS-05,92.91484713,97.10363496,0.18472110,0.81554012,5960000.00000000
0.00000000,Pune,PUN-01|PUN-05|PUN-06|PUN-07|CS-01|CS-02|CS-03|CS-05,58.71084314,62.89963097,0.15100525,0.85254342,5960000.00000000
0.50000000,Pune,PUN-01|PUN-05|PUN-06|PUN-07|CS-01|CS-02|CS-03|CS-05,64.59974468,68.78853250,0.15100525,0.85254342,5960000.00000000
1.00000000,Pune,PUN-01|PUN-05|PUN-06|PUN-07|CS-01|CS-02|CS-03|CS-05,70.48864622,74.67743404,0.15100525,0.85254342,5960000.00000000
1.50000000,Pune,PUN-01|PUN-05|PUN-06|PUN-07|CS-01|CS-02|CS-03|CS-05,76.37754776,80.56633558,0.15100525,0.85254342,5960000.00000000
2.00000000,Pune,PUN-01|PUN-05|PUN-06|PUN-07|CS-01|CS-02|CS-03|CS-05,82.26644930,86.45523712,0.15100525,0.85254342,5960000.00000000
0.00000000,Pune,PUN-02|PUN-05|PUN-06|PUN-07|CS-01|CS-02|CS-03|CS-05,59.50502880,63.69381663,0.16531010,0.82381368,5960000.00000000
0.50000000,Pune,PUN-02|PUN-05|PUN-06|PUN-07|CS-01|CS-02|CS-03|CS-05,65.29272473,69.48151255,0.16531010,0.82381368,5960000.00000000
1.00000000,Pune,PUN-02|PUN-05|PUN-06|PUN-07|CS-01|CS-02|CS-03|CS-05,71.08042066,75.26920848,0.16531010,0.82381368,5960000.00000000
1.50000000,Pune,PUN-02|PUN-05|PUN-06|PUN-07|CS-01|CS-02|CS-03|CS-05,76.86811659,81.05690441,0.16531010,0.82381368,5960000.00000000
2.00000000,Pune,PUN-02|PUN-05|PUN-06|PUN-07|CS-01|CS-02|CS-03|CS-05,82.65581251,86.84460034,0.16531010,0.82381368,5960000.00000000
0.00000000,Pune,PUN-01|PUN-02|PUN-05|PUN-06|PUN-07|CS-01|CS-02|CS-03|CS-05,59.65901676,63.84780458,0.14906438,0.85724948,5960000.00000000
0.50000000,Pune,PUN-01|PUN-02|PUN-05|PUN-06|PUN-07|CS-01|CS-02|CS-03|CS-05,66.24876716,70.43755498,0.14906438,0.85724948,5960000.00000000
1.00000000,Pune,PUN-01|PUN-02|PUN-05|PUN-06|PUN-07|CS-01|CS-02|CS-03|CS-05,72.83851756,77.02730538,0.14906438,0.85724948,5960000.00000000
1.50000000,Pune,PUN-01|PUN-02|PUN-05|PUN-06|PUN-07|CS-01|CS-02|CS-03|CS-05,79.42826796,83.61705579,0.14906438,0.85724948,5960000.00000000
2.00000000,Pune,PUN-01|PUN-02|PUN-05|PUN-06|PUN-07|CS-01|CS-02|CS-03|CS-05,86.01801836,90.20680619,0.14906438,0.85724948,5960000.00000000
0.00000000,Pune,PUN-03|PUN-05|PUN-06|PUN-07|CS-01|CS-02|CS-03|CS-05,61.79307582,65.98186365,0.19082645,0.80504004,5960000.00000000
0.50000000,Pune,PUN-03|PUN-05|PUN-06|PUN-07|CS-01|CS-02|CS-03|CS-05,67.64782047,71.83660829,0.19082645,0.80504004,5960000.00000000
1.00000000,Pune,PUN-03|PUN-05|PUN-06|PUN-07|CS-01|CS-02|CS-03|CS-05,73.50256512,77.69135294,0.19082645,0.80504004,5960000.00000000
1.50000000,Pune,PUN-03|PUN-05|PUN-06|PUN-07|CS-01|CS-02|CS-03|CS-05,79.35730976,83.54609758,0.19082645,0.80504004,5960000.00000000
2.00000000,Pune,PUN-03|PUN-05|PUN-06|PUN-07|CS-01|CS-02|CS-03|CS-05,85.21205441,89.40084223,0.19082645,0.80504004,5960000.00000000
0.00000000,Pune,PUN-01|PUN-03|PUN-05|PUN-06|PUN-07|CS-01|CS-02|CS-03|CS-05,56.44395793,60.63274575,0.09476873,0.91632826,5960000.00000000
0.50000000,Pune,PUN-01|PUN-03|PUN-05|PUN-06|PUN-07|CS-01|CS-02|CS-03|CS-05,63.10075705,67.28954487,0.09476873,0.91632826,5960000.00000000
1.00000000,Pune,PUN-01|PUN-03|PUN-05|PUN-06|PUN-07|CS-01|CS-02|CS-03|CS-05,69.75755616,73.94634399,0.09476873,0.91632826,5960000.00000000
1.50000000,Pune,PUN-01|PUN-03|PUN-05|PUN-06|PUN-07|CS-01|CS-02|CS-03|CS-05,76.41435528,80.60314311,0.09476873,0.91632826,5960000.00000000
2.00000000,Pune,PUN-01|PUN-03|PUN-05|PUN-06|PUN-07|CS-01|CS-02|CS-03|CS-05,83.07115440,87.25994223,0.09476873,0.91632826,5960000.00000000
0.00000000,Pune,PUN-02|PUN-03|PUN-05|PUN-06|PUN-07|CS-01|CS-02|CS-03|CS-05,57.27288358,61.46167141,0.10969527,0.88759852,5960000.00000000
0.50000000,Pune,PUN-02|PUN-03|PUN-05|PUN-06|PUN-07|CS-01|CS-02|CS-03|CS-05,63.82847709,68.01726491,0.10969527,0.88759852,5960000.00000000
1.00000000,Pune,PUN-02|PUN-03|PUN-05|PUN-06|PUN-07|CS-01|CS-02|CS-03|CS-05,70.38407060,74.57285842,0.10969527,0.88759852,5960000.00000000
1.50000000,Pune,PUN-02|PUN-03|PUN-05|PUN-06|PUN-07|CS-01|CS-02|CS-03|CS-05,76.93966411,81.12845193,0.10969527,0.88759852,5960000.00000000
2.00000000,Pune,PUN-02|PUN-03|PUN-05|PUN-06|PUN-07|CS-01|CS-02|CS-03|CS-05,83.49525761,87.68404544,0.10969527,0.88759852,5960000.00000000
0.00000000,Pune,PUN-01|PUN-02|PUN-03|PUN-05|PUN-06|PUN-07|CS-01|CS-02|CS-03|CS-05,57.42687154,61.61565936,0.09344954,0.92103432,5960000.00000000
0.50000000,Pune,PUN-01|PUN-02|PUN-03|PUN-05|PUN-06|PUN-07|CS-01|CS-02|CS-03|CS-05,64.78451952,68.97330734,0.09344954,0.92103432,5960000.00000000
1.00000000,Pune,PUN-01|PUN-02|PUN-03|PUN-05|PUN-06|PUN-07|CS-01|CS-02|CS-03|CS-05,72.14216750,76.33095533,0.09344954,0.92103432,5960000.00000000
1.50000000,Pune,PUN-01|PUN-02|PUN-03|PUN-05|PUN-06|PUN-07|CS-01|CS-02|CS-03|CS-05,79.49981548,83.68860331,0.09344954,0.92103432,5960000.00000000
2.00000000,Pune,PUN-01|PUN-02|PUN-03|PUN-05|PUN-06|PUN-07|CS-01|CS-02|CS-03|CS-05,86.85746346,91.04625129,0.09344954,0.92103432,5960000.00000000
0.00000000,Pune,PUN-01|PUN-04|PUN-05|PUN-06|PUN-07|CS-01|CS-02|CS-03|CS-05,59.78487706,63.97366488,0.15087004,0.85250547,5960000.00000000
0.50000000,Pune,PUN-01|PUN-04|PUN-05|PUN-06|PUN-07|CS-01|CS-02|CS-03|CS-05,66.40878435,70.59757218,0.15087004,0.85250547,5960000.00000000
1.00000000,Pune,PUN-01|PUN-04|PUN-05|PUN-06|PUN-07|CS-01|CS-02|CS-03|CS-05,73.03269165,77.22147947,0.15087004,0.85250547,5960000.00000000
1.50000000,Pune,PUN-01|PUN-04|PUN-05|PUN-06|PUN-07|CS-01|CS-02|CS-03|CS-05,79.65659894,83.84538677,0.15087004,0.85250547,5960000.00000000
2.00000000,Pune,PUN-01|PUN-04|PUN-05|PUN-06|PUN-07|CS-01|CS-02|CS-03|CS-05,86.28050624,90.46929406,0.15087004,0.85250547,5960000.00000000
0.00000000,Pune,PUN-02|PUN-04|PUN-05|PUN-06|PUN-07|CS-01|CS-02|CS-03|CS-05,60.57906272,64.76785054,0.16517492,0.82377573,5960000.00000000
0.50000000,Pune,PUN-02|PUN-04|PUN-05|PUN-06|PUN-07|CS-01|CS-02|CS-03|CS-05,67.10176440,71.29055223,0.16517492,0.82377573,5960000.00000000
1.00000000,Pune,PUN-02|PUN-04|PUN-05|PUN-06|PUN-07|CS-01|CS-02|CS-03|CS-05,73.62446609,77.81325391,0.16517492,0.82377573,5960000.00000000
1.50000000,Pune,PUN-02|PUN-04|PUN-05|PUN-06|PUN-07|CS-01|CS-02|CS-03|CS-05,80.14716777,84.33595559,0.16517492,0.82377573,5960000.00000000
2.00000000,Pune,PUN-02|PUN-04|PUN-05|PUN-06|PUN-07|CS-01|CS-02|CS-03|CS-05,86.66986945,90.85865728,0.16517492,0.82377573,5960000.00000000
0.00000000,Pune,PUN-01|PUN-02|PUN-04|PUN-05|PUN-06|PUN-07|CS-01|CS-02|CS-03|CS-05,60.73305067,64.92183850,0.14892918,0.85721153,5960000.00000000
0.50000000,Pune,PUN-01|PUN-02|PUN-04|PUN-05|PUN-06|PUN-07|CS-01|CS-02|CS-03|CS-05,68.05780683,72.24659466,0.14892918,0.85721153,5960000.00000000
1.00000000,Pune,PUN-01|PUN-02|PUN-04|PUN-05|PUN-06|PUN-07|CS-01|CS-02|CS-03|CS-05,75.38256299,79.57135081,0.14892918,0.85721153,5960000.00000000
1.50000000,Pune,PUN-01|PUN-02|PUN-04|PUN-05|PUN-06|PUN-07|CS-01|CS-02|CS-03|CS-05,82.70731915,86.89610697,0.14892918,0.85721153,5960000.00000000
2.00000000,Pune,PUN-01|PUN-02|PUN-04|PUN-05|PUN-06|PUN-07|CS-01|CS-02|CS-03|CS-05,90.03207530,94.22086313,0.14892918,0.85721153,5960000.00000000
0.00000000,Pune,PUN-03|PUN-04|PUN-05|PUN-06|PUN-07|CS-01|CS-02|CS-03|CS-05,62.86710974,67.05589756,0.19069123,0.80500209,5960000.00000000
0.50000000,Pune,PUN-03|PUN-04|PUN-05|PUN-06|PUN-07|CS-01|CS-02|CS-03|CS-05,69.45686014,73.64564797,0.19069123,0.80500209,5960000.00000000
1.00000000,Pune,PUN-03|PUN-04|PUN-05|PUN-06|PUN-07|CS-01|CS-02|CS-03|CS-05,76.04661054,80.23539837,0.19069123,0.80500209,5960000.00000000
1.50000000,Pune,PUN-03|PUN-04|PUN-05|PUN-06|PUN-07|CS-01|CS-02|CS-03|CS-05,82.63636095,86.82514877,0.19069123,0.80500209,5960000.00000000
2.00000000,Pune,PUN-03|PUN-04|PUN-05|PUN-06|PUN-07|CS-01|CS-02|CS-03|CS-05,89.22611135,93.41489917,0.19069123,0.80500209,5960000.00000000
0.00000000,Pune,PUN-01|PUN-03|PUN-04|PUN-05|PUN-06|PUN-07|CS-01|CS-02|CS-03|CS-05,57.51799184,61.70677967,0.09463353,0.91629031,5960000.00000000
0.50000000,Pune,PUN-01|PUN-03|PUN-04|PUN-05|PUN-06|PUN-07|CS-01|CS-02|CS-03|CS-05,64.90979672,69.09858454,0.09463353,0.91629031,5960000.00000000
1.00000000,Pune,PUN-01|PUN-03|PUN-04|PUN-05|PUN-06|PUN-07|CS-01|CS-02|CS-03|CS-05,72.30160159,76.49038942,0.09463353,0.91629031,5960000.00000000
1.50000000,Pune,PUN-01|PUN-03|PUN-04|PUN-05|PUN-06|PUN-07|CS-01|CS-02|CS-03|CS-05,79.69340647,83.88219429,0.09463353,0.91629031,5960000.00000000
2.00000000,Pune,PUN-01|PUN-03|PUN-04|PUN-05|PUN-06|PUN-07|CS-01|CS-02|CS-03|CS-05,87.08521134,91.27399917,0.09463353,0.91629031,5960000.00000000
0.00000000,Pune,PUN-02|PUN-03|PUN-04|PUN-05|PUN-06|PUN-07|CS-01|CS-02|CS-03|CS-05,58.34691750,62.53570532,0.10956006,0.88756057,5960000.00000000
0.50000000,Pune,PUN-02|PUN-03|PUN-04|PUN-05|PUN-06|PUN-07|CS-01|CS-02|CS-03|CS-05,65.63751676,69.82630459,0.10956006,0.88756057,5960000.00000000
1.00000000,Pune,PUN-02|PUN-03|PUN-04|PUN-05|PUN-06|PUN-07|CS-01|CS-02|CS-03|CS-05,72.92811603,77.11690385,0.10956006,0.88756057,5960000.00000000
1.50000000,Pune,PUN-02|PUN-03|PUN-04|PUN-05|PUN-06|PUN-07|CS-01|CS-02|CS-03|CS-05,80.21871529,84.40750311,0.10956006,0.88756057,5960000.00000000
2.00000000,Pune,PUN-02|PUN-03|PUN-04|PUN-05|PUN-06|PUN-07|CS-01|CS-02|CS-03|CS-05,87.50931455,91.69810238,0.10956006,0.88756057,5960000.00000000
0.00000000,Pune,PUN-01|PUN-02|PUN-03|PUN-04|PUN-05|PUN-06|PUN-07|CS-01|CS-02|CS-03|CS-05,58.50090545,62.68969328,0.09331434,0.92099637,5960000.00000000
0.50000000,Pune,PUN-01|PUN-02|PUN-03|PUN-04|PUN-05|PUN-06|PUN-07|CS-01|CS-02|CS-03|CS-05,66.59355919,70.78234702,0.09331434,0.92099637,5960000.00000000
1.00000000,Pune,PUN-01|PUN-02|PUN-03|PUN-04|PUN-05|PUN-06|PUN-07|CS-01|CS-02|CS-03|CS-05,74.68621293,78.87500075,0.09331434,0.92099637,5960000.00000000
1.50000000,Pune,PUN-01|PUN-02|PUN-03|PUN-04|PUN-05|PUN-06|PUN-07|CS-01|CS-02|CS-03|CS-05,82.77886667,86.96765449,0.09331434,0.92099637,5960000.00000000
2.00000000,Pune,PUN-01|PUN-02|PUN-03|PUN-04|PUN-05|PUN-06|PUN-07|CS-01|CS-02|CS-03|CS-05,90.87152041,95.06030823,0.09331434,0.92099637,5960000.00000000
0.00000000,Pune,PUN-03|PUN-05|PUN-06|CS-01|CS-04|CS-05,58.90882946,61.96608232,0.17780793,0.84936810,4350000.00000000
0.50000000,Pune,PUN-03|PUN-05|PUN-06|CS-01|CS-04|CS-05,63.31000851,66.36726136,0.17780793,0.84936810,4350000.00000000
1.00000000,Pune,PUN-03|PUN-05|PUN-06|CS-01|CS-04|CS-05,67.71118755,70.76844041,0.17780793,0.84936810,4350000.00000000
1.50000000,Pune,PUN-03|PUN-05|PUN-06|CS-01|CS-04|CS-05,72.11236660,75.16961945,0.17780793,0.84936810,4350000.00000000
2.00000000,Pune,PUN-03|PUN-05|PUN-06|CS-01|CS-04|CS-05,76.51354564,79.57079850,0.17780793,0.84936810,4350000.00000000
0.00000000,Pune,PUN-01|PUN-03|PUN-05|PUN-06|CS-01|CS-04|CS-05,59.65283122,62.71008408,0.17057244,0.86041216,4350000.00000000
0.50000000,Pune,PUN-01|PUN-03|PUN-05|PUN-06|CS-01|CS-04|CS-05,64.85606474,67.91331760,0.17057244,0.86041216,4350000.00000000
1.00000000,Pune,PUN-01|PUN-03|PUN-05|PUN-06|CS-01|CS-04|CS-05,70.05929826,73.11655112,0.17057244,0.86041216,4350000.00000000
1.50000000,Pune,PUN-01|PUN-03|PUN-05|PUN-06|CS-01|CS-04|CS-05,75.26253178,78.31978464,0.17057244,0.86041216,4350000.00000000
2.00000000,Pune,PUN-01|PUN-03|PUN-05|PUN-06|CS-01|CS-04|CS-05,80.46576530,83.52301816,0.17057244,0.86041216,4350000.00000000
0.00000000,Pune,PUN-02|PUN-03|PUN-05|PUN-06|CS-01|CS-04|CS-05,59.95064055,63.00789341,0.17704616,0.85082293,4350000.00000000
0.50000000,Pune,PUN-02|PUN-03|PUN-05|PUN-06|CS-01|CS-04|CS-05,65.05266845,68.10992131,0.17704616,0.85082293,4350000.00000000
1.00000000,Pune,PUN-02|PUN-03|PUN-05|PUN-06|CS-01|CS-04|CS-05,70.15469636,73.21194922,0.17704616,0.85082293,4350000.00000000
1.50000000,Pune,PUN-02|PUN-03|PUN-05|PUN-06|CS-01|CS-04|CS-05,75.25672427,78.31397713,0.17704616,0.85082293,4350000.00000000
2.00000000,Pune,PUN-02|PUN-03|PUN-05|PUN-06|CS-01|CS-04|CS-05,80.35875218,83.41600504,0.17704616,0.85082293,4350000.00000000
0.00000000,Pune,PUN-01|PUN-02|PUN-03|PUN-05|PUN-06|CS-01|CS-04|CS-05,60.69465094,63.75190380,0.16981073,0.86186699,4350000.00000000
0.50000000,Pune,PUN-01|PUN-02|PUN-03|PUN-05|PUN-06|CS-01|CS-04|CS-05,66.59873332,69.65598618,0.16981073,0.86186699,4350000.00000000
1.00000000,Pune,PUN-01|PUN-02|PUN-03|PUN-05|PUN-06|CS-01|CS-04|CS-05,72.50281571,75.56006856,0.16981073,0.86186699,4350000.00000000
1.50000000,Pune,PUN-01|PUN-02|PUN-03|PUN-05|PUN-06|CS-01|CS-04|CS-05,78.40689809,81.46415095,0.16981073,0.86186699,4350000.00000000
2.00000000,Pune,PUN-01|PUN-02|PUN-03|PUN-05|PUN-06|CS-01|CS-04|CS-05,84.31098047,87.36823333,0.16981073,0.86186699,4350000.00000000
0.00000000,Pune,PUN-03|PUN-04|PUN-05|PUN-06|CS-01|CS-04|CS-05,59.98286338,63.04011623,0.17767274,0.84933015,4350000.00000000
0.50000000,Pune,PUN-03|PUN-04|PUN-05|PUN-06|CS-01|CS-04|CS-05,65.11904818,68.17630104,0.17767274,0.84933015,4350000.00000000
1.00000000,Pune,PUN-03|PUN-04|PUN-05|PUN-06|CS-01|CS-04|CS-05,70.25523298,73.31248584,0.17767274,0.84933015,4350000.00000000
1.50000000,Pune,PUN-03|PUN-04|PUN-05|PUN-06|CS-01|CS-04|CS-05,75.39141778,78.44867064,0.17767274,0.84933015,4350000.00000000
2.00000000,Pune,PUN-03|PUN-04|PUN-05|PUN-06|CS-01|CS-04|CS-05,80.52760258,83.58485544,0.17767274,0.84933015,4350000.00000000
0.00000000,Pune,PUN-01|PUN-03|PUN-04|PUN-05|PUN-06|CS-01|CS-04|CS-05,60.72686514,63.78411799,0.17043725,0.86037421,4350000.00000000
0.50000000,Pune,PUN-01|PUN-03|PUN-04|PUN-05|PUN-06|CS-01|CS-04|CS-05,66.66510441,69.72235727,0.17043725,0.86037421,4350000.00000000
1.00000000,Pune,PUN-01|PUN-03|PUN-04|PUN-05|PUN-06|CS-01|CS-04|CS-05,72.60334369,75.66059655,0.17043725,0.86037421,4350000.00000000
1.50000000,Pune,PUN-01|PUN-03|PUN-04|PUN-05|PUN-06|CS-01|CS-04|CS-05,78.54158296,81.59883582,0.17043725,0.86037421,4350000.00000000
2.00000000,Pune,PUN-01|PUN-03|PUN-04|PUN-05|PUN-06|CS-01|CS-04|CS-05,84.47982224,87.53707510,0.17043725,0.86037421,4350000.00000000
0.00000000,Pune,PUN-02|PUN-03|PUN-04|PUN-05|PUN-06|CS-01|CS-04|CS-05,61.02467446,64.08192732,0.17691098,0.85078498,4350000.00000000
0.50000000,Pune,PUN-02|PUN-03|PUN-04|PUN-05|PUN-06|CS-01|CS-04|CS-05,66.86170813,69.91896099,0.17691098,0.85078498,4350000.00000000
1.00000000,Pune,PUN-02|PUN-03|PUN-04|PUN-05|PUN-06|CS-01|CS-04|CS-05,72.69874179,75.75599465,0.17691098,0.85078498,4350000.00000000
1.50000000,Pune,PUN-02|PUN-03|PUN-04|PUN-05|PUN-06|CS-01|CS-04|CS-05,78.53577545,81.59302831,0.17691098,0.85078498,4350000.00000000
2.00000000,Pune,PUN-02|PUN-03|PUN-04|PUN-05|PUN-06|CS-01|CS-04|CS-05,84.37280912,87.43006198,0.17691098,0.85078498,4350000.00000000
0.00000000,Pune,PUN-01|PUN-02|PUN-03|PUN-04|PUN-05|PUN-06|CS-01|CS-04|CS-05,61.76868486,64.82593772,0.16967553,0.86182904,4350000.00000000
0.50000000,Pune,PUN-01|PUN-02|PUN-03|PUN-04|PUN-05|PUN-06|CS-01|CS-04|CS-05,68.40777300,71.46502585,0.16967553,0.86182904,4350000.00000000
1.00000000,Pune,PUN-01|PUN-02|PUN-03|PUN-04|PUN-05|PUN-06|CS-01|CS-04|CS-05,75.04686113,78.10411399,0.16967553,0.86182904,4350000.00000000
1.50000000,Pune,PUN-01|PUN-02|PUN-03|PUN-04|PUN-05|PUN-06|CS-01|CS-04|CS-05,81.68594927,84.74320213,0.16967553,0.86182904,4350000.00000000
2.00000000,Pune,PUN-01|PUN-02|PUN-03|PUN-04|PUN-05|PUN-06|CS-01|CS-04|CS-05,88.32503741,91.38229027,0.16967553,0.86182904,4350000.00000000
0.00000000,Pune,PUN-03|PUN-05|PUN-06|PUN-07|CS-01|CS-04|CS-05,58.33230670,61.38955956,0.15751144,0.86084228,4350000.00000000
0.50000000,Pune,PUN-03|PUN-05|PUN-06|PUN-07|CS-01|CS-04|CS-05,63.45204559,66.50929845,0.15751144,0.86084228,4350000.00000000
1.00000000,Pune,PUN-03|PUN-05|PUN-06|PUN-07|CS-01|CS-04|CS-05,68.57178448,71.62903734,0.15751144,0.86084228,4350000.00000000
1.50000000,Pune,PUN-03|PUN-05|PUN-06|PUN-07|CS-01|CS-04|CS-05,73.69152337,76.74877623,0.15751144,0.86084228,4350000.00000000
2.00000000,Pune,PUN-03|PUN-05|PUN-06|PUN-07|CS-01|CS-04|CS-05,78.81126226,81.86851512,0.15751144,0.86084228,4350000.00000000
0.00000000,Pune,PUN-01|PUN-03|PUN-05|PUN-06|PUN-07|CS-01|CS-04|CS-05,59.07630846,62.13356132,0.15027596,0.87188635,4350000.00000000
0.50000000,Pune,PUN-01|PUN-03|PUN-05|PUN-06|PUN-07|CS-01|CS-04|CS-05,64.99810182,68.05535468,0.15027596,0.87188635,4350000.00000000
1.00000000,Pune,PUN-01|PUN-03|PUN-05|PUN-06|PUN-07|CS-01|CS-04|CS-05,70.91989519,73.97714805,0.15027596,0.87188635,4350000.00000000
1.50000000,Pune,PUN-01|PUN-03|PUN-05|PUN-06|PUN-07|CS-01|CS-04|CS-05,76.84168855,79.89894141,0.15027596,0.87188635,4350000.00000000
2.00000000,Pune,PUN-01|PUN-03|PUN-05|PUN-06|PUN-07|CS-01|CS-04|CS-05,82.76348191,85.82073477,0.15027596,0.87188635,4350000.00000000
0.00000000,Pune,PUN-02|PUN-03|PUN-05|PUN-06|PUN-07|CS-01|CS-04|CS-05,59.37411779,62.43137065,0.15674970,0.86229711,4350000.00000000
0.50000000,Pune,PUN-02|PUN-03|PUN-05|PUN-06|PUN-07|CS-01|CS-04|CS-05,65.19470554,68.25195840,0.15674970,0.86229711,4350000.00000000
1.00000000,Pune,PUN-02|PUN-03|PUN-05|PUN-06|PUN-07|CS-01|CS-04|CS-05,71.01529329,74.07254615,0.15674970,0.86229711,4350000.00000000
1.50000000,Pune,PUN-02|PUN-03|PUN-05|PUN-06|PUN-07|CS-01|CS-04|CS-05,76.83588104,79.89313390,0.15674970,0.86229711,4350000.00000000
2.00000000,Pune,PUN-02|PUN-03|PUN-05|PUN-06|PUN-07|CS-01|CS-04|CS-05,82.65646879,85.71372165,0.15674970,0.86229711,4350000.00000000
0.00000000,Pune,PUN-01|PUN-02|PUN-03|PUN-05|PUN-06|PUN-07|CS-01|CS-04|CS-05,60.11812818,63.17538104,0.14951424,0.87334118,4350000.00000000
0.50000000,Pune,PUN-01|PUN-02|PUN-03|PUN-05|PUN-06|PUN-07|CS-01|CS-04|CS-05,66.74077041,69.79802327,0.14951424,0.87334118,4350000.00000000
1.00000000,Pune,PUN-01|PUN-02|PUN-03|PUN-05|PUN-06|PUN-07|CS-01|CS-04|CS-05,73.36341263,76.42066549,0.14951424,0.87334118,4350000.00000000
1.50000000,Pune,PUN-01|PUN-02|PUN-03|PUN-05|PUN-06|PUN-07|CS-01|CS-04|CS-05,79.98605486,83.04330772,0.14951424,0.87334118,4350000.00000000
2.00000000,Pune,PUN-01|PUN-02|PUN-03|PUN-05|PUN-06|PUN-07|CS-01|CS-04|CS-05,86.60869709,89.66594994,0.14951424,0.87334118,4350000.00000000
0.00000000,Pune,PUN-03|PUN-04|PUN-05|PUN-06|PUN-07|CS-01|CS-04|CS-05,59.40634062,62.46359347,0.15737626,0.86080433,4350000.00000000
0.50000000,Pune,PUN-03|PUN-04|PUN-05|PUN-06|PUN-07|CS-01|CS-04|CS-05,65.26108526,68.31833812,0.15737626,0.86080433,4350000.00000000
1.00000000,Pune,PUN-03|PUN-04|PUN-05|PUN-06|PUN-07|CS-01|CS-04|CS-05,71.11582991,74.17308277,0.15737626,0.86080433,4350000.00000000
1.50000000,Pune,PUN-03|PUN-04|PUN-05|PUN-06|PUN-07|CS-01|CS-04|CS-05,76.97057455,80.02782741,0.15737626,0.86080433,4350000.00000000
2.00000000,Pune,PUN-03|PUN-04|PUN-05|PUN-06|PUN-07|CS-01|CS-04|CS-05,82.82531920,85.88257206,0.15737626,0.86080433,4350000.00000000
0.00000000,Pune,PUN-01|PUN-03|PUN-04|PUN-05|PUN-06|PUN-07|CS-01|CS-04|CS-05,60.15034238,63.20759523,0.15014075,0.87184839,4350000.00000000
0.50000000,Pune,PUN-01|PUN-03|PUN-04|PUN-05|PUN-06|PUN-07|CS-01|CS-04|CS-05,66.80714150,69.86439435,0.15014075,0.87184839,4350000.00000000
1.00000000,Pune,PUN-01|PUN-03|PUN-04|PUN-05|PUN-06|PUN-07|CS-01|CS-04|CS-05,73.46394062,76.52119347,0.15014075,0.87184839,4350000.00000000
1.50000000,Pune,PUN-01|PUN-03|PUN-04|PUN-05|PUN-06|PUN-07|CS-01|CS-04|CS-05,80.12073974,83.17799259,0.15014075,0.87184839,4350000.00000000
2.00000000,Pune,PUN-01|PUN-03|PUN-04|PUN-05|PUN-06|PUN-07|CS-01|CS-04|CS-05,86.77753885,89.83479171,0.15014075,0.87184839,4350000.00000000
0.00000000,Pune,PUN-02|PUN-03|PUN-04|PUN-05|PUN-06|PUN-07|CS-01|CS-04|CS-05,60.44815170,63.50540456,0.15661450,0.86225916,4350000.00000000
0.50000000,Pune,PUN-02|PUN-03|PUN-04|PUN-05|PUN-06|PUN-07|CS-01|CS-04|CS-05,67.00374521,70.06099807,0.15661450,0.86225916,4350000.00000000
1.00000000,Pune,PUN-02|PUN-03|PUN-04|PUN-05|PUN-06|PUN-07|CS-01|CS-04|CS-05,73.55933872,76.61659158,0.15661450,0.86225916,4350000.00000000
1.50000000,Pune,PUN-02|PUN-03|PUN-04|PUN-05|PUN-06|PUN-07|CS-01|CS-04|CS-05,80.11493223,83.17218508,0.15661450,0.86225916,4350000.00000000
2.00000000,Pune,PUN-02|PUN-03|PUN-04|PUN-05|PUN-06|PUN-07|CS-01|CS-04|CS-05,86.67052573,89.72777859,0.15661450,0.86225916,4350000.00000000
0.00000000,Pune,PUN-01|PUN-02|PUN-03|PUN-04|PUN-05|PUN-06|PUN-07|CS-01|CS-04|CS-05,61.19216210,64.24941496,0.14937904,0.87330322,4350000.00000000
0.50000000,Pune,PUN-01|PUN-02|PUN-03|PUN-04|PUN-05|PUN-06|PUN-07|CS-01|CS-04|CS-05,68.54981008,71.60706294,0.14937904,0.87330322,4350000.00000000
1.00000000,Pune,PUN-01|PUN-02|PUN-03|PUN-04|PUN-05|PUN-06|PUN-07|CS-01|CS-04|CS-05,75.90745806,78.96471092,0.14937904,0.87330322,4350000.00000000
1.50000000,Pune,PUN-01|PUN-02|PUN-03|PUN-04|PUN-05|PUN-06|PUN-07|CS-01|CS-04|CS-05,83.26510604,86.32235890,0.14937904,0.87330322,4350000.00000000
2.00000000,Pune,PUN-01|PUN-02|PUN-03|PUN-04|PUN-05|PUN-06|PUN-07|CS-01|CS-04|CS-05,90.62275403,93.68000688,0.14937904,0.87330322,4350000.00000000
0.00000000,Pune,PUN-03|PUN-05|PUN-06|PUN-07|CS-02|CS-04|CS-05,60.32347150,63.26124551,0.19109821,0.82187812,4180000.00000000
0.50000000,Pune,PUN-03|PUN-05|PUN-06|PUN-07|CS-02|CS-04|CS-05,65.44321039,68.38098440,0.19109821,0.82187812,4180000.00000000
1.00000000,Pune,PUN-03|PUN-05|PUN-06|PUN-07|CS-02|CS-04|CS-05,70.56294928,73.50072329,0.19109821,0.82187812,4180000.00000000
1.50000000,Pune,PUN-03|PUN-05|PUN-06|PUN-07|CS-02|CS-04|CS-05,75.68268817,78.62046218,0.19109821,0.82187812,4180000.00000000
2.00000000,Pune,PUN-03|PUN-05|PUN-06|PUN-07|CS-02|CS-04|CS-05,80.80242706,83.74020107,0.19109821,0.82187812,4180000.00000000
0.00000000,Pune,PUN-01|PUN-03|PUN-05|PUN-06|PUN-07|CS-02|CS-04|CS-05,61.06747326,64.00524727,0.18386272,0.83292219,4180000.00000000
0.50000000,Pune,PUN-01|PUN-03|PUN-05|PUN-06|PUN-07|CS-02|CS-04|CS-05,66.98926662,69.92704063,0.18386272,0.83292219,4180000.00000000
1.00000000,Pune,PUN-01|PUN-03|PUN-05|PUN-06|PUN-07|CS-02|CS-04|CS-05,72.91105999,75.84883400,0.18386272,0.83292219,4180000.00000000
1.50000000,Pune,PUN-01|PUN-03|PUN-05|PUN-06|PUN-07|CS-02|CS-04|CS-05,78.83285335,81.77062736,0.18386272,0.83292219,4180000.00000000
2.00000000,Pune,PUN-01|PUN-03|PUN-05|PUN-06|PUN-07|CS-02|CS-04|CS-05,84.75464671,87.69242072,0.18386272,0.83292219,4180000.00000000
0.00000000,Pune,PUN-02|PUN-03|PUN-05|PUN-06|PUN-07|CS-02|CS-04|CS-05,61.36528259,64.30305660,0.19033645,0.82333295,4180000.00000000
0.50000000,Pune,PUN-02|PUN-03|PUN-05|PUN-06|PUN-07|CS-02|CS-04|CS-05,67.18587034,70.12364435,0.19033645,0.82333295,4180000.00000000
1.00000000,Pune,PUN-02|PUN-03|PUN-05|PUN-06|PUN-07|CS-02|CS-04|CS-05,73.00645809,75.94423210,0.19033645,0.82333295,4180000.00000000
1.50000000,Pune,PUN-02|PUN-03|PUN-05|PUN-06|PUN-07|CS-02|CS-04|CS-05,78.82704584,81.76481985,0.19033645,0.82333295,4180000.00000000
2.00000000,Pune,PUN-02|PUN-03|PUN-05|PUN-06|PUN-07|CS-02|CS-04|CS-05,84.64763359,87.58540760,0.19033645,0.82333295,4180000.00000000
0.00000000,Pune,PUN-01|PUN-02|PUN-03|PUN-05|PUN-06|PUN-07|CS-02|CS-04|CS-05,62.10929298,65.04706699,0.18310098,0.83437702,4180000.00000000
0.50000000,Pune,PUN-01|PUN-02|PUN-03|PUN-05|PUN-06|PUN-07|CS-02|CS-04|CS-05,68.73193521,71.66970922,0.18310098,0.83437702,4180000.00000000
1.00000000,Pune,PUN-01|PUN-02|PUN-03|PUN-05|PUN-06|PUN-07|CS-02|CS-04|CS-05,75.35457743,78.29235144,0.18310098,0.83437702,4180000.00000000
1.50000000,Pune,PUN-01|PUN-02|PUN-03|PUN-05|PUN-06|PUN-07|CS-02|CS-04|CS-05,81.97721966,84.91499367,0.18310098,0.83437702,4180000.00000000
2.00000000,Pune,PUN-01|PUN-02|PUN-03|PUN-05|PUN-06|PUN-07|CS-02|CS-04|CS-05,88.59986189,91.53763590,0.18310098,0.83437702,4180000.00000000
0.00000000,Pune,PUN-03|PUN-04|PUN-05|PUN-06|PUN-07|CS-02|CS-04|CS-05,61.39750542,64.33527943,0.19096300,0.82184017,4180000.00000000
0.50000000,Pune,PUN-03|PUN-04|PUN-05|PUN-06|PUN-07|CS-02|CS-04|CS-05,67.25225006,70.19002407,0.19096300,0.82184017,4180000.00000000
1.00000000,Pune,PUN-03|PUN-04|PUN-05|PUN-06|PUN-07|CS-02|CS-04|CS-05,73.10699471,76.04476872,0.19096300,0.82184017,4180000.00000000
1.50000000,Pune,PUN-03|PUN-04|PUN-05|PUN-06|PUN-07|CS-02|CS-04|CS-05,78.96173935,81.89951336,0.19096300,0.82184017,4180000.00000000
2.00000000,Pune,PUN-03|PUN-04|PUN-05|PUN-06|PUN-07|CS-02|CS-04|CS-05,84.81648400,87.75425801,0.19096300,0.82184017,4180000.00000000
0.00000000,Pune,PUN-01|PUN-03|PUN-04|PUN-05|PUN-06|PUN-07|CS-02|CS-04|CS-05,62.14150718,65.07928119,0.18372752,0.83288423,4180000.00000000
0.50000000,Pune,PUN-01|PUN-03|PUN-04|PUN-05|PUN-06|PUN-07|CS-02|CS-04|CS-05,68.79830630,71.73608031,0.18372752,0.83288423,4180000.00000000
1.00000000,Pune,PUN-01|PUN-03|PUN-04|PUN-05|PUN-06|PUN-07|CS-02|CS-04|CS-05,75.45510542,78.39287943,0.18372752,0.83288423,4180000.00000000
1.50000000,Pune,PUN-01|PUN-03|PUN-04|PUN-05|PUN-06|PUN-07|CS-02|CS-04|CS-05,82.11190454,85.04967855,0.18372752,0.83288423,4180000.00000000
2.00000000,Pune,PUN-01|PUN-03|PUN-04|PUN-05|PUN-06|PUN-07|CS-02|CS-04|CS-05,88.76870365,91.70647767,0.18372752,0.83288423,4180000.00000000
0.00000000,Pune,PUN-02|PUN-03|PUN-04|PUN-05|PUN-06|PUN-07|CS-02|CS-04|CS-05,62.43931650,65.37709051,0.19020125,0.82329500,4180000.00000000
0.50000000,Pune,PUN-02|PUN-03|PUN-04|PUN-05|PUN-06|PUN-07|CS-02|CS-04|CS-05,68.99491001,71.93268402,0.19020125,0.82329500,4180000.00000000
1.00000000,Pune,PUN-02|PUN-03|PUN-04|PUN-05|PUN-06|PUN-07|CS-02|CS-04|CS-05,75.55050352,78.48827753,0.19020125,0.82329500,4180000.00000000
1.50000000,Pune,PUN-02|PUN-03|PUN-04|PUN-05|PUN-06|PUN-07|CS-02|CS-04|CS-05,82.10609703,85.04387104,0.19020125,0.82329500,4180000.00000000
2.00000000,Pune,PUN-02|PUN-03|PUN-04|PUN-05|PUN-06|PUN-07|CS-02|CS-04|CS-05,88.66169053,91.59946455,0.19020125,0.82329500,4180000.00000000
0.00000000,Pune,PUN-01|PUN-02|PUN-03|PUN-04|PUN-05|PUN-06|PUN-07|CS-02|CS-04|CS-05,63.18332690,66.12110091,0.18296582,0.83433906,4180000.00000000
0.50000000,Pune,PUN-01|PUN-02|PUN-03|PUN-04|PUN-05|PUN-06|PUN-07|CS-02|CS-04|CS-05,70.54097488,73.47874889,0.18296582,0.83433906,4180000.00000000
1.00000000,Pune,PUN-01|PUN-02|PUN-03|PUN-04|PUN-05|PUN-06|PUN-07|CS-02|CS-04|CS-05,77.89862286,80.83639687,0.18296582,0.83433906,4180000.00000000
1.50000000,Pune,PUN-01|PUN-02|PUN-03|PUN-04|PUN-05|PUN-06|PUN-07|CS-02|CS-04|CS-05,85.25627084,88.19404485,0.18296582,0.83433906,4180000.00000000
2.00000000,Pune,PUN-01|PUN-02|PUN-03|PUN-04|PUN-05|PUN-06|PUN-07|CS-02|CS-04|CS-05,92.61391883,95.55169284,0.18296582,0.83433906,4180000.00000000
0.00000000,Pune,PUN-03|PUN-05|PUN-06|CS-01|CS-02|CS-04|CS-05,59.76918371,63.86660536,0.16595370,0.85019039,5830000.00000000
0.50000000,Pune,PUN-03|PUN-05|PUN-06|CS-01|CS-02|CS-04|CS-05,64.90536851,69.00279016,0.16595370,0.85019039,5830000.00000000
1.00000000,Pune,PUN-03|PUN-05|PUN-06|CS-01|CS-02|CS-04|CS-05,70.04155331,74.13897496,0.16595370,0.85019039,5830000.00000000
1.50000000,Pune,PUN-03|PUN-05|PUN-06|CS-01|CS-02|CS-04|CS-05,75.17773811,79.27515976,0.16595370,0.85019039,5830000.00000000
2.00000000,Pune,PUN-03|PUN-05|PUN-06|CS-01|CS-02|CS-04|CS-05,80.31392292,84.41134456,0.16595370,0.85019039,5830000.00000000
0.00000000,Pune,PUN-01|PUN-03|PUN-05|PUN-06|CS-01|CS-02|CS-04|CS-05,60.51318547,64.61060712,0.15871820,0.86123446,5830000.00000000
0.50000000,Pune,PUN-01|PUN-03|PUN-05|PUN-06|CS-01|CS-02|CS-04|CS-05,66.45142475,70.54884639,0.15871820,0.86123446,5830000.00000000
1.00000000,Pune,PUN-01|PUN-03|PUN-05|PUN-06|CS-01|CS-02|CS-04|CS-05,72.38966402,76.48708567,0.15871820,0.86123446,5830000.00000000
1.50000000,Pune,PUN-01|PUN-03|PUN-05|PUN-06|CS-01|CS-02|CS-04|CS-05,78.32790330,82.42532494,0.15871820,0.86123446,5830000.00000000
2.00000000,Pune,PUN-01|PUN-03|PUN-05|PUN-06|CS-01|CS-02|CS-04|CS-05,84.26614257,88.36356422,0.15871820,0.86123446,5830000.00000000
0.00000000,Pune,PUN-02|PUN-03|PUN-05|PUN-06|CS-01|CS-02|CS-04|CS-05,60.81099480,64.90841644,0.16519193,0.85164522,5830000.00000000
0.50000000,Pune,PUN-02|PUN-03|PUN-05|PUN-06|CS-01|CS-02|CS-04|CS-05,66.64802846,70.74545011,0.16519193,0.85164522,5830000.00000000
1.00000000,Pune,PUN-02|PUN-03|PUN-05|PUN-06|CS-01|CS-02|CS-04|CS-05,72.48506212,76.58248377,0.16519193,0.85164522,5830000.00000000
1.50000000,Pune,PUN-02|PUN-03|PUN-05|PUN-06|CS-01|CS-02|CS-04|CS-05,78.32209579,82.41951743,0.16519193,0.85164522,5830000.00000000
2.00000000,Pune,PUN-02|PUN-03|PUN-05|PUN-06|CS-01|CS-02|CS-04|CS-05,84.15912945,88.25655110,0.16519193,0.85164522,5830000.00000000
0.00000000,Pune,PUN-01|PUN-02|PUN-03|PUN-05|PUN-06|CS-01|CS-02|CS-04|CS-05,61.55500519,65.65242684,0.15795648,0.86268929,5830000.00000000
0.50000000,Pune,PUN-01|PUN-02|PUN-03|PUN-05|PUN-06|CS-01|CS-02|CS-04|CS-05,68.19409333,72.29151498,0.15795648,0.86268929,5830000.00000000
1.00000000,Pune,PUN-01|PUN-02|PUN-03|PUN-05|PUN-06|CS-01|CS-02|CS-04|CS-05,74.83318147,78.93060311,0.15795648,0.86268929,5830000.00000000
1.50000000,Pune,PUN-01|PUN-02|PUN-03|PUN-05|PUN-06|CS-01|CS-02|CS-04|CS-05,81.47226961,85.56969125,0.15795648,0.86268929,5830000.00000000
2.00000000,Pune,PUN-01|PUN-02|PUN-03|PUN-05|PUN-06|CS-01|CS-02|CS-04|CS-05,88.11135774,92.20877939,0.15795648,0.86268929,5830000.00000000
0.00000000,Pune,PUN-03|PUN-04|PUN-05|PUN-06|CS-01|CS-02|CS-04|CS-05,60.84321763,64.94063927,0.16581848,0.85015244,5830000.00000000
0.50000000,Pune,PUN-03|PUN-04|PUN-05|PUN-06|CS-01|CS-02|CS-04|CS-05,66.71440818,70.81182983,0.16581848,0.85015244,5830000.00000000
1.00000000,Pune,PUN-03|PUN-04|PUN-05|PUN-06|CS-01|CS-02|CS-04|CS-05,72.58559874,76.68302039,0.16581848,0.85015244,5830000.00000000
1.50000000,Pune,PUN-03|PUN-04|PUN-05|PUN-06|CS-01|CS-02|CS-04|CS-05,78.45678930,82.55421095,0.16581848,0.85015244,5830000.00000000
2.00000000,Pune,PUN-03|PUN-04|PUN-05|PUN-06|CS-01|CS-02|CS-04|CS-05,84.32797986,88.42540150,0.16581848,0.85015244,5830000.00000000
0.00000000,Pune,PUN-01|PUN-03|PUN-04|PUN-05|PUN-06|CS-01|CS-02|CS-04|CS-05,61.58721939,65.68464103,0.15858299,0.86119650,5830000.00000000
0.50000000,Pune,PUN-01|PUN-03|PUN-04|PUN-05|PUN-06|CS-01|CS-02|CS-04|CS-05,68.26046442,72.35788606,0.15858299,0.86119650,5830000.00000000
1.00000000,Pune,PUN-01|PUN-03|PUN-04|PUN-05|PUN-06|CS-01|CS-02|CS-04|CS-05,74.93370945,79.03113110,0.15858299,0.86119650,5830000.00000000
1.50000000,Pune,PUN-01|PUN-03|PUN-04|PUN-05|PUN-06|CS-01|CS-02|CS-04|CS-05,81.60695448,85.70437613,0.15858299,0.86119650,5830000.00000000
2.00000000,Pune,PUN-01|PUN-03|PUN-04|PUN-05|PUN-06|CS-01|CS-02|CS-04|CS-05,88.28019951,92.37762116,0.15858299,0.86119650,5830000.00000000
0.00000000,Pune,PUN-02|PUN-03|PUN-04|PUN-05|PUN-06|CS-01|CS-02|CS-04|CS-05,61.88502871,65.98245036,0.16505674,0.85160727,5830000.00000000
0.50000000,Pune,PUN-02|PUN-03|PUN-04|PUN-05|PUN-06|CS-01|CS-02|CS-04|CS-05,68.45706813,72.55448978,0.16505674,0.85160727,5830000.00000000
1.00000000,Pune,PUN-02|PUN-03|PUN-04|PUN-05|PUN-06|CS-01|CS-02|CS-04|CS-05,75.02910755,79.12652920,0.16505674,0.85160727,5830000.00000000
1.50000000,Pune,PUN-02|PUN-03|PUN-04|PUN-05|PUN-06|CS-01|CS-02|CS-04|CS-05,81.60114697,85.69856862,0.16505674,0.85160727,5830000.00000000
2.00000000,Pune,PUN-02|PUN-03|PUN-04|PUN-05|PUN-06|CS-01|CS-02|CS-04|CS-05,88.17318639,92.27060804,0.16505674,0.85160727,5830000.00000000
0.00000000,Pune,PUN-01|PUN-02|PUN-03|PUN-04|PUN-05|PUN-06|CS-01|CS-02|CS-04|CS-05,62.62903911,66.72646076,0.15782128,0.86265133,5830000.00000000
0.50000000,Pune,PUN-01|PUN-02|PUN-03|PUN-04|PUN-05|PUN-06|CS-01|CS-02|CS-04|CS-05,70.00313300,74.10055465,0.15782128,0.86265133,5830000.00000000
1.00000000,Pune,PUN-01|PUN-02|PUN-03|PUN-04|PUN-05|PUN-06|CS-01|CS-02|CS-04|CS-05,77.37722690,81.47464854,0.15782128,0.86265133,5830000.00000000
1.50000000,Pune,PUN-01|PUN-02|PUN-03|PUN-04|PUN-05|PUN-06|CS-01|CS-02|CS-04|CS-05,84.75132079,88.84874244,0.15782128,0.86265133,5830000.00000000
2.00000000,Pune,PUN-01|PUN-02|PUN-03|PUN-04|PUN-05|PUN-06|CS-01|CS-02|CS-04|CS-05,92.12541468,96.22283633,0.15782128,0.86265133,5830000.00000000
0.00000000,Pune,PUN-05|PUN-06|PUN-07|CS-01|CS-02|CS-04|CS-05,61.51332667,65.61074831,0.20288275,0.79728516,5830000.00000000
0.50000000,Pune,PUN-05|PUN-06|PUN-07|CS-01|CS-02|CS-04|CS-05,66.60017373,70.69759538,0.20288275,0.79728516,5830000.00000000
1.00000000,Pune,PUN-05|PUN-06|PUN-07|CS-01|CS-02|CS-04|CS-05,71.68702080,75.78444244,0.20288275,0.79728516,5830000.00000000
1.50000000,Pune,PUN-05|PUN-06|PUN-07|CS-01|CS-02|CS-04|CS-05,76.77386786,80.87128951,0.20288275,0.79728516,5830000.00000000
2.00000000,Pune,PUN-05|PUN-06|PUN-07|CS-01|CS-02|CS-04|CS-05,81.86071493,85.95813657,0.20288275,0.79728516,5830000.00000000
0.00000000,Pune,PUN-01|PUN-05|PUN-06|PUN-07|CS-01|CS-02|CS-04|CS-05,62.25732843,66.35475007,0.19564725,0.80832922,5830000.00000000
0.50000000,Pune,PUN-01|PUN-05|PUN-06|PUN-07|CS-01|CS-02|CS-04|CS-05,68.14622997,72.24365161,0.19564725,0.80832922,5830000.00000000
1.00000000,Pune,PUN-01|PUN-05|PUN-06|PUN-07|CS-01|CS-02|CS-04|CS-05,74.03513151,78.13255315,0.19564725,0.80832922,5830000.00000000
1.50000000,Pune,PUN-01|PUN-05|PUN-06|PUN-07|CS-01|CS-02|CS-04|CS-05,79.92403305,84.02145469,0.19564725,0.80832922,5830000.00000000
2.00000000,Pune,PUN-01|PUN-05|PUN-06|PUN-07|CS-01|CS-02|CS-04|CS-05,85.81293458,89.91035623,0.19564725,0.80832922,5830000.00000000
0.00000000,Pune,PUN-02|PUN-05|PUN-06|PUN-07|CS-01|CS-02|CS-04|CS-05,62.52490392,66.62232557,0.20157303,0.79873999,5830000.00000000
0.50000000,Pune,PUN-02|PUN-05|PUN-06|PUN-07|CS-01|CS-02|CS-04|CS-05,68.31259985,72.41002150,0.20157303,0.79873999,5830000.00000000
1.00000000,Pune,PUN-02|PUN-05|PUN-06|PUN-07|CS-01|CS-02|CS-04|CS-05,74.10029578,78.19771743,0.20157303,0.79873999,5830000.00000000
1.50000000,Pune,PUN-02|PUN-05|PUN-06|PUN-07|CS-01|CS-02|CS-04|CS-05,79.88799171,83.98541335,0.20157303,0.79873999,5830000.00000000
2.00000000,Pune,PUN-02|PUN-05|PUN-06|PUN-07|CS-01|CS-02|CS-04|CS-05,85.67568764,89.77310928,0.20157303,0.79873999,5830000.00000000
0.00000000,Pune,PUN-01|PUN-02|PUN-05|PUN-06|PUN-07|CS-01|CS-02|CS-04|CS-05,63.26891432,67.36633597,0.19433758,0.80978405,5830000.00000000
0.50000000,Pune,PUN-01|PUN-02|PUN-05|PUN-06|PUN-07|CS-01|CS-02|CS-04|CS-05,69.85866472,73.95608637,0.19433758,0.80978405,5830000.00000000
1.00000000,Pune,PUN-01|PUN-02|PUN-05|PUN-06|PUN-07|CS-01|CS-02|CS-04|CS-05,76.44841512,80.54583677,0.19433758,0.80978405,5830000.00000000
1.50000000,Pune,PUN-01|PUN-02|PUN-05|PUN-06|PUN-07|CS-01|CS-02|CS-04|CS-05,83.03816553,87.13558717,0.19433758,0.80978405,5830000.00000000
2.00000000,Pune,PUN-01|PUN-02|PUN-05|PUN-06|PUN-07|CS-01|CS-02|CS-04|CS-05,89.62791593,93.72533757,0.19433758,0.80978405,5830000.00000000
0.00000000,Pune,PUN-03|PUN-05|PUN-06|PUN-07|CS-01|CS-02|CS-04|CS-05,59.25094762,63.34836927,0.14671995,0.86107000,5830000.00000000
0.50000000,Pune,PUN-03|PUN-05|PUN-06|PUN-07|CS-01|CS-02|CS-04|CS-05,65.10569226,69.20311391,0.14671995,0.86107000,5830000.00000000
1.00000000,Pune,PUN-03|PUN-05|PUN-06|PUN-07|CS-01|CS-02|CS-04|CS-05,70.96043691,75.05785856,0.14671995,0.86107000,5830000.00000000
1.50000000,Pune,PUN-03|PUN-05|PUN-06|PUN-07|CS-01|CS-02|CS-04|CS-05,76.81518156,80.91260320,0.14671995,0.86107000,5830000.00000000
2.00000000,Pune,PUN-03|PUN-05|PUN-06|PUN-07|CS-01|CS-02|CS-04|CS-05,82.66992620,86.76734785,0.14671995,0.86107000,5830000.00000000
0.00000000,Pune,PUN-01|PUN-03|PUN-05|PUN-06|PUN-07|CS-01|CS-02|CS-04|CS-05,59.99494938,64.09237103,0.13948447,0.87211406,5830000.00000000
0.50000000,Pune,PUN-01|PUN-03|PUN-05|PUN-06|PUN-07|CS-01|CS-02|CS-04|CS-05,66.65174850,70.74917015,0.13948447,0.87211406,5830000.00000000
1.00000000,Pune,PUN-01|PUN-03|PUN-05|PUN-06|PUN-07|CS-01|CS-02|CS-04|CS-05,73.30854762,77.40596926,0.13948447,0.87211406,5830000.00000000
1.50000000,Pune,PUN-01|PUN-03|PUN-05|PUN-06|PUN-07|CS-01|CS-02|CS-04|CS-05,79.96534674,84.06276838,0.13948447,0.87211406,5830000.00000000
2.00000000,Pune,PUN-01|PUN-03|PUN-05|PUN-06|PUN-07|CS-01|CS-02|CS-04|CS-05,86.62214586,90.71956750,0.13948447,0.87211406,5830000.00000000
0.00000000,Pune,PUN-02|PUN-03|PUN-05|PUN-06|PUN-07|CS-01|CS-02|CS-04|CS-05,60.29275871,64.39018035,0.14595821,0.86252483,5830000.00000000
0.50000000,Pune,PUN-02|PUN-03|PUN-05|PUN-06|PUN-07|CS-01|CS-02|CS-04|CS-05,66.84835221,70.94577386,0.14595821,0.86252483,5830000.00000000
1.00000000,Pune,PUN-02|PUN-03|PUN-05|PUN-06|PUN-07|CS-01|CS-02|CS-04|CS-05,73.40394572,77.50136737,0.14595821,0.86252483,5830000.00000000
1.50000000,Pune,PUN-02|PUN-03|PUN-05|PUN-06|PUN-07|CS-01|CS-02|CS-04|CS-05,79.95953923,84.05696088,0.14595821,0.86252483,5830000.00000000
2.00000000,Pune,PUN-02|PUN-03|PUN-05|PUN-06|PUN-07|CS-01|CS-02|CS-04|CS-05,86.51513274,90.61255438,0.14595821,0.86252483,5830000.00000000
0.00000000,Pune,PUN-01|PUN-02|PUN-03|PUN-05|PUN-06|PUN-07|CS-01|CS-02|CS-04|CS-05,61.03676910,65.13419075,0.13872275,0.87356889,5830000.00000000
0.50000000,Pune,PUN-01|PUN-02|PUN-03|PUN-05|PUN-06|PUN-07|CS-01|CS-02|CS-04|CS-05,68.39441708,72.49183873,0.13872275,0.87356889,5830000.00000000
1.00000000,Pune,PUN-01|PUN-02|PUN-03|PUN-05|PUN-06|PUN-07|CS-01|CS-02|CS-04|CS-05,75.75206507,79.84948671,0.13872275,0.87356889,5830000.00000000
1.50000000,Pune,PUN-01|PUN-02|PUN-03|PUN-05|PUN-06|PUN-07|CS-01|CS-02|CS-04|CS-05,83.10971305,87.20713469,0.13872275,0.87356889,5830000.00000000
2.00000000,Pune,PUN-01|PUN-02|PUN-03|PUN-05|PUN-06|PUN-07|CS-01|CS-02|CS-04|CS-05,90.46736103,94.56478267,0.13872275,0.87356889,5830000.00000000
0.00000000,Pune,PUN-04|PUN-05|PUN-06|PUN-07|CS-01|CS-02|CS-04|CS-05,62.58736058,66.68478223,0.20274755,0.79724721,5830000.00000000
0.50000000,Pune,PUN-04|PUN-05|PUN-06|PUN-07|CS-01|CS-02|CS-04|CS-05,68.40921340,72.50663505,0.20274755,0.79724721,5830000.00000000
1.00000000,Pune,PUN-04|PUN-05|PUN-06|PUN-07|CS-01|CS-02|CS-04|CS-05,74.23106623,78.32848787,0.20274755,0.79724721,5830000.00000000
1.50000000,Pune,PUN-04|PUN-05|PUN-06|PUN-07|CS-01|CS-02|CS-04|CS-05,80.05291905,84.15034069,0.20274755,0.79724721,5830000.00000000
2.00000000,Pune,PUN-04|PUN-05|PUN-06|PUN-07|CS-01|CS-02|CS-04|CS-05,85.87477187,89.97219352,0.20274755,0.79724721,5830000.00000000
0.00000000,Pune,PUN-01|PUN-04|PUN-05|PUN-06|PUN-07|CS-01|CS-02|CS-04|CS-05,63.33136234,67.42878399,0.19551207,0.80829127,5830000.00000000
0.50000000,Pune,PUN-01|PUN-04|PUN-05|PUN-06|PUN-07|CS-01|CS-02|CS-04|CS-05,69.95526964,74.05269128,0.19551207,0.80829127,5830000.00000000
1.00000000,Pune,PUN-01|PUN-04|PUN-05|PUN-06|PUN-07|CS-01|CS-02|CS-04|CS-05,76.57917693,80.67659858,0.19551207,0.80829127,5830000.00000000
1.50000000,Pune,PUN-01|PUN-04|PUN-05|PUN-06|PUN-07|CS-01|CS-02|CS-04|CS-05,83.20308423,87.30050588,0.19551207,0.80829127,5830000.00000000
2.00000000,Pune,PUN-01|PUN-04|PUN-05|PUN-06|PUN-07|CS-01|CS-02|CS-04|CS-05,89.82699153,93.92441317,0.19551207,0.80829127,5830000.00000000
0.00000000,Pune,PUN-02|PUN-04|PUN-05|PUN-06|PUN-07|CS-01|CS-02|CS-04|CS-05,63.59893784,67.69635949,0.20143783,0.79870204,5830000.00000000
0.50000000,Pune,PUN-02|PUN-04|PUN-05|PUN-06|PUN-07|CS-01|CS-02|CS-04|CS-05,70.12163953,74.21906117,0.20143783,0.79870204,5830000.00000000
1.00000000,Pune,PUN-02|PUN-04|PUN-05|PUN-06|PUN-07|CS-01|CS-02|CS-04|CS-05,76.64434121,80.74176286,0.20143783,0.79870204,5830000.00000000
1.50000000,Pune,PUN-02|PUN-04|PUN-05|PUN-06|PUN-07|CS-01|CS-02|CS-04|CS-05,83.16704289,87.26446454,0.20143783,0.79870204,5830000.00000000
2.00000000,Pune,PUN-02|PUN-04|PUN-05|PUN-06|PUN-07|CS-01|CS-02|CS-04|CS-05,89.68974458,93.78716622,0.20143783,0.79870204,5830000.00000000
0.00000000,Pune,PUN-01|PUN-02|PUN-04|PUN-05|PUN-06|PUN-07|CS-01|CS-02|CS-04|CS-05,64.34294824,68.44036988,0.19420238,0.80974610,5830000.00000000
0.50000000,Pune,PUN-01|PUN-02|PUN-04|PUN-05|PUN-06|PUN-07|CS-01|CS-02|CS-04|CS-05,71.66770439,75.76512604,0.19420238,0.80974610,5830000.00000000
1.00000000,Pune,PUN-01|PUN-02|PUN-04|PUN-05|PUN-06|PUN-07|CS-01|CS-02|CS-04|CS-05,78.99246055,83.08988220,0.19420238,0.80974610,5830000.00000000
1.50000000,Pune,PUN-01|PUN-02|PUN-04|PUN-05|PUN-06|PUN-07|CS-01|CS-02|CS-04|CS-05,86.31721671,90.41463836,0.19420238,0.80974610,5830000.00000000
2.00000000,Pune,PUN-01|PUN-02|PUN-04|PUN-05|PUN-06|PUN-07|CS-01|CS-02|CS-04|CS-05,93.64197287,97.73939451,0.19420238,0.80974610,5830000.00000000
0.00000000,Pune,PUN-03|PUN-04|PUN-05|PUN-06|PUN-07|CS-01|CS-02|CS-04|CS-05,60.32498154,64.42240318,0.14658476,0.86103204,5830000.00000000
0.50000000,Pune,PUN-03|PUN-04|PUN-05|PUN-06|PUN-07|CS-01|CS-02|CS-04|CS-05,66.91473194,71.01215358,0.14658476,0.86103204,5830000.00000000
1.00000000,Pune,PUN-03|PUN-04|PUN-05|PUN-06|PUN-07|CS-01|CS-02|CS-04|CS-05,73.50448234,77.60190398,0.14658476,0.86103204,5830000.00000000
1.50000000,Pune,PUN-03|PUN-04|PUN-05|PUN-06|PUN-07|CS-01|CS-02|CS-04|CS-05,80.09423274,84.19165439,0.14658476,0.86103204,5830000.00000000
2.00000000,Pune,PUN-03|PUN-04|PUN-05|PUN-06|PUN-07|CS-01|CS-02|CS-04|CS-05,86.68398314,90.78140479,0.14658476,0.86103204,5830000.00000000
0.00000000,Pune,PUN-01|PUN-03|PUN-04|PUN-05|PUN-06|PUN-07|CS-01|CS-02|CS-04|CS-05,61.06898330,65.16640494,0.13934927,0.87207611,5830000.00000000
0.50000000,Pune,PUN-01|PUN-03|PUN-04|PUN-05|PUN-06|PUN-07|CS-01|CS-02|CS-04|CS-05,68.46078817,72.55820982,0.13934927,0.87207611,5830000.00000000
1.00000000,Pune,PUN-01|PUN-03|PUN-04|PUN-05|PUN-06|PUN-07|CS-01|CS-02|CS-04|CS-05,75.85259305,79.95001469,0.13934927,0.87207611,5830000.00000000
1.50000000,Pune,PUN-01|PUN-03|PUN-04|PUN-05|PUN-06|PUN-07|CS-01|CS-02|CS-04|CS-05,83.24439792,87.34181957,0.13934927,0.87207611,5830000.00000000
2.00000000,Pune,PUN-01|PUN-03|PUN-04|PUN-05|PUN-06|PUN-07|CS-01|CS-02|CS-04|CS-05,90.63620280,94.73362444,0.13934927,0.87207611,5830000.00000000
0.00000000,Pune,PUN-02|PUN-03|PUN-04|PUN-05|PUN-06|PUN-07|CS-01|CS-02|CS-04|CS-05,61.36679262,65.46421427,0.14582300,0.86248687,5830000.00000000
0.50000000,Pune,PUN-02|PUN-03|PUN-04|PUN-05|PUN-06|PUN-07|CS-01|CS-02|CS-04|CS-05,68.65739189,72.75481353,0.14582300,0.86248687,5830000.00000000
1.00000000,Pune,PUN-02|PUN-03|PUN-04|PUN-05|PUN-06|PUN-07|CS-01|CS-02|CS-04|CS-05,75.94799115,80.04541280,0.14582300,0.86248687,5830000.00000000
1.50000000,Pune,PUN-02|PUN-03|PUN-04|PUN-05|PUN-06|PUN-07|CS-01|CS-02|CS-04|CS-05,83.23859041,87.33601206,0.14582300,0.86248687,5830000.00000000
2.00000000,Pune,PUN-02|PUN-03|PUN-04|PUN-05|PUN-06|PUN-07|CS-01|CS-02|CS-04|CS-05,90.52918968,94.62661132,0.14582300,0.86248687,5830000.00000000
0.00000000,Pune,PUN-01|PUN-02|PUN-03|PUN-04|PUN-05|PUN-06|PUN-07|CS-01|CS-02|CS-04|CS-05,62.11080302,66.20822467,0.13858756,0.87353094,5830000.00000000
0.50000000,Pune,PUN-01|PUN-02|PUN-03|PUN-04|PUN-05|PUN-06|PUN-07|CS-01|CS-02|CS-04|CS-05,70.20345676,74.30087840,0.13858756,0.87353094,5830000.00000000
1.00000000,Pune,PUN-01|PUN-02|PUN-03|PUN-04|PUN-05|PUN-06|PUN-07|CS-01|CS-02|CS-04|CS-05,78.29611049,82.39353214,0.13858756,0.87353094,5830000.00000000
1.50000000,Pune,PUN-01|PUN-02|PUN-03|PUN-04|PUN-05|PUN-06|PUN-07|CS-01|CS-02|CS-04|CS-05,86.38876423,90.48618588,0.13858756,0.87353094,5830000.00000000
2.00000000,Pune,PUN-01|PUN-02|PUN-03|PUN-04|PUN-05|PUN-06|PUN-07|CS-01|CS-02|CS-04|CS-05,94.48141797,98.57883962,0.13858756,0.87353094,5830000.00000000
0.00000000,Pune,PUN-03|PUN-05|PUN-06|PUN-07|CS-03|CS-04|CS-05,59.49003162,62.45591830,0.18348370,0.83277038,4220000.00000000
0.50000000,Pune,PUN-03|PUN-05|PUN-06|PUN-07|CS-03|CS-04|CS-05,64.60977051,67.57565719,0.18348370,0.83277038,4220000.00000000
1.00000000,Pune,PUN-03|PUN-05|PUN-06|PUN-07|CS-03|CS-04|CS-05,69.72950940,72.69539608,0.18348370,0.83277038,4220000.00000000
1.50000000,Pune,PUN-03|PUN-05|PUN-06|PUN-07|CS-03|CS-04|CS-05,74.84924829,77.81513497,0.18348370,0.83277038,4220000.00000000
2.00000000,Pune,PUN-03|PUN-05|PUN-06|PUN-07|CS-03|CS-04|CS-05,79.96898718,82.93487386,0.18348370,0.83277038,4220000.00000000
0.00000000,Pune,PUN-01|PUN-03|PUN-05|PUN-06|PUN-07|CS-03|CS-04|CS-05,60.23403338,63.19992006,0.17624821,0.84381444,4220000.00000000
0.50000000,Pune,PUN-01|PUN-03|PUN-05|PUN-06|PUN-07|CS-03|CS-04|CS-05,66.15582675,69.12171343,0.17624821,0.84381444,4220000.00000000
1.00000000,Pune,PUN-01|PUN-03|PUN-05|PUN-06|PUN-07|CS-03|CS-04|CS-05,72.07762011,75.04350679,0.17624821,0.84381444,4220000.00000000
1.50000000,Pune,PUN-01|PUN-03|PUN-05|PUN-06|PUN-07|CS-03|CS-04|CS-05,77.99941347,80.96530015,0.17624821,0.84381444,4220000.00000000
2.00000000,Pune,PUN-01|PUN-03|PUN-05|PUN-06|PUN-07|CS-03|CS-04|CS-05,83.92120684,86.88709352,0.17624821,0.84381444,4220000.00000000
0.00000000,Pune,PUN-02|PUN-03|PUN-05|PUN-06|PUN-07|CS-03|CS-04|CS-05,60.53184271,63.49772939,0.18272196,0.83422521,4220000.00000000
0.50000000,Pune,PUN-02|PUN-03|PUN-05|PUN-06|PUN-07|CS-03|CS-04|CS-05,66.35243046,69.31831714,0.18272196,0.83422521,4220000.00000000
1.00000000,Pune,PUN-02|PUN-03|PUN-05|PUN-06|PUN-07|CS-03|CS-04|CS-05,72.17301821,75.13890489,0.18272196,0.83422521,4220000.00000000
1.50000000,Pune,PUN-02|PUN-03|PUN-05|PUN-06|PUN-07|CS-03|CS-04|CS-05,77.99360597,80.95949265,0.18272196,0.83422521,4220000.00000000
2.00000000,Pune,PUN-02|PUN-03|PUN-05|PUN-06|PUN-07|CS-03|CS-04|CS-05,83.81419372,86.78008040,0.18272196,0.83422521,4220000.00000000
0.00000000,Pune,PUN-01|PUN-02|PUN-03|PUN-05|PUN-06|PUN-07|CS-03|CS-04|CS-05,61.27585311,64.24173979,0.17548651,0.84526927,4220000.00000000
0.50000000,Pune,PUN-01|PUN-02|PUN-03|PUN-05|PUN-06|PUN-07|CS-03|CS-04|CS-05,67.89849533,70.86438201,0.17548651,0.84526927,4220000.00000000
1.00000000,Pune,PUN-01|PUN-02|PUN-03|PUN-05|PUN-06|PUN-07|CS-03|CS-04|CS-05,74.52113756,77.48702424,0.17548651,0.84526927,4220000.00000000
1.50000000,Pune,PUN-01|PUN-02|PUN-03|PUN-05|PUN-06|PUN-07|CS-03|CS-04|CS-05,81.14377978,84.10966646,0.17548651,0.84526927,4220000.00000000
2.00000000,Pune,PUN-01|PUN-02|PUN-03|PUN-05|PUN-06|PUN-07|CS-03|CS-04|CS-05,87.76642201,90.73230869,0.17548651,0.84526927,4220000.00000000
0.00000000,Pune,PUN-03|PUN-04|PUN-05|PUN-06|PUN-07|CS-03|CS-04|CS-05,60.56406554,63.52995222,0.18334851,0.83273243,4220000.00000000
0.50000000,Pune,PUN-03|PUN-04|PUN-05|PUN-06|PUN-07|CS-03|CS-04|CS-05,66.41881018,69.38469687,0.18334851,0.83273243,4220000.00000000
1.00000000,Pune,PUN-03|PUN-04|PUN-05|PUN-06|PUN-07|CS-03|CS-04|CS-05,72.27355483,75.23944151,0.18334851,0.83273243,4220000.00000000
1.50000000,Pune,PUN-03|PUN-04|PUN-05|PUN-06|PUN-07|CS-03|CS-04|CS-05,78.12829948,81.09418616,0.18334851,0.83273243,4220000.00000000
2.00000000,Pune,PUN-03|PUN-04|PUN-05|PUN-06|PUN-07|CS-03|CS-04|CS-05,83.98304412,86.94893080,0.18334851,0.83273243,4220000.00000000
0.00000000,Pune,PUN-01|PUN-03|PUN-04|PUN-05|PUN-06|PUN-07|CS-03|CS-04|CS-05,61.30806730,64.27395398,0.17611301,0.84377649,4220000.00000000
0.50000000,Pune,PUN-01|PUN-03|PUN-04|PUN-05|PUN-06|PUN-07|CS-03|CS-04|CS-05,67.96486642,70.93075310,0.17611301,0.84377649,4220000.00000000
1.00000000,Pune,PUN-01|PUN-03|PUN-04|PUN-05|PUN-06|PUN-07|CS-03|CS-04|CS-05,74.62166554,77.58755222,0.17611301,0.84377649,4220000.00000000
1.50000000,Pune,PUN-01|PUN-03|PUN-04|PUN-05|PUN-06|PUN-07|CS-03|CS-04|CS-05,81.27846466,84.24435134,0.17611301,0.84377649,4220000.00000000
2.00000000,Pune,PUN-01|PUN-03|PUN-04|PUN-05|PUN-06|PUN-07|CS-03|CS-04|CS-05,87.93526378,90.90115046,0.17611301,0.84377649,4220000.00000000
0.00000000,Pune,PUN-02|PUN-03|PUN-04|PUN-05|PUN-06|PUN-07|CS-03|CS-04|CS-05,61.60587663,64.57176331,0.18258674,0.83418726,4220000.00000000
0.50000000,Pune,PUN-02|PUN-03|PUN-04|PUN-05|PUN-06|PUN-07|CS-03|CS-04|CS-05,68.16147013,71.12735682,0.18258674,0.83418726,4220000.00000000
1.00000000,Pune,PUN-02|PUN-03|PUN-04|PUN-05|PUN-06|PUN-07|CS-03|CS-04|CS-05,74.71706364,77.68295032,0.18258674,0.83418726,4220000.00000000
1.50000000,Pune,PUN-02|PUN-03|PUN-04|PUN-05|PUN-06|PUN-07|CS-03|CS-04|CS-05,81.27265715,84.23854383,0.18258674,0.83418726,4220000.00000000
2.00000000,Pune,PUN-02|PUN-03|PUN-04|PUN-05|PUN-06|PUN-07|CS-03|CS-04|CS-05,87.82825066,90.79413734,0.18258674,0.83418726,4220000.00000000
0.00000000,Pune,PUN-01|PUN-02|PUN-03|PUN-04|PUN-05|PUN-06|PUN-07|CS-03|CS-04|CS-05,62.34988702,65.31577370,0.17535129,0.84523132,4220000.00000000
0.50000000,Pune,PUN-01|PUN-02|PUN-03|PUN-04|PUN-05|PUN-06|PUN-07|CS-03|CS-04|CS-05,69.70753500,72.67342168,0.17535129,0.84523132,4220000.00000000
1.00000000,Pune,PUN-01|PUN-02|PUN-03|PUN-04|PUN-05|PUN-06|PUN-07|CS-03|CS-04|CS-05,77.06518299,80.03106967,0.17535129,0.84523132,4220000.00000000
1.50000000,Pune,PUN-01|PUN-02|PUN-03|PUN-04|PUN-05|PUN-06|PUN-07|CS-03|CS-04|CS-05,84.42283097,87.38871765,0.17535129,0.84523132,4220000.00000000
2.00000000,Pune,PUN-01|PUN-02|PUN-03|PUN-04|PUN-05|PUN-06|PUN-07|CS-03|CS-04|CS-05,91.78047895,94.74636563,0.17535129,0.84523132,4220000.00000000
0.00000000,Pune,PUN-01|PUN-02|PUN-03|PUN-05|CS-01|CS-03|CS-04|CS-05,63.35346357,67.47899789,0.20918001,0.81075816,5870000.00000000
0.50000000,Pune,PUN-01|PUN-02|PUN-03|PUN-05|CS-01|CS-03|CS-04|CS-05,69.24110004,73.36663436,0.20918001,0.81075816,5870000.00000000
1.00000000,Pune,PUN-01|PUN-02|PUN-03|PUN-05|CS-01|CS-03|CS-04|CS-05,75.12873651,79.25427083,0.20918001,0.81075816,5870000.00000000
1.50000000,Pune,PUN-01|PUN-02|PUN-03|PUN-05|CS-01|CS-03|CS-04|CS-05,81.01637298,85.14190730,0.20918001,0.81075816,5870000.00000000
2.00000000,Pune,PUN-01|PUN-02|PUN-03|PUN-05|CS-01|CS-03|CS-04|CS-05,86.90400945,91.02954377,0.20918001,0.81075816,5870000.00000000
0.00000000,Pune,PUN-01|PUN-02|PUN-03|PUN-04|PUN-05|CS-01|CS-03|CS-04|CS-05,64.28741749,68.41295180,0.20725925,0.81072020,5870000.00000000
0.50000000,Pune,PUN-01|PUN-02|PUN-03|PUN-04|PUN-05|CS-01|CS-03|CS-04|CS-05,70.91005971,75.03559403,0.20725925,0.81072020,5870000.00000000
1.00000000,Pune,PUN-01|PUN-02|PUN-03|PUN-04|PUN-05|CS-01|CS-03|CS-04|CS-05,77.53270194,81.65823625,0.20725925,0.81072020,5870000.00000000
1.50000000,Pune,PUN-01|PUN-02|PUN-03|PUN-04|PUN-05|CS-01|CS-03|CS-04|CS-05,84.15534416,88.28087848,0.20725925,0.81072020,5870000.00000000
2.00000000,Pune,PUN-01|PUN-02|PUN-03|PUN-04|PUN-05|CS-01|CS-03|CS-04|CS-05,90.77798639,94.90352071,0.20725925,0.81072020,5870000.00000000
0.00000000,Pune,PUN-03|PUN-05|PUN-06|CS-01|CS-03|CS-04|CS-05,57.51024569,61.63578001,0.13251130,0.89683353,5870000.00000000
0.50000000,Pune,PUN-03|PUN-05|PUN-06|CS-01|CS-03|CS-04|CS-05,62.64643050,66.77196481,0.13251130,0.89683353,5870000.00000000
1.00000000,Pune,PUN-03|PUN-05|PUN-06|CS-01|CS-03|CS-04|CS-05,67.78261530,71.90814961,0.13251130,0.89683353,5870000.00000000
1.50000000,Pune,PUN-03|PUN-05|PUN-06|CS-01|CS-03|CS-04|CS-05,72.91880010,77.04433442,0.13251130,0.89683353,5870000.00000000
2.00000000,Pune,PUN-03|PUN-05|PUN-06|CS-01|CS-03|CS-04|CS-05,78.05498490,82.18051922,0.13251130,0.89683353,5870000.00000000
0.00000000,Pune,PUN-01|PUN-03|PUN-05|PUN-06|CS-01|CS-03|CS-04|CS-05,58.25424746,62.37978177,0.12527581,0.90787759,5870000.00000000
0.50000000,Pune,PUN-01|PUN-03|PUN-05|PUN-06|CS-01|CS-03|CS-04|CS-05,64.19248673,68.31802105,0.12527581,0.90787759,5870000.00000000
1.00000000,Pune,PUN-01|PUN-03|PUN-05|PUN-06|CS-01|CS-03|CS-04|CS-05,70.13072601,74.25626032,0.12527581,0.90787759,5870000.00000000
1.50000000,Pune,PUN-01|PUN-03|PUN-05|PUN-06|CS-01|CS-03|CS-04|CS-05,76.06896528,80.19449960,0.12527581,0.90787759,5870000.00000000
2.00000000,Pune,PUN-01|PUN-03|PUN-05|PUN-06|CS-01|CS-03|CS-04|CS-05,82.00720456,86.13273887,0.12527581,0.90787759,5870000.00000000
0.00000000,Pune,PUN-02|PUN-03|PUN-05|PUN-06|CS-01|CS-03|CS-04|CS-05,58.55205678,62.67759110,0.13174954,0.89828836,5870000.00000000
0.50000000,Pune,PUN-02|PUN-03|PUN-05|PUN-06|CS-01|CS-03|CS-04|CS-05,64.38909045,68.51462476,0.13174954,0.89828836,5870000.00000000
1.00000000,Pune,PUN-02|PUN-03|PUN-05|PUN-06|CS-01|CS-03|CS-04|CS-05,70.22612411,74.35165843,0.13174954,0.89828836,5870000.00000000
1.50000000,Pune,PUN-02|PUN-03|PUN-05|PUN-06|CS-01|CS-03|CS-04|CS-05,76.06315777,80.18869209,0.13174954,0.89828836,5870000.00000000
2.00000000,Pune,PUN-02|PUN-03|PUN-05|PUN-06|CS-01|CS-03|CS-04|CS-05,81.90019144,86.02572575,0.13174954,0.89828836,5870000.00000000
0.00000000,Pune,PUN-01|PUN-02|PUN-03|PUN-05|PUN-06|CS-01|CS-03|CS-04|CS-05,59.29606718,63.42160149,0.12451410,0.90933242,5870000.00000000
0.50000000,Pune,PUN-01|PUN-02|PUN-03|PUN-05|PUN-06|CS-01|CS-03|CS-04|CS-05,65.93515532,70.06068963,0.12451410,0.90933242,5870000.00000000
1.00000000,Pune,PUN-01|PUN-02|PUN-03|PUN-05|PUN-06|CS-01|CS-03|CS-04|CS-05,72.57424345,76.69977777,0.12451410,0.90933242,5870000.00000000
1.50000000,Pune,PUN-01|PUN-02|PUN-03|PUN-05|PUN-06|CS-01|CS-03|CS-04|CS-05,79.21333159,83.33886591,0.12451410,0.90933242,5870000.00000000
2.00000000,Pune,PUN-01|PUN-02|PUN-03|PUN-05|PUN-06|CS-01|CS-03|CS-04|CS-05,85.85241973,89.97795404,0.12451410,0.90933242,5870000.00000000
0.00000000,Pune,PUN-03|PUN-04|PUN-05|PUN-06|CS-01|CS-03|CS-04|CS-05,58.58427961,62.70981393,0.13237610,0.89679558,5870000.00000000
0.50000000,Pune,PUN-03|PUN-04|PUN-05|PUN-06|CS-01|CS-03|CS-04|CS-05,64.45547017,68.58100448,0.13237610,0.89679558,5870000.00000000
1.00000000,Pune,PUN-03|PUN-04|PUN-05|PUN-06|CS-01|CS-03|CS-04|CS-05,70.32666073,74.45219504,0.13237610,0.89679558,5870000.00000000
1.50000000,Pune,PUN-03|PUN-04|PUN-05|PUN-06|CS-01|CS-03|CS-04|CS-05,76.19785128,80.32338560,0.13237610,0.89679558,5870000.00000000
2.00000000,Pune,PUN-03|PUN-04|PUN-05|PUN-06|CS-01|CS-03|CS-04|CS-05,82.06904184,86.19457616,0.13237610,0.89679558,5870000.00000000
0.00000000,Pune,PUN-01|PUN-03|PUN-04|PUN-05|PUN-06|CS-01|CS-03|CS-04|CS-05,59.32828137,63.45381569,0.12514062,0.90783964,5870000.00000000
0.50000000,Pune,PUN-01|PUN-03|PUN-04|PUN-05|PUN-06|CS-01|CS-03|CS-04|CS-05,66.00152640,70.12706072,0.12514062,0.90783964,5870000.00000000
1.00000000,Pune,PUN-01|PUN-03|PUN-04|PUN-05|PUN-06|CS-01|CS-03|CS-04|CS-05,72.67477143,76.80030575,0.12514062,0.90783964,5870000.00000000
1.50000000,Pune,PUN-01|PUN-03|PUN-04|PUN-05|PUN-06|CS-01|CS-03|CS-04|CS-05,79.34801647,83.47355078,0.12514062,0.90783964,5870000.00000000
2.00000000,Pune,PUN-01|PUN-03|PUN-04|PUN-05|PUN-06|CS-01|CS-03|CS-04|CS-05,86.02126150,90.14679581,0.12514062,0.90783964,5870000.00000000
0.00000000,Pune,PUN-02|PUN-03|PUN-04|PUN-05|PUN-06|CS-01|CS-03|CS-04|CS-05,59.62609070,63.75162502,0.13161434,0.89825041,5870000.00000000
0.50000000,Pune,PUN-02|PUN-03|PUN-04|PUN-05|PUN-06|CS-01|CS-03|CS-04|CS-05,66.19813012,70.32366443,0.13161434,0.89825041,5870000.00000000
1.00000000,Pune,PUN-02|PUN-03|PUN-04|PUN-05|PUN-06|CS-01|CS-03|CS-04|CS-05,72.77016954,76.89570385,0.13161434,0.89825041,5870000.00000000
1.50000000,Pune,PUN-02|PUN-03|PUN-04|PUN-05|PUN-06|CS-01|CS-03|CS-04|CS-05,79.34220896,83.46774327,0.13161434,0.89825041,5870000.00000000
2.00000000,Pune,PUN-02|PUN-03|PUN-04|PUN-05|PUN-06|CS-01|CS-03|CS-04|CS-05,85.91424838,90.03978269,0.13161434,0.89825041,5870000.00000000
0.00000000,Pune,PUN-01|PUN-02|PUN-03|PUN-04|PUN-05|PUN-06|CS-01|CS-03|CS-04|CS-05,60.37010109,64.49563541,0.12437889,0.90929447,5870000.00000000
0.50000000,Pune,PUN-01|PUN-02|PUN-03|PUN-04|PUN-05|PUN-06|CS-01|CS-03|CS-04|CS-05,67.74419499,71.86972930,0.12437889,0.90929447,5870000.00000000
1.00000000,Pune,PUN-01|PUN-02|PUN-03|PUN-04|PUN-05|PUN-06|CS-01|CS-03|CS-04|CS-05,75.11828888,79.24382320,0.12437889,0.90929447,5870000.00000000
1.50000000,Pune,PUN-01|PUN-02|PUN-03|PUN-04|PUN-05|PUN-06|CS-01|CS-03|CS-04|CS-05,82.49238277,86.61791709,0.12437889,0.90929447,5870000.00000000
2.00000000,Pune,PUN-01|PUN-02|PUN-03|PUN-04|PUN-05|PUN-06|CS-01|CS-03|CS-04|CS-05,89.86647667,93.99201098,0.12437889,0.90929447,5870000.00000000
0.00000000,Pune,PUN-01|PUN-03|PUN-05|PUN-07|CS-01|CS-03|CS-04|CS-05,62.84943256,66.97496688,0.20983456,0.82717877,5870000.00000000
0.50000000,Pune,PUN-01|PUN-03|PUN-05|PUN-07|CS-01|CS-03|CS-04|CS-05,68.75478001,72.88031433,0.20983456,0.82717877,5870000.00000000
1.00000000,Pune,PUN-01|PUN-03|PUN-05|PUN-07|CS-01|CS-03|CS-04|CS-05,74.66012746,78.78566178,0.20983456,0.82717877,5870000.00000000
1.50000000,Pune,PUN-01|PUN-03|PUN-05|PUN-07|CS-01|CS-03|CS-04|CS-05,80.56547491,84.69100923,0.20983456,0.82717877,5870000.00000000
2.00000000,Pune,PUN-01|PUN-03|PUN-05|PUN-07|CS-01|CS-03|CS-04|CS-05,86.47082237,90.59635668,0.20983456,0.82717877,5870000.00000000
0.00000000,Pune,PUN-02|PUN-03|PUN-05|PUN-07|CS-01|CS-03|CS-04|CS-05,62.03293042,66.15846474,0.19611898,0.81118828,5870000.00000000
0.50000000,Pune,PUN-02|PUN-03|PUN-05|PUN-07|CS-01|CS-03|CS-04|CS-05,67.83707226,71.96260657,0.19611898,0.81118828,5870000.00000000
1.00000000,Pune,PUN-02|PUN-03|PUN-05|PUN-07|CS-01|CS-03|CS-04|CS-05,73.64121410,77.76674841,0.19611898,0.81118828,5870000.00000000
1.50000000,Pune,PUN-02|PUN-03|PUN-05|PUN-07|CS-01|CS-03|CS-04|CS-05,79.44535594,83.57089025,0.19611898,0.81118828,5870000.00000000
2.00000000,Pune,PUN-02|PUN-03|PUN-05|PUN-07|CS-01|CS-03|CS-04|CS-05,85.24949778,89.37503209,0.19611898,0.81118828,5870000.00000000
0.00000000,Pune,PUN-01|PUN-02|PUN-03|PUN-05|PUN-07|CS-01|CS-03|CS-04|CS-05,62.77694081,66.90247513,0.18888353,0.82223234,5870000.00000000
0.50000000,Pune,PUN-01|PUN-02|PUN-03|PUN-05|PUN-07|CS-01|CS-03|CS-04|CS-05,69.38313713,73.50867144,0.18888353,0.82223234,5870000.00000000
1.00000000,Pune,PUN-01|PUN-02|PUN-03|PUN-05|PUN-07|CS-01|CS-03|CS-04|CS-05,75.98933344,80.11486776,0.18888353,0.82223234,5870000.00000000
1.50000000,Pune,PUN-01|PUN-02|PUN-03|PUN-05|PUN-07|CS-01|CS-03|CS-04|CS-05,82.59552976,86.72106407,0.18888353,0.82223234,5870000.00000000
2.00000000,Pune,PUN-01|PUN-02|PUN-03|PUN-05|PUN-07|CS-01|CS-03|CS-04|CS-05,89.20172607,93.32726039,0.18888353,0.82223234,5870000.00000000
0.00000000,Pune,PUN-01|PUN-03|PUN-04|PUN-05|PUN-07|CS-01|CS-03|CS-04|CS-05,63.74029736,67.86583168,0.20761575,0.82714081,5870000.00000000
0.50000000,Pune,PUN-01|PUN-03|PUN-04|PUN-05|PUN-07|CS-01|CS-03|CS-04|CS-05,70.38065057,74.50618489,0.20761575,0.82714081,5870000.00000000
1.00000000,Pune,PUN-01|PUN-03|PUN-04|PUN-05|PUN-07|CS-01|CS-03|CS-04|CS-05,77.02100378,81.14653809,0.20761575,0.82714081,5870000.00000000
1.50000000,Pune,PUN-01|PUN-03|PUN-04|PUN-05|PUN-07|CS-01|CS-03|CS-04|CS-05,83.66135698,87.78689130,0.20761575,0.82714081,5870000.00000000
2.00000000,Pune,PUN-01|PUN-03|PUN-04|PUN-05|PUN-07|CS-01|CS-03|CS-04|CS-05,90.30171019,94.42724451,0.20761575,0.82714081,5870000.00000000
0.00000000,Pune,PUN-02|PUN-03|PUN-04|PUN-05|PUN-07|CS-01|CS-03|CS-04|CS-05,62.96688433,67.09241865,0.19419822,0.81115033,5870000.00000000
0.50000000,Pune,PUN-02|PUN-03|PUN-04|PUN-05|PUN-07|CS-01|CS-03|CS-04|CS-05,69.50603193,73.63156624,0.19419822,0.81115033,5870000.00000000
1.00000000,Pune,PUN-02|PUN-03|PUN-04|PUN-05|PUN-07|CS-01|CS-03|CS-04|CS-05,76.04517952,80.17071384,0.19419822,0.81115033,5870000.00000000
1.50000000,Pune,PUN-02|PUN-03|PUN-04|PUN-05|PUN-07|CS-01|CS-03|CS-04|CS-05,82.58432712,86.70986143,0.19419822,0.81115033,5870000.00000000
2.00000000,Pune,PUN-02|PUN-03|PUN-04|PUN-05|PUN-07|CS-01|CS-03|CS-04|CS-05,89.12347471,93.24900903,0.19419822,0.81115033,5870000.00000000
0.00000000,Pune,PUN-01|PUN-02|PUN-03|PUN-04|PUN-05|PUN-07|CS-01|CS-03|CS-04|CS-05,63.71089473,67.83642904,0.18696278,0.82219439,5870000.00000000
0.50000000,Pune,PUN-01|PUN-02|PUN-03|PUN-04|PUN-05|PUN-07|CS-01|CS-03|CS-04|CS-05,71.05209680,75.17763111,0.18696278,0.82219439,5870000.00000000
1.00000000,Pune,PUN-01|PUN-02|PUN-03|PUN-04|PUN-05|PUN-07|CS-01|CS-03|CS-04|CS-05,78.39329887,82.51883318,0.18696278,0.82219439,5870000.00000000
1.50000000,Pune,PUN-01|PUN-02|PUN-03|PUN-04|PUN-05|PUN-07|CS-01|CS-03|CS-04|CS-05,85.73450094,89.86003525,0.18696278,0.82219439,5870000.00000000
2.00000000,Pune,PUN-01|PUN-02|PUN-03|PUN-04|PUN-05|PUN-07|CS-01|CS-03|CS-04|CS-05,93.07570301,97.20123732,0.18696278,0.82219439,5870000.00000000
0.00000000,Pune,PUN-03|PUN-06|PUN-07|CS-01|CS-03|CS-04|CS-05,62.00052353,66.12605785,0.20646113,0.80281352,5870000.00000000
0.50000000,Pune,PUN-03|PUN-06|PUN-07|CS-01|CS-03|CS-04|CS-05,67.17845565,71.30398997,0.20646113,0.80281352,5870000.00000000
1.00000000,Pune,PUN-03|PUN-06|PUN-07|CS-01|CS-03|CS-04|CS-05,72.35638777,76.48192208,0.20646113,0.80281352,5870000.00000000
1.50000000,Pune,PUN-03|PUN-06|PUN-07|CS-01|CS-03|CS-04|CS-05,77.53431988,81.65985420,0.20646113,0.80281352,5870000.00000000
2.00000000,Pune,PUN-03|PUN-06|PUN-07|CS-01|CS-03|CS-04|CS-05,82.71225200,86.83778631,0.20646113,0.80281352,5870000.00000000
0.00000000,Pune,PUN-01|PUN-03|PUN-06|PUN-07|CS-01|CS-03|CS-04|CS-05,62.74452529,66.87005961,0.19922565,0.81385758,5870000.00000000
0.50000000,Pune,PUN-01|PUN-03|PUN-06|PUN-07|CS-01|CS-03|CS-04|CS-05,68.72451188,72.85004620,0.19922565,0.81385758,5870000.00000000
1.00000000,Pune,PUN-01|PUN-03|PUN-06|PUN-07|CS-01|CS-03|CS-04|CS-05,74.70449847,78.83003279,0.19922565,0.81385758,5870000.00000000
1.50000000,Pune,PUN-01|PUN-03|PUN-06|PUN-07|CS-01|CS-03|CS-04|CS-05,80.68448506,84.81001938,0.19922565,0.81385758,5870000.00000000
2.00000000,Pune,PUN-01|PUN-03|PUN-06|PUN-07|CS-01|CS-03|CS-04|CS-05,86.66447165,90.79000597,0.19922565,0.81385758,5870000.00000000
0.00000000,Pune,PUN-02|PUN-03|PUN-06|PUN-07|CS-01|CS-03|CS-04|CS-05,63.04233462,67.16786894,0.20569938,0.80426835,5870000.00000000
0.50000000,Pune,PUN-02|PUN-03|PUN-06|PUN-07|CS-01|CS-03|CS-04|CS-05,68.92111560,73.04664992,0.20569938,0.80426835,5870000.00000000
1.00000000,Pune,PUN-02|PUN-03|PUN-06|PUN-07|CS-01|CS-03|CS-04|CS-05,74.79989658,78.92543089,0.20569938,0.80426835,5870000.00000000
1.50000000,Pune,PUN-02|PUN-03|PUN-06|PUN-07|CS-01|CS-03|CS-04|CS-05,80.67867756,84.80421187,0.20569938,0.80426835,5870000.00000000
2.00000000,Pune,PUN-02|PUN-03|PUN-06|PUN-07|CS-01|CS-03|CS-04|CS-05,86.55745853,90.68299285,0.20569938,0.80426835,5870000.00000000
0.00000000,Pune,PUN-01|PUN-02|PUN-03|PUN-06|PUN-07|CS-01|CS-03|CS-04|CS-05,63.78634502,67.91187933,0.19846393,0.81531241,5870000.00000000
0.50000000,Pune,PUN-01|PUN-02|PUN-03|PUN-06|PUN-07|CS-01|CS-03|CS-04|CS-05,70.46718047,74.59271479,0.19846393,0.81531241,5870000.00000000
1.00000000,Pune,PUN-01|PUN-02|PUN-03|PUN-06|PUN-07|CS-01|CS-03|CS-04|CS-05,77.14801592,81.27355024,0.19846393,0.81531241,5870000.00000000
1.50000000,Pune,PUN-01|PUN-02|PUN-03|PUN-06|PUN-07|CS-01|CS-03|CS-04|CS-05,83.82885137,87.95438569,0.19846393,0.81531241,5870000.00000000
2.00000000,Pune,PUN-01|PUN-02|PUN-03|PUN-06|PUN-07|CS-01|CS-03|CS-04|CS-05,90.50968683,94.63522114,0.19846393,0.81531241,5870000.00000000
0.00000000,Pune,PUN-03|PUN-04|PUN-06|PUN-07|CS-01|CS-03|CS-04|CS-05,62.75833370,66.88386801,0.20348635,0.80281352,5870000.00000000
0.50000000,Pune,PUN-03|PUN-04|PUN-06|PUN-07|CS-01|CS-03|CS-04|CS-05,68.67127157,72.79680589,0.20348635,0.80281352,5870000.00000000
1.00000000,Pune,PUN-03|PUN-04|PUN-06|PUN-07|CS-01|CS-03|CS-04|CS-05,74.58420944,78.70974376,0.20348635,0.80281352,5870000.00000000
1.50000000,Pune,PUN-03|PUN-04|PUN-06|PUN-07|CS-01|CS-03|CS-04|CS-05,80.49714731,84.62268163,0.20348635,0.80281352,5870000.00000000
2.00000000,Pune,PUN-03|PUN-04|PUN-06|PUN-07|CS-01|CS-03|CS-04|CS-05,86.41008519,90.53561950,0.20348635,0.80281352,5870000.00000000
0.00000000,Pune,PUN-01|PUN-03|PUN-04|PUN-06|PUN-07|CS-01|CS-03|CS-04|CS-05,63.50233546,67.62786977,0.19625087,0.81385758,5870000.00000000
0.50000000,Pune,PUN-01|PUN-03|PUN-04|PUN-06|PUN-07|CS-01|CS-03|CS-04|CS-05,70.21732780,74.34286212,0.19625087,0.81385758,5870000.00000000
1.00000000,Pune,PUN-01|PUN-03|PUN-04|PUN-06|PUN-07|CS-01|CS-03|CS-04|CS-05,76.93232015,81.05785447,0.19625087,0.81385758,5870000.00000000
1.50000000,Pune,PUN-01|PUN-03|PUN-04|PUN-06|PUN-07|CS-01|CS-03|CS-04|CS-05,83.64731250,87.77284681,0.19625087,0.81385758,5870000.00000000
2.00000000,Pune,PUN-01|PUN-03|PUN-04|PUN-06|PUN-07|CS-01|CS-03|CS-04|CS-05,90.36230484,94.48783916,0.19625087,0.81385758,5870000.00000000
0.00000000,Pune,PUN-02|PUN-03|PUN-04|PUN-06|PUN-07|CS-01|CS-03|CS-04|CS-05,63.80014478,67.92567910,0.20272461,0.80426835,5870000.00000000
0.50000000,Pune,PUN-02|PUN-03|PUN-04|PUN-06|PUN-07|CS-01|CS-03|CS-04|CS-05,70.41393152,74.53946584,0.20272461,0.80426835,5870000.00000000
1.00000000,Pune,PUN-02|PUN-03|PUN-04|PUN-06|PUN-07|CS-01|CS-03|CS-04|CS-05,77.02771825,81.15325257,0.20272461,0.80426835,5870000.00000000
1.50000000,Pune,PUN-02|PUN-03|PUN-04|PUN-06|PUN-07|CS-01|CS-03|CS-04|CS-05,83.64150499,87.76703930,0.20272461,0.80426835,5870000.00000000
2.00000000,Pune,PUN-02|PUN-03|PUN-04|PUN-06|PUN-07|CS-01|CS-03|CS-04|CS-05,90.25529172,94.38082604,0.20272461,0.80426835,5870000.00000000
0.00000000,Pune,PUN-01|PUN-02|PUN-03|PUN-04|PUN-06|PUN-07|CS-01|CS-03|CS-04|CS-05,64.54415518,68.66968950,0.19548917,0.81531241,5870000.00000000
0.50000000,Pune,PUN-01|PUN-02|PUN-03|PUN-04|PUN-06|PUN-07|CS-01|CS-03|CS-04|CS-05,71.95999639,76.08553071,0.19548917,0.81531241,5870000.00000000
1.00000000,Pune,PUN-01|PUN-02|PUN-03|PUN-04|PUN-06|PUN-07|CS-01|CS-03|CS-04|CS-05,79.37583760,83.50137191,0.19548917,0.81531241,5870000.00000000
1.50000000,Pune,PUN-01|PUN-02|PUN-03|PUN-04|PUN-06|PUN-07|CS-01|CS-03|CS-04|CS-05,86.79167881,90.91721312,0.19548917,0.81531241,5870000.00000000
2.00000000,Pune,PUN-01|PUN-02|PUN-03|PUN-04|PUN-06|PUN-07|CS-01|CS-03|CS-04|CS-05,94.20752001,98.33305433,0.19548917,0.81531241,5870000.00000000
0.00000000,Pune,PUN-01|PUN-05|PUN-06|PUN-07|CS-01|CS-03|CS-04|CS-05,62.04266932,66.16820364,0.20147224,0.79198452,5870000.00000000
0.50000000,Pune,PUN-01|PUN-05|PUN-06|PUN-07|CS-01|CS-03|CS-04|CS-05,67.93157086,72.05710518,0.20147224,0.79198452,5870000.00000000
1.00000000,Pune,PUN-01|PUN-05|PUN-06|PUN-07|CS-01|CS-03|CS-04|CS-05,73.82047240,77.94600672,0.20147224,0.79198452,5870000.00000000
1.50000000,Pune,PUN-01|PUN-05|PUN-06|PUN-07|CS-01|CS-03|CS-04|CS-05,79.70937394,83.83490826,0.20147224,0.79198452,5870000.00000000
2.00000000,Pune,PUN-01|PUN-05|PUN-06|PUN-07|CS-01|CS-03|CS-04|CS-05,85.59827548,89.72380980,0.20147224,0.79198452,5870000.00000000
0.00000000,Pune,PUN-01|PUN-02|PUN-05|PUN-06|PUN-07|CS-01|CS-03|CS-04|CS-05,63.03205524,67.15758956,0.19986458,0.79343935,5870000.00000000
0.50000000,Pune,PUN-01|PUN-02|PUN-05|PUN-06|PUN-07|CS-01|CS-03|CS-04|CS-05,69.62180564,73.74733996,0.19986458,0.79343935,5870000.00000000
1.00000000,Pune,PUN-01|PUN-02|PUN-05|PUN-06|PUN-07|CS-01|CS-03|CS-04|CS-05,76.21155604,80.33709036,0.19986458,0.79343935,5870000.00000000
1.50000000,Pune,PUN-01|PUN-02|PUN-05|PUN-06|PUN-07|CS-01|CS-03|CS-04|CS-05,82.80130644,86.92684076,0.19986458,0.79343935,5870000.00000000
2.00000000,Pune,PUN-01|PUN-02|PUN-05|PUN-06|PUN-07|CS-01|CS-03|CS-04|CS-05,89.39105685,93.51659116,0.19986458,0.79343935,5870000.00000000
0.00000000,Pune,PUN-03|PUN-05|PUN-06|PUN-07|CS-01|CS-03|CS-04|CS-05,56.93372293,61.05925725,0.11221481,0.90830772,5870000.00000000
0.50000000,Pune,PUN-03|PUN-05|PUN-06|PUN-07|CS-01|CS-03|CS-04|CS-05,62.78846758,66.91400190,0.11221481,0.90830772,5870000.00000000
1.00000000,Pune,PUN-03|PUN-05|PUN-06|PUN-07|CS-01|CS-03|CS-04|CS-05,68.64321223,72.76874654,0.11221481,0.90830772,5870000.00000000
1.50000000,Pune,PUN-03|PUN-05|PUN-06|PUN-07|CS-01|CS-03|CS-04|CS-05,74.49795687,78.62349119,0.11221481,0.90830772,5870000.00000000
2.00000000,Pune,PUN-03|PUN-05|PUN-06|PUN-07|CS-01|CS-03|CS-04|CS-05,80.35270152,84.47823583,0.11221481,0.90830772,5870000.00000000
0.00000000,Pune,PUN-01|PUN-03|PUN-05|PUN-06|PUN-07|CS-01|CS-03|CS-04|CS-05,57.67772470,61.80325901,0.10497931,0.91935178,5870000.00000000
0.50000000,Pune,PUN-01|PUN-03|PUN-05|PUN-06|PUN-07|CS-01|CS-03|CS-04|CS-05,64.33452381,68.46005813,0.10497931,0.91935178,5870000.00000000
1.00000000,Pune,PUN-01|PUN-03|PUN-05|PUN-06|PUN-07|CS-01|CS-03|CS-04|CS-05,70.99132293,75.11685725,0.10497931,0.91935178,5870000.00000000
1.50000000,Pune,PUN-01|PUN-03|PUN-05|PUN-06|PUN-07|CS-01|CS-03|CS-04|CS-05,77.64812205,81.77365637,0.10497931,0.91935178,5870000.00000000
2.00000000,Pune,PUN-01|PUN-03|PUN-05|PUN-06|PUN-07|CS-01|CS-03|CS-04|CS-05,84.30492117,88.43045549,0.10497931,0.91935178,5870000.00000000
0.00000000,Pune,PUN-02|PUN-03|PUN-05|PUN-06|PUN-07|CS-01|CS-03|CS-04|CS-05,57.97553402,62.10106834,0.11145305,0.90976255,5870000.00000000
0.50000000,Pune,PUN-02|PUN-03|PUN-05|PUN-06|PUN-07|CS-01|CS-03|CS-04|CS-05,64.53112753,68.65666185,0.11145305,0.90976255,5870000.00000000
1.00000000,Pune,PUN-02|PUN-03|PUN-05|PUN-06|PUN-07|CS-01|CS-03|CS-04|CS-05,71.08672104,75.21225535,0.11145305,0.90976255,5870000.00000000
1.50000000,Pune,PUN-02|PUN-03|PUN-05|PUN-06|PUN-07|CS-01|CS-03|CS-04|CS-05,77.64231455,81.76784886,0.11145305,0.90976255,5870000.00000000
2.00000000,Pune,PUN-02|PUN-03|PUN-05|PUN-06|PUN-07|CS-01|CS-03|CS-04|CS-05,84.19790805,88.32344237,0.11145305,0.90976255,5870000.00000000
0.00000000,Pune,PUN-01|PUN-02|PUN-03|PUN-05|PUN-06|PUN-07|CS-01|CS-03|CS-04|CS-05,58.71954442,62.84507873,0.10421760,0.92080661,5870000.00000000
0.50000000,Pune,PUN-01|PUN-02|PUN-03|PUN-05|PUN-06|PUN-07|CS-01|CS-03|CS-04|CS-05,66.07719240,70.20272672,0.10421760,0.92080661,5870000.00000000
1.00000000,Pune,PUN-01|PUN-02|PUN-03|PUN-05|PUN-06|PUN-07|CS-01|CS-03|CS-04|CS-05,73.43484038,77.56037470,0.10421760,0.92080661,5870000.00000000
1.50000000,Pune,PUN-01|PUN-02|PUN-03|PUN-05|PUN-06|PUN-07|CS-01|CS-03|CS-04|CS-05,80.79248836,84.91802268,0.10421760,0.92080661,5870000.00000000
2.00000000,Pune,PUN-01|PUN-02|PUN-03|PUN-05|PUN-06|PUN-07|CS-01|CS-03|CS-04|CS-05,88.15013634,92.27567066,0.10421760,0.92080661,5870000.00000000
0.00000000,Pune,PUN-01|PUN-04|PUN-05|PUN-06|PUN-07|CS-01|CS-03|CS-04|CS-05,63.11670324,67.24223755,0.20133704,0.79194656,5870000.00000000
0.50000000,Pune,PUN-01|PUN-04|PUN-05|PUN-06|PUN-07|CS-01|CS-03|CS-04|CS-05,69.74061053,73.86614485,0.20133704,0.79194656,5870000.00000000
1.00000000,Pune,PUN-01|PUN-04|PUN-05|PUN-06|PUN-07|CS-01|CS-03|CS-04|CS-05,76.36451783,80.49005215,0.20133704,0.79194656,5870000.00000000
1.50000000,Pune,PUN-01|PUN-04|PUN-05|PUN-06|PUN-07|CS-01|CS-03|CS-04|CS-05,82.98842512,87.11395944,0.20133704,0.79194656,5870000.00000000
2.00000000,Pune,PUN-01|PUN-04|PUN-05|PUN-06|PUN-07|CS-01|CS-03|CS-04|CS-05,89.61233242,93.73786674,0.20133704,0.79194656,5870000.00000000
0.00000000,Pune,PUN-01|PUN-02|PUN-04|PUN-05|PUN-06|PUN-07|CS-01|CS-03|CS-04|CS-05,64.10608916,68.23162347,0.19972937,0.79340139,5870000.00000000
0.50000000,Pune,PUN-01|PUN-02|PUN-04|PUN-05|PUN-06|PUN-07|CS-01|CS-03|CS-04|CS-05,71.43084531,75.55637963,0.19972937,0.79340139,5870000.00000000
1.00000000,Pune,PUN-01|PUN-02|PUN-04|PUN-05|PUN-06|PUN-07|CS-01|CS-03|CS-04|CS-05,78.75560147,82.88113579,0.19972937,0.79340139,5870000.00000000
1.50000000,Pune,PUN-01|PUN-02|PUN-04|PUN-05|PUN-06|PUN-07|CS-01|CS-03|CS-04|CS-05,86.08035763,90.20589195,0.19972937,0.79340139,5870000.00000000
2.00000000,Pune,PUN-01|PUN-02|PUN-04|PUN-05|PUN-06|PUN-07|CS-01|CS-03|CS-04|CS-05,93.40511379,97.53064810,0.19972937,0.79340139,5870000.00000000
0.00000000,Pune,PUN-03|PUN-04|PUN-05|PUN-06|PUN-07|CS-01|CS-03|CS-04|CS-05,58.00775685,62.13329117,0.11207961,0.90826976,5870000.00000000
0.50000000,Pune,PUN-03|PUN-04|PUN-05|PUN-06|PUN-07|CS-01|CS-03|CS-04|CS-05,64.59750725,68.72304157,0.11207961,0.90826976,5870000.00000000
1.00000000,Pune,PUN-03|PUN-04|PUN-05|PUN-06|PUN-07|CS-01|CS-03|CS-04|CS-05,71.18725765,75.31279197,0.11207961,0.90826976,5870000.00000000
1.50000000,Pune,PUN-03|PUN-04|PUN-05|PUN-06|PUN-07|CS-01|CS-03|CS-04|CS-05,77.77700806,81.90254237,0.11207961,0.90826976,5870000.00000000
2.00000000,Pune,PUN-03|PUN-04|PUN-05|PUN-06|PUN-07|CS-01|CS-03|CS-04|CS-05,84.36675846,88.49229277,0.11207961,0.90826976,5870000.00000000
0.00000000,Pune,PUN-01|PUN-03|PUN-04|PUN-05|PUN-06|PUN-07|CS-01|CS-03|CS-04|CS-05,58.75175861,62.87729293,0.10484412,0.91931383,5870000.00000000
0.50000000,Pune,PUN-01|PUN-03|PUN-04|PUN-05|PUN-06|PUN-07|CS-01|CS-03|CS-04|CS-05,66.14356349,70.26909780,0.10484412,0.91931383,5870000.00000000
1.00000000,Pune,PUN-01|PUN-03|PUN-04|PUN-05|PUN-06|PUN-07|CS-01|CS-03|CS-04|CS-05,73.53536836,77.66090268,0.10484412,0.91931383,5870000.00000000
1.50000000,Pune,PUN-01|PUN-03|PUN-04|PUN-05|PUN-06|PUN-07|CS-01|CS-03|CS-04|CS-05,80.92717324,85.05270755,0.10484412,0.91931383,5870000.00000000
2.00000000,Pune,PUN-01|PUN-03|PUN-04|PUN-05|PUN-06|PUN-07|CS-01|CS-03|CS-04|CS-05,88.31897811,92.44451243,0.10484412,0.91931383,5870000.00000000
0.00000000,Pune,PUN-02|PUN-03|PUN-04|PUN-05|PUN-06|PUN-07|CS-01|CS-03|CS-04|CS-05,59.04956794,63.17510226,0.11131786,0.90972459,5870000.00000000
0.50000000,Pune,PUN-02|PUN-03|PUN-04|PUN-05|PUN-06|PUN-07|CS-01|CS-03|CS-04|CS-05,66.34016720,70.46570152,0.11131786,0.90972459,5870000.00000000
1.00000000,Pune,PUN-02|PUN-03|PUN-04|PUN-05|PUN-06|PUN-07|CS-01|CS-03|CS-04|CS-05,73.63076647,77.75630078,0.11131786,0.90972459,5870000.00000000
1.50000000,Pune,PUN-02|PUN-03|PUN-04|PUN-05|PUN-06|PUN-07|CS-01|CS-03|CS-04|CS-05,80.92136573,85.04690005,0.11131786,0.90972459,5870000.00000000
2.00000000,Pune,PUN-02|PUN-03|PUN-04|PUN-05|PUN-06|PUN-07|CS-01|CS-03|CS-04|CS-05,88.21196499,92.33749931,0.11131786,0.90972459,5870000.00000000
0.00000000,Pune,PUN-01|PUN-02|PUN-03|PUN-04|PUN-05|PUN-06|PUN-07|CS-01|CS-03|CS-04|CS-05,59.79357833,63.91911265,0.10408241,0.92076866,5870000.00000000
0.50000000,Pune,PUN-01|PUN-02|PUN-03|PUN-04|PUN-05|PUN-06|PUN-07|CS-01|CS-03|CS-04|CS-05,67.88623207,72.01176639,0.10408241,0.92076866,5870000.00000000
1.00000000,Pune,PUN-01|PUN-02|PUN-03|PUN-04|PUN-05|PUN-06|PUN-07|CS-01|CS-03|CS-04|CS-05,75.97888581,80.10442013,0.10408241,0.92076866,5870000.00000000
1.50000000,Pune,PUN-01|PUN-02|PUN-03|PUN-04|PUN-05|PUN-06|PUN-07|CS-01|CS-03|CS-04|CS-05,84.07153955,88.19707386,0.10408241,0.92076866,5870000.00000000
2.00000000,Pune,PUN-01|PUN-02|PUN-03|PUN-04|PUN-05|PUN-06|PUN-07|CS-01|CS-03|CS-04|CS-05,92.16419329,96.28972760,0.10408241,0.92076866,5870000.00000000
0.00000000,Pune,PUN-03|PUN-05|PUN-06|CS-02|CS-03|CS-04|CS-05,60.51364403,64.51969950,0.18385631,0.83307399,5700000.00000000
0.50000000,Pune,PUN-03|PUN-05|PUN-06|CS-02|CS-03|CS-04|CS-05,65.64982883,69.65588430,0.18385631,0.83307399,5700000.00000000
1.00000000,Pune,PUN-03|PUN-05|PUN-06|CS-02|CS-03|CS-04|CS-05,70.78601363,74.79206910,0.18385631,0.83307399,5700000.00000000
1.50000000,Pune,PUN-03|PUN-05|PUN-06|CS-02|CS-03|CS-04|CS-05,75.92219843,79.92825390,0.18385631,0.83307399,5700000.00000000
2.00000000,Pune,PUN-03|PUN-05|PUN-06|CS-02|CS-03|CS-04|CS-05,81.05838323,85.06443870,0.18385631,0.83307399,5700000.00000000
0.00000000,Pune,PUN-01|PUN-03|PUN-05|PUN-06|CS-02|CS-03|CS-04|CS-05,61.25764579,65.26370126,0.17662081,0.84411806,5700000.00000000
0.50000000,Pune,PUN-01|PUN-03|PUN-05|PUN-06|CS-02|CS-03|CS-04|CS-05,67.19588506,71.20194053,0.17662081,0.84411806,5700000.00000000
1.00000000,Pune,PUN-01|PUN-03|PUN-05|PUN-06|CS-02|CS-03|CS-04|CS-05,73.13412434,77.14017981,0.17662081,0.84411806,5700000.00000000
1.50000000,Pune,PUN-01|PUN-03|PUN-05|PUN-06|CS-02|CS-03|CS-04|CS-05,79.07236362,83.07841908,0.17662081,0.84411806,5700000.00000000
2.00000000,Pune,PUN-01|PUN-03|PUN-05|PUN-06|CS-02|CS-03|CS-04|CS-05,85.01060289,89.01665836,0.17662081,0.84411806,5700000.00000000
0.00000000,Pune,PUN-02|PUN-03|PUN-05|PUN-06|CS-02|CS-03|CS-04|CS-05,61.55545512,65.56151059,0.18309456,0.83452882,5700000.00000000
0.50000000,Pune,PUN-02|PUN-03|PUN-05|PUN-06|CS-02|CS-03|CS-04|CS-05,67.39248878,71.39854425,0.18309456,0.83452882,5700000.00000000
1.00000000,Pune,PUN-02|PUN-03|PUN-05|PUN-06|CS-02|CS-03|CS-04|CS-05,73.22952244,77.23557791,0.18309456,0.83452882,5700000.00000000
1.50000000,Pune,PUN-02|PUN-03|PUN-05|PUN-06|CS-02|CS-03|CS-04|CS-05,79.06655611,83.07261158,0.18309456,0.83452882,5700000.00000000
2.00000000,Pune,PUN-02|PUN-03|PUN-05|PUN-06|CS-02|CS-03|CS-04|CS-05,84.90358977,88.90964524,0.18309456,0.83452882,5700000.00000000
0.00000000,Pune,PUN-01|PUN-02|PUN-03|PUN-05|PUN-06|CS-02|CS-03|CS-04|CS-05,62.29946551,66.30552098,0.17585911,0.84557289,5700000.00000000
0.50000000,Pune,PUN-01|PUN-02|PUN-03|PUN-05|PUN-06|CS-02|CS-03|CS-04|CS-05,68.93855365,72.94460912,0.17585911,0.84557289,5700000.00000000
1.00000000,Pune,PUN-01|PUN-02|PUN-03|PUN-05|PUN-06|CS-02|CS-03|CS-04|CS-05,75.57764179,79.58369726,0.17585911,0.84557289,5700000.00000000
1.50000000,Pune,PUN-01|PUN-02|PUN-03|PUN-05|PUN-06|CS-02|CS-03|CS-04|CS-05,82.21672992,86.22278539,0.17585911,0.84557289,5700000.00000000
2.00000000,Pune,PUN-01|PUN-02|PUN-03|PUN-05|PUN-06|CS-02|CS-03|CS-04|CS-05,88.85581806,92.86187353,0.17585911,0.84557289,5700000.00000000
0.00000000,Pune,PUN-03|PUN-04|PUN-05|PUN-06|CS-02|CS-03|CS-04|CS-05,61.58767794,65.59373341,0.18372113,0.83303604,5700000.00000000
0.50000000,Pune,PUN-03|PUN-04|PUN-05|PUN-06|CS-02|CS-03|CS-04|CS-05,67.45886850,71.46492397,0.18372113,0.83303604,5700000.00000000
1.00000000,Pune,PUN-03|PUN-04|PUN-05|PUN-06|CS-02|CS-03|CS-04|CS-05,73.33005906,77.33611453,0.18372113,0.83303604,5700000.00000000
1.50000000,Pune,PUN-03|PUN-04|PUN-05|PUN-06|CS-02|CS-03|CS-04|CS-05,79.20124962,83.20730509,0.18372113,0.83303604,5700000.00000000
2.00000000,Pune,PUN-03|PUN-04|PUN-05|PUN-06|CS-02|CS-03|CS-04|CS-05,85.07244017,89.07849564,0.18372113,0.83303604,5700000.00000000
0.00000000,Pune,PUN-01|PUN-03|PUN-04|PUN-05|PUN-06|CS-02|CS-03|CS-04|CS-05,62.33167971,66.33773517,0.17648564,0.84408010,5700000.00000000
0.50000000,Pune,PUN-01|PUN-03|PUN-04|PUN-05|PUN-06|CS-02|CS-03|CS-04|CS-05,69.00492474,73.01098021,0.17648564,0.84408010,5700000.00000000
1.00000000,Pune,PUN-01|PUN-03|PUN-04|PUN-05|PUN-06|CS-02|CS-03|CS-04|CS-05,75.67816977,79.68422524,0.17648564,0.84408010,5700000.00000000
1.50000000,Pune,PUN-01|PUN-03|PUN-04|PUN-05|PUN-06|CS-02|CS-03|CS-04|CS-05,82.35141480,86.35747027,0.17648564,0.84408010,5700000.00000000
2.00000000,Pune,PUN-01|PUN-03|PUN-04|PUN-05|PUN-06|CS-02|CS-03|CS-04|CS-05,89.02465983,93.03071530,0.17648564,0.84408010,5700000.00000000
0.00000000,Pune,PUN-02|PUN-03|PUN-04|PUN-05|PUN-06|CS-02|CS-03|CS-04|CS-05,62.62948903,66.63554450,0.18295936,0.83449087,5700000.00000000
0.50000000,Pune,PUN-02|PUN-03|PUN-04|PUN-05|PUN-06|CS-02|CS-03|CS-04|CS-05,69.20152845,73.20758392,0.18295936,0.83449087,5700000.00000000
1.00000000,Pune,PUN-02|PUN-03|PUN-04|PUN-05|PUN-06|CS-02|CS-03|CS-04|CS-05,75.77356787,79.77962334,0.18295936,0.83449087,5700000.00000000
1.50000000,Pune,PUN-02|PUN-03|PUN-04|PUN-05|PUN-06|CS-02|CS-03|CS-04|CS-05,82.34560729,86.35166276,0.18295936,0.83449087,5700000.00000000
2.00000000,Pune,PUN-02|PUN-03|PUN-04|PUN-05|PUN-06|CS-02|CS-03|CS-04|CS-05,88.91764671,92.92370218,0.18295936,0.83449087,5700000.00000000
0.00000000,Pune,PUN-01|PUN-02|PUN-03|PUN-04|PUN-05|PUN-06|CS-02|CS-03|CS-04|CS-05,63.37349943,67.37955490,0.17572391,0.84553493,5700000.00000000
0.50000000,Pune,PUN-01|PUN-02|PUN-03|PUN-04|PUN-05|PUN-06|CS-02|CS-03|CS-04|CS-05,70.74759332,74.75364879,0.17572391,0.84553493,5700000.00000000
1.00000000,Pune,PUN-01|PUN-02|PUN-03|PUN-04|PUN-05|PUN-06|CS-02|CS-03|CS-04|CS-05,78.12168722,82.12774268,0.17572391,0.84553493,5700000.00000000
1.50000000,Pune,PUN-01|PUN-02|PUN-03|PUN-04|PUN-05|PUN-06|CS-02|CS-03|CS-04|CS-05,85.49578111,89.50183658,0.17572391,0.84553493,5700000.00000000
2.00000000,Pune,PUN-01|PUN-02|PUN-03|PUN-04|PUN-05|PUN-06|CS-02|CS-03|CS-04|CS-05,92.86987500,96.87593047,0.17572391,0.84553493,5700000.00000000
0.00000000,Pune,PUN-05|PUN-06|PUN-07|CS-02|CS-03|CS-04|CS-05,61.18726678,65.19332225,0.20196438,0.80555872,5700000.00000000
0.50000000,Pune,PUN-05|PUN-06|PUN-07|CS-02|CS-03|CS-04|CS-05,66.27411385,70.28016932,0.20196438,0.80555872,5700000.00000000
1.00000000,Pune,PUN-05|PUN-06|PUN-07|CS-02|CS-03|CS-04|CS-05,71.36096091,75.36701638,0.20196438,0.80555872,5700000.00000000
1.50000000,Pune,PUN-05|PUN-06|PUN-07|CS-02|CS-03|CS-04|CS-05,76.44780798,80.45386345,0.20196438,0.80555872,5700000.00000000
2.00000000,Pune,PUN-05|PUN-06|PUN-07|CS-02|CS-03|CS-04|CS-05,81.53465504,85.54071051,0.20196438,0.80555872,5700000.00000000
0.00000000,Pune,PUN-01|PUN-05|PUN-06|PUN-07|CS-02|CS-03|CS-04|CS-05,61.93126854,65.93732401,0.19472888,0.81660278,5700000.00000000
0.50000000,Pune,PUN-01|PUN-05|PUN-06|PUN-07|CS-02|CS-03|CS-04|CS-05,67.82017008,71.82622555,0.19472888,0.81660278,5700000.00000000
1.00000000,Pune,PUN-01|PUN-05|PUN-06|PUN-07|CS-02|CS-03|CS-04|CS-05,73.70907162,77.71512709,0.19472888,0.81660278,5700000.00000000
1.50000000,Pune,PUN-01|PUN-05|PUN-06|PUN-07|CS-02|CS-03|CS-04|CS-05,79.59797316,83.60402863,0.19472888,0.81660278,5700000.00000000
2.00000000,Pune,PUN-01|PUN-05|PUN-06|PUN-07|CS-02|CS-03|CS-04|CS-05,85.48687470,89.49293017,0.19472888,0.81660278,5700000.00000000
0.00000000,Pune,PUN-02|PUN-05|PUN-06|PUN-07|CS-02|CS-03|CS-04|CS-05,62.19884404,66.20489951,0.20065466,0.80701355,5700000.00000000
0.50000000,Pune,PUN-02|PUN-05|PUN-06|PUN-07|CS-02|CS-03|CS-04|CS-05,67.98653997,71.99259544,0.20065466,0.80701355,5700000.00000000
1.00000000,Pune,PUN-02|PUN-05|PUN-06|PUN-07|CS-02|CS-03|CS-04|CS-05,73.77423590,77.78029137,0.20065466,0.80701355,5700000.00000000
1.50000000,Pune,PUN-02|PUN-05|PUN-06|PUN-07|CS-02|CS-03|CS-04|CS-05,79.56193182,83.56798729,0.20065466,0.80701355,5700000.00000000
2.00000000,Pune,PUN-02|PUN-05|PUN-06|PUN-07|CS-02|CS-03|CS-04|CS-05,85.34962775,89.35568322,0.20065466,0.80701355,5700000.00000000
0.00000000,Pune,PUN-01|PUN-02|PUN-05|PUN-06|PUN-07|CS-02|CS-03|CS-04|CS-05,62.94285444,66.94890991,0.19341919,0.81805761,5700000.00000000
0.50000000,Pune,PUN-01|PUN-02|PUN-05|PUN-06|PUN-07|CS-02|CS-03|CS-04|CS-05,69.53260484,73.53866031,0.19341919,0.81805761,5700000.00000000
1.00000000,Pune,PUN-01|PUN-02|PUN-05|PUN-06|PUN-07|CS-02|CS-03|CS-04|CS-05,76.12235524,80.12841071,0.19341919,0.81805761,5700000.00000000
1.50000000,Pune,PUN-01|PUN-02|PUN-05|PUN-06|PUN-07|CS-02|CS-03|CS-04|CS-05,82.71210564,86.71816111,0.19341919,0.81805761,5700000.00000000
2.00000000,Pune,PUN-01|PUN-02|PUN-05|PUN-06|PUN-07|CS-02|CS-03|CS-04|CS-05,89.30185604,93.30791151,0.19341919,0.81805761,5700000.00000000
0.00000000,Pune,PUN-03|PUN-05|PUN-06|PUN-07|CS-02|CS-03|CS-04|CS-05,58.92488773,62.93094320,0.14580157,0.86934356,5700000.00000000
0.50000000,Pune,PUN-03|PUN-05|PUN-06|PUN-07|CS-02|CS-03|CS-04|CS-05,64.77963238,68.78568785,0.14580157,0.86934356,5700000.00000000
1.00000000,Pune,PUN-03|PUN-05|PUN-06|PUN-07|CS-02|CS-03|CS-04|CS-05,70.63437703,74.64043249,0.14580157,0.86934356,5700000.00000000
1.50000000,Pune,PUN-03|PUN-05|PUN-06|PUN-07|CS-02|CS-03|CS-04|CS-05,76.48912167,80.49517714,0.14580157,0.86934356,5700000.00000000
2.00000000,Pune,PUN-03|PUN-05|PUN-06|PUN-07|CS-02|CS-03|CS-04|CS-05,82.34386632,86.34992179,0.14580157,0.86934356,5700000.00000000
0.00000000,Pune,PUN-01|PUN-03|PUN-05|PUN-06|PUN-07|CS-02|CS-03|CS-04|CS-05,59.66888950,63.67494496,0.13856609,0.88038762,5700000.00000000
0.50000000,Pune,PUN-01|PUN-03|PUN-05|PUN-06|PUN-07|CS-02|CS-03|CS-04|CS-05,66.32568861,70.33174408,0.13856609,0.88038762,5700000.00000000
1.00000000,Pune,PUN-01|PUN-03|PUN-05|PUN-06|PUN-07|CS-02|CS-03|CS-04|CS-05,72.98248773,76.98854320,0.13856609,0.88038762,5700000.00000000
1.50000000,Pune,PUN-01|PUN-03|PUN-05|PUN-06|PUN-07|CS-02|CS-03|CS-04|CS-05,79.63928685,83.64534232,0.13856609,0.88038762,5700000.00000000
2.00000000,Pune,PUN-01|PUN-03|PUN-05|PUN-06|PUN-07|CS-02|CS-03|CS-04|CS-05,86.29608597,90.30214144,0.13856609,0.88038762,5700000.00000000
0.00000000,Pune,PUN-02|PUN-03|PUN-05|PUN-06|PUN-07|CS-02|CS-03|CS-04|CS-05,59.96669882,63.97275429,0.14503983,0.87079839,5700000.00000000
0.50000000,Pune,PUN-02|PUN-03|PUN-05|PUN-06|PUN-07|CS-02|CS-03|CS-04|CS-05,66.52229233,70.52834780,0.14503983,0.87079839,5700000.00000000
1.00000000,Pune,PUN-02|PUN-03|PUN-05|PUN-06|PUN-07|CS-02|CS-03|CS-04|CS-05,73.07788584,77.08394131,0.14503983,0.87079839,5700000.00000000
1.50000000,Pune,PUN-02|PUN-03|PUN-05|PUN-06|PUN-07|CS-02|CS-03|CS-04|CS-05,79.63347935,83.63953481,0.14503983,0.87079839,5700000.00000000
2.00000000,Pune,PUN-02|PUN-03|PUN-05|PUN-06|PUN-07|CS-02|CS-03|CS-04|CS-05,86.18907285,90.19512832,0.14503983,0.87079839,5700000.00000000
0.00000000,Pune,PUN-01|PUN-02|PUN-03|PUN-05|PUN-06|PUN-07|CS-02|CS-03|CS-04|CS-05,60.71070922,64.71676469,0.13780436,0.88184245,5700000.00000000
0.50000000,Pune,PUN-01|PUN-02|PUN-03|PUN-05|PUN-06|PUN-07|CS-02|CS-03|CS-04|CS-05,68.06835720,72.07441267,0.13780436,0.88184245,5700000.00000000
1.00000000,Pune,PUN-01|PUN-02|PUN-03|PUN-05|PUN-06|PUN-07|CS-02|CS-03|CS-04|CS-05,75.42600518,79.43206065,0.13780436,0.88184245,5700000.00000000
1.50000000,Pune,PUN-01|PUN-02|PUN-03|PUN-05|PUN-06|PUN-07|CS-02|CS-03|CS-04|CS-05,82.78365316,86.78970863,0.13780436,0.88184245,5700000.00000000
2.00000000,Pune,PUN-01|PUN-02|PUN-03|PUN-05|PUN-06|PUN-07|CS-02|CS-03|CS-04|CS-05,90.14130114,94.14735661,0.13780436,0.88184245,5700000.00000000
0.00000000,Pune,PUN-04|PUN-05|PUN-06|PUN-07|CS-02|CS-03|CS-04|CS-05,62.26130070,66.26735617,0.20182918,0.80552077,5700000.00000000
0.50000000,Pune,PUN-04|PUN-05|PUN-06|PUN-07|CS-02|CS-03|CS-04|CS-05,68.08315352,72.08920899,0.20182918,0.80552077,5700000.00000000
1.00000000,Pune,PUN-04|PUN-05|PUN-06|PUN-07|CS-02|CS-03|CS-04|CS-05,73.90500634,77.91106181,0.20182918,0.80552077,5700000.00000000
1.50000000,Pune,PUN-04|PUN-05|PUN-06|PUN-07|CS-02|CS-03|CS-04|CS-05,79.72685916,83.73291463,0.20182918,0.80552077,5700000.00000000
2.00000000,Pune,PUN-04|PUN-05|PUN-06|PUN-07|CS-02|CS-03|CS-04|CS-05,85.54871199,89.55476745,0.20182918,0.80552077,5700000.00000000
0.00000000,Pune,PUN-01|PUN-04|PUN-05|PUN-06|PUN-07|CS-02|CS-03|CS-04|CS-05,63.00530246,67.01135793,0.19459368,0.81656483,5700000.00000000
0.50000000,Pune,PUN-01|PUN-04|PUN-05|PUN-06|PUN-07|CS-02|CS-03|CS-04|CS-05,69.62920975,73.63526522,0.19459368,0.81656483,5700000.00000000
1.00000000,Pune,PUN-01|PUN-04|PUN-05|PUN-06|PUN-07|CS-02|CS-03|CS-04|CS-05,76.25311705,80.25917252,0.19459368,0.81656483,5700000.00000000
1.50000000,Pune,PUN-01|PUN-04|PUN-05|PUN-06|PUN-07|CS-02|CS-03|CS-04|CS-05,82.87702435,86.88307981,0.19459368,0.81656483,5700000.00000000
2.00000000,Pune,PUN-01|PUN-04|PUN-05|PUN-06|PUN-07|CS-02|CS-03|CS-04|CS-05,89.50093164,93.50698711,0.19459368,0.81656483,5700000.00000000
0.00000000,Pune,PUN-02|PUN-04|PUN-05|PUN-06|PUN-07|CS-02|CS-03|CS-04|CS-05,63.27287796,67.27893343,0.20051944,0.80697560,5700000.00000000
0.50000000,Pune,PUN-02|PUN-04|PUN-05|PUN-06|PUN-07|CS-02|CS-03|CS-04|CS-05,69.79557964,73.80163511,0.20051944,0.80697560,5700000.00000000
1.00000000,Pune,PUN-02|PUN-04|PUN-05|PUN-06|PUN-07|CS-02|CS-03|CS-04|CS-05,76.31828132,80.32433679,0.20051944,0.80697560,5700000.00000000
1.50000000,Pune,PUN-02|PUN-04|PUN-05|PUN-06|PUN-07|CS-02|CS-03|CS-04|CS-05,82.84098301,86.84703848,0.20051944,0.80697560,5700000.00000000
2.00000000,Pune,PUN-02|PUN-04|PUN-05|PUN-06|PUN-07|CS-02|CS-03|CS-04|CS-05,89.36368469,93.36974016,0.20051944,0.80697560,5700000.00000000
0.00000000,Pune,PUN-01|PUN-02|PUN-04|PUN-05|PUN-06|PUN-07|CS-02|CS-03|CS-04|CS-05,64.01688835,68.02294382,0.19328402,0.81801966,5700000.00000000
0.50000000,Pune,PUN-01|PUN-02|PUN-04|PUN-05|PUN-06|PUN-07|CS-02|CS-03|CS-04|CS-05,71.34164451,75.34769998,0.19328402,0.81801966,5700000.00000000
1.00000000,Pune,PUN-01|PUN-02|PUN-04|PUN-05|PUN-06|PUN-07|CS-02|CS-03|CS-04|CS-05,78.66640067,82.67245614,0.19328402,0.81801966,5700000.00000000
1.50000000,Pune,PUN-01|PUN-02|PUN-04|PUN-05|PUN-06|PUN-07|CS-02|CS-03|CS-04|CS-05,85.99115683,89.99721230,0.19328402,0.81801966,5700000.00000000
2.00000000,Pune,PUN-01|PUN-02|PUN-04|PUN-05|PUN-06|PUN-07|CS-02|CS-03|CS-04|CS-05,93.31591298,97.32196845,0.19328402,0.81801966,5700000.00000000
0.00000000,Pune,PUN-03|PUN-04|PUN-05|PUN-06|PUN-07|CS-02|CS-03|CS-04|CS-05,59.99892165,64.00497712,0.14566638,0.86930560,5700000.00000000
0.50000000,Pune,PUN-03|PUN-04|PUN-05|PUN-06|PUN-07|CS-02|CS-03|CS-04|CS-05,66.58867205,70.59472752,0.14566638,0.86930560,5700000.00000000
1.00000000,Pune,PUN-03|PUN-04|PUN-05|PUN-06|PUN-07|CS-02|CS-03|CS-04|CS-05,73.17842245,77.18447792,0.14566638,0.86930560,5700000.00000000
1.50000000,Pune,PUN-03|PUN-04|PUN-05|PUN-06|PUN-07|CS-02|CS-03|CS-04|CS-05,79.76817286,83.77422833,0.14566638,0.86930560,5700000.00000000
2.00000000,Pune,PUN-03|PUN-04|PUN-05|PUN-06|PUN-07|CS-02|CS-03|CS-04|CS-05,86.35792326,90.36397873,0.14566638,0.86930560,5700000.00000000
0.00000000,Pune,PUN-01|PUN-03|PUN-04|PUN-05|PUN-06|PUN-07|CS-02|CS-03|CS-04|CS-05,60.74292341,64.74897888,0.13843088,0.88034967,5700000.00000000
0.50000000,Pune,PUN-01|PUN-03|PUN-04|PUN-05|PUN-06|PUN-07|CS-02|CS-03|CS-04|CS-05,68.13472829,72.14078376,0.13843088,0.88034967,5700000.00000000
1.00000000,Pune,PUN-01|PUN-03|PUN-04|PUN-05|PUN-06|PUN-07|CS-02|CS-03|CS-04|CS-05,75.52653316,79.53258863,0.13843088,0.88034967,5700000.00000000
1.50000000,Pune,PUN-01|PUN-03|PUN-04|PUN-05|PUN-06|PUN-07|CS-02|CS-03|CS-04|CS-05,82.91833804,86.92439351,0.13843088,0.88034967,5700000.00000000
2.00000000,Pune,PUN-01|PUN-03|PUN-04|PUN-05|PUN-06|PUN-07|CS-02|CS-03|CS-04|CS-05,90.31014291,94.31619838,0.13843088,0.88034967,5700000.00000000
0.00000000,Pune,PUN-02|PUN-03|PUN-04|PUN-05|PUN-06|PUN-07|CS-02|CS-03|CS-04|CS-05,61.04073274,65.04678821,0.14490463,0.87076043,5700000.00000000
0.50000000,Pune,PUN-02|PUN-03|PUN-04|PUN-05|PUN-06|PUN-07|CS-02|CS-03|CS-04|CS-05,68.33133200,72.33738747,0.14490463,0.87076043,5700000.00000000
1.00000000,Pune,PUN-02|PUN-03|PUN-04|PUN-05|PUN-06|PUN-07|CS-02|CS-03|CS-04|CS-05,75.62193127,79.62798674,0.14490463,0.87076043,5700000.00000000
1.50000000,Pune,PUN-02|PUN-03|PUN-04|PUN-05|PUN-06|PUN-07|CS-02|CS-03|CS-04|CS-05,82.91253053,86.91858600,0.14490463,0.87076043,5700000.00000000
2.00000000,Pune,PUN-02|PUN-03|PUN-04|PUN-05|PUN-06|PUN-07|CS-02|CS-03|CS-04|CS-05,90.20312979,94.20918526,0.14490463,0.87076043,5700000.00000000
0.00000000,Pune,PUN-01|PUN-02|PUN-03|PUN-04|PUN-05|PUN-06|PUN-07|CS-02|CS-03|CS-04|CS-05,61.78474313,65.79079860,0.13766918,0.88180450,5700000.00000000
0.50000000,Pune,PUN-01|PUN-02|PUN-03|PUN-04|PUN-05|PUN-06|PUN-07|CS-02|CS-03|CS-04|CS-05,69.87739687,73.88345234,0.13766918,0.88180450,5700000.00000000
1.00000000,Pune,PUN-01|PUN-02|PUN-03|PUN-04|PUN-05|PUN-06|PUN-07|CS-02|CS-03|CS-04|CS-05,77.97005061,81.97610608,0.13766918,0.88180450,5700000.00000000
1.50000000,Pune,PUN-01|PUN-02|PUN-03|PUN-04|PUN-05|PUN-06|PUN-07|CS-02|CS-03|CS-04|CS-05,86.06270435,90.06875982,0.13766918,0.88180450,5700000.00000000
2.00000000,Pune,PUN-01|PUN-02|PUN-03|PUN-04|PUN-05|PUN-06|PUN-07|CS-02|CS-03|CS-04|CS-05,94.15535809,98.16141355,0.13766918,0.88180450,5700000.00000000
0.00000000,Pune,PUN-02|PUN-03|PUN-05|CS-01|CS-02|CS-03|CS-04|CS-05,63.46980743,68.63551053,0.20456122,0.80053639,7350000.00000000
0.50000000,Pune,PUN-02|PUN-03|PUN-05|CS-01|CS-02|CS-03|CS-04|CS-05,69.29039518,74.45609829,0.20456122,0.80053639,7350000.00000000
1.00000000,Pune,PUN-02|PUN-03|PUN-05|CS-01|CS-02|CS-03|CS-04|CS-05,75.11098293,80.27668604,0.20456122,0.80053639,7350000.00000000
1.50000000,Pune,PUN-02|PUN-03|PUN-05|CS-01|CS-02|CS-03|CS-04|CS-05,80.93157068,86.09727379,0.20456122,0.80053639,7350000.00000000
2.00000000,Pune,PUN-02|PUN-03|PUN-05|CS-01|CS-02|CS-03|CS-04|CS-05,86.75215844,91.91786154,0.20456122,0.80053639,7350000.00000000
0.00000000,Pune,PUN-01|PUN-02|PUN-03|PUN-05|CS-01|CS-02|CS-03|CS-04|CS-05,64.21381782,69.37952093,0.19732577,0.81158045,7350000.00000000
0.50000000,Pune,PUN-01|PUN-02|PUN-03|PUN-05|CS-01|CS-02|CS-03|CS-04|CS-05,70.83646005,76.00216315,0.19732577,0.81158045,7350000.00000000
1.00000000,Pune,PUN-01|PUN-02|PUN-03|PUN-05|CS-01|CS-02|CS-03|CS-04|CS-05,77.45910228,82.62480538,0.19732577,0.81158045,7350000.00000000
1.50000000,Pune,PUN-01|PUN-02|PUN-03|PUN-05|CS-01|CS-02|CS-03|CS-04|CS-05,84.08174450,89.24744761,0.19732577,0.81158045,7350000.00000000
2.00000000,Pune,PUN-01|PUN-02|PUN-03|PUN-05|CS-01|CS-02|CS-03|CS-04|CS-05,90.70438673,95.87008983,0.19732577,0.81158045,7350000.00000000
0.00000000,Pune,PUN-02|PUN-03|PUN-04|PUN-05|CS-01|CS-02|CS-03|CS-04|CS-05,64.40376134,69.56946445,0.20264047,0.80049844,7350000.00000000
0.50000000,Pune,PUN-02|PUN-03|PUN-04|PUN-05|CS-01|CS-02|CS-03|CS-04|CS-05,70.95935485,76.12505795,0.20264047,0.80049844,7350000.00000000
1.00000000,Pune,PUN-02|PUN-03|PUN-04|PUN-05|CS-01|CS-02|CS-03|CS-04|CS-05,77.51494836,82.68065146,0.20264047,0.80049844,7350000.00000000
1.50000000,Pune,PUN-02|PUN-03|PUN-04|PUN-05|CS-01|CS-02|CS-03|CS-04|CS-05,84.07054186,89.23624497,0.20264047,0.80049844,7350000.00000000
2.00000000,Pune,PUN-02|PUN-03|PUN-04|PUN-05|CS-01|CS-02|CS-03|CS-04|CS-05,90.62613537,95.79183848,0.20264047,0.80049844,7350000.00000000
0.00000000,Pune,PUN-01|PUN-02|PUN-03|PUN-04|PUN-05|CS-01|CS-02|CS-03|CS-04|CS-05,65.14777174,70.31347484,0.19540501,0.81154250,7350000.00000000
0.50000000,Pune,PUN-01|PUN-02|PUN-03|PUN-04|PUN-05|CS-01|CS-02|CS-03|CS-04|CS-05,72.50541972,77.67112282,0.19540501,0.81154250,7350000.00000000
1.00000000,Pune,PUN-01|PUN-02|PUN-03|PUN-04|PUN-05|CS-01|CS-02|CS-03|CS-04|CS-05,79.86306770,85.02877081,0.19540501,0.81154250,7350000.00000000
1.50000000,Pune,PUN-01|PUN-02|PUN-03|PUN-04|PUN-05|CS-01|CS-02|CS-03|CS-04|CS-05,87.22071568,92.38641879,0.19540501,0.81154250,7350000.00000000
2.00000000,Pune,PUN-01|PUN-02|PUN-03|PUN-04|PUN-05|CS-01|CS-02|CS-03|CS-04|CS-05,94.57836366,99.74406677,0.19540501,0.81154250,7350000.00000000
0.00000000,Pune,PUN-01|PUN-03|PUN-06|CS-01|CS-02|CS-03|CS-04|CS-05,64.18140230,69.34710541,0.20766789,0.80320569,7350000.00000000
0.50000000,Pune,PUN-01|PUN-03|PUN-06|CS-01|CS-02|CS-03|CS-04|CS-05,70.17783481,75.34353791,0.20766789,0.80320569,7350000.00000000
1.00000000,Pune,PUN-01|PUN-03|PUN-06|CS-01|CS-02|CS-03|CS-04|CS-05,76.17426731,81.33997041,0.20766789,0.80320569,7350000.00000000
1.50000000,Pune,PUN-01|PUN-03|PUN-06|CS-01|CS-02|CS-03|CS-04|CS-05,82.17069981,87.33640291,0.20766789,0.80320569,7350000.00000000
2.00000000,Pune,PUN-01|PUN-03|PUN-06|CS-01|CS-02|CS-03|CS-04|CS-05,88.16713231,93.33283542,0.20766789,0.80320569,7350000.00000000
0.00000000,Pune,PUN-01|PUN-02|PUN-03|PUN-06|CS-01|CS-02|CS-03|CS-04|CS-05,65.22322203,70.38892513,0.20690617,0.80466052,7350000.00000000
0.50000000,Pune,PUN-01|PUN-02|PUN-03|PUN-06|CS-01|CS-02|CS-03|CS-04|CS-05,71.92050339,77.08620650,0.20690617,0.80466052,7350000.00000000
1.00000000,Pune,PUN-01|PUN-02|PUN-03|PUN-06|CS-01|CS-02|CS-03|CS-04|CS-05,78.61778475,83.78348786,0.20690617,0.80466052,7350000.00000000
1.50000000,Pune,PUN-01|PUN-02|PUN-03|PUN-06|CS-01|CS-02|CS-03|CS-04|CS-05,85.31506612,90.48076922,0.20690617,0.80466052,7350000.00000000
2.00000000,Pune,PUN-01|PUN-02|PUN-03|PUN-06|CS-01|CS-02|CS-03|CS-04|CS-05,92.01234748,97.17805059,0.20690617,0.80466052,7350000.00000000
0.00000000,Pune,PUN-01|PUN-03|PUN-04|PUN-06|CS-01|CS-02|CS-03|CS-04|CS-05,64.93921247,70.10491557,0.20469312,0.80320569,7350000.00000000
0.50000000,Pune,PUN-01|PUN-03|PUN-04|PUN-06|CS-01|CS-02|CS-03|CS-04|CS-05,71.67065073,76.83635383,0.20469312,0.80320569,7350000.00000000
1.00000000,Pune,PUN-01|PUN-03|PUN-04|PUN-06|CS-01|CS-02|CS-03|CS-04|CS-05,78.40208898,83.56779209,0.20469312,0.80320569,7350000.00000000
1.50000000,Pune,PUN-01|PUN-03|PUN-04|PUN-06|CS-01|CS-02|CS-03|CS-04|CS-05,85.13352724,90.29923035,0.20469312,0.80320569,7350000.00000000
2.00000000,Pune,PUN-01|PUN-03|PUN-04|PUN-06|CS-01|CS-02|CS-03|CS-04|CS-05,91.86496550,97.03066861,0.20469312,0.80320569,7350000.00000000
0.00000000,Pune,PUN-01|PUN-02|PUN-03|PUN-04|PUN-06|CS-01|CS-02|CS-03|CS-04|CS-05,65.98103219,71.14673530,0.20393139,0.80466052,7350000.00000000
0.50000000,Pune,PUN-01|PUN-02|PUN-03|PUN-04|PUN-06|CS-01|CS-02|CS-03|CS-04|CS-05,73.41331931,78.57902242,0.20393139,0.80466052,7350000.00000000
1.00000000,Pune,PUN-01|PUN-02|PUN-03|PUN-04|PUN-06|CS-01|CS-02|CS-03|CS-04|CS-05,80.84560643,86.01130954,0.20393139,0.80466052,7350000.00000000
1.50000000,Pune,PUN-01|PUN-02|PUN-03|PUN-04|PUN-06|CS-01|CS-02|CS-03|CS-04|CS-05,88.27789355,93.44359666,0.20393139,0.80466052,7350000.00000000
2.00000000,Pune,PUN-01|PUN-02|PUN-03|PUN-04|PUN-06|CS-01|CS-02|CS-03|CS-04|CS-05,95.71018067,100.87588378,0.20393139,0.80466052,7350000.00000000
0.00000000,Pune,PUN-05|PUN-06|CS-01|CS-02|CS-03|CS-04|CS-05,60.77327280,65.93897590,0.17949824,0.82997457,7350000.00000000
0.50000000,Pune,PUN-05|PUN-06|CS-01|CS-02|CS-03|CS-04|CS-05,65.87656577,71.04226888,0.17949824,0.82997457,7350000.00000000
1.00000000,Pune,PUN-05|PUN-06|CS-01|CS-02|CS-03|CS-04|CS-05,70.97985875,76.14556186,0.17949824,0.82997457,7350000.00000000
1.50000000,Pune,PUN-05|PUN-06|CS-01|CS-02|CS-03|CS-04|CS-05,76.08315173,81.24885483,0.17949824,0.82997457,7350000.00000000
2.00000000,Pune,PUN-05|PUN-06|CS-01|CS-02|CS-03|CS-04|CS-05,81.18644471,86.35214781,0.17949824,0.82997457,7350000.00000000
0.00000000,Pune,PUN-01|PUN-05|PUN-06|CS-01|CS-02|CS-03|CS-04|CS-05,61.51727456,66.68297766,0.17226274,0.84101863,7350000.00000000
0.50000000,Pune,PUN-01|PUN-05|PUN-06|CS-01|CS-02|CS-03|CS-04|CS-05,67.42262201,72.58832511,0.17226274,0.84101863,7350000.00000000
1.00000000,Pune,PUN-01|PUN-05|PUN-06|CS-01|CS-02|CS-03|CS-04|CS-05,73.32796946,78.49367256,0.17226274,0.84101863,7350000.00000000
1.50000000,Pune,PUN-01|PUN-05|PUN-06|CS-01|CS-02|CS-03|CS-04|CS-05,79.23331691,84.39902002,0.17226274,0.84101863,7350000.00000000
2.00000000,Pune,PUN-01|PUN-05|PUN-06|CS-01|CS-02|CS-03|CS-04|CS-05,85.13866436,90.30436747,0.17226274,0.84101863,7350000.00000000
0.00000000,Pune,PUN-02|PUN-05|PUN-06|CS-01|CS-02|CS-03|CS-04|CS-05,61.78485005,66.95055316,0.17818850,0.83142940,7350000.00000000
0.50000000,Pune,PUN-02|PUN-05|PUN-06|CS-01|CS-02|CS-03|CS-04|CS-05,67.58899189,72.75469500,0.17818850,0.83142940,7350000.00000000
1.00000000,Pune,PUN-02|PUN-05|PUN-06|CS-01|CS-02|CS-03|CS-04|CS-05,73.39313373,78.55883684,0.17818850,0.83142940,7350000.00000000
1.50000000,Pune,PUN-02|PUN-05|PUN-06|CS-01|CS-02|CS-03|CS-04|CS-05,79.19727557,84.36297868,0.17818850,0.83142940,7350000.00000000
2.00000000,Pune,PUN-02|PUN-05|PUN-06|CS-01|CS-02|CS-03|CS-04|CS-05,85.00141741,90.16712052,0.17818850,0.83142940,7350000.00000000
0.00000000,Pune,PUN-01|PUN-02|PUN-05|PUN-06|CS-01|CS-02|CS-03|CS-04|CS-05,62.52886045,67.69456356,0.17095305,0.84247347,7350000.00000000
0.50000000,Pune,PUN-01|PUN-02|PUN-05|PUN-06|CS-01|CS-02|CS-03|CS-04|CS-05,69.13505676,74.30075987,0.17095305,0.84247347,7350000.00000000
1.00000000,Pune,PUN-01|PUN-02|PUN-05|PUN-06|CS-01|CS-02|CS-03|CS-04|CS-05,75.74125308,80.90695618,0.17095305,0.84247347,7350000.00000000
1.50000000,Pune,PUN-01|PUN-02|PUN-05|PUN-06|CS-01|CS-02|CS-03|CS-04|CS-05,82.34744939,87.51315250,0.17095305,0.84247347,7350000.00000000
2.00000000,Pune,PUN-01|PUN-02|PUN-05|PUN-06|CS-01|CS-02|CS-03|CS-04|CS-05,88.95364570,94.11934881,0.17095305,0.84247347,7350000.00000000
0.00000000,Pune,PUN-03|PUN-05|PUN-06|CS-01|CS-02|CS-03|CS-04|CS-05,58.37059994,63.53630305,0.12065706,0.89765583,7350000.00000000
0.50000000,Pune,PUN-03|PUN-05|PUN-06|CS-01|CS-02|CS-03|CS-04|CS-05,64.24179050,69.40749361,0.12065706,0.89765583,7350000.00000000
1.00000000,Pune,PUN-03|PUN-05|PUN-06|CS-01|CS-02|CS-03|CS-04|CS-05,70.11298106,75.27868416,0.12065706,0.89765583,7350000.00000000
1.50000000,Pune,PUN-03|PUN-05|PUN-06|CS-01|CS-02|CS-03|CS-04|CS-05,75.98417162,81.14987472,0.12065706,0.89765583,7350000.00000000
2.00000000,Pune,PUN-03|PUN-05|PUN-06|CS-01|CS-02|CS-03|CS-04|CS-05,81.85536217,87.02106528,0.12065706,0.89765583,7350000.00000000
0.00000000,Pune,PUN-01|PUN-03|PUN-05|PUN-06|CS-01|CS-02|CS-03|CS-04|CS-05,59.11460171,64.28030481,0.11342156,0.90869989,7350000.00000000
0.50000000,Pune,PUN-01|PUN-03|PUN-05|PUN-06|CS-01|CS-02|CS-03|CS-04|CS-05,65.78784674,70.95354984,0.11342156,0.90869989,7350000.00000000
1.00000000,Pune,PUN-01|PUN-03|PUN-05|PUN-06|CS-01|CS-02|CS-03|CS-04|CS-05,72.46109177,77.62679487,0.11342156,0.90869989,7350000.00000000
1.50000000,Pune,PUN-01|PUN-03|PUN-05|PUN-06|CS-01|CS-02|CS-03|CS-04|CS-05,79.13433680,84.30003990,0.11342156,0.90869989,7350000.00000000
2.00000000,Pune,PUN-01|PUN-03|PUN-05|PUN-06|CS-01|CS-02|CS-03|CS-04|CS-05,85.80758183,90.97328494,0.11342156,0.90869989,7350000.00000000
0.00000000,Pune,PUN-02|PUN-03|PUN-05|PUN-06|CS-01|CS-02|CS-03|CS-04|CS-05,59.41241103,64.57811414,0.11989531,0.89911066,7350000.00000000
0.50000000,Pune,PUN-02|PUN-03|PUN-05|PUN-06|CS-01|CS-02|CS-03|CS-04|CS-05,65.98445045,71.15015356,0.11989531,0.89911066,7350000.00000000
1.00000000,Pune,PUN-02|PUN-03|PUN-05|PUN-06|CS-01|CS-02|CS-03|CS-04|CS-05,72.55648987,77.72219298,0.11989531,0.89911066,7350000.00000000
1.50000000,Pune,PUN-02|PUN-03|PUN-05|PUN-06|CS-01|CS-02|CS-03|CS-04|CS-05,79.12852929,84.29423240,0.11989531,0.89911066,7350000.00000000
2.00000000,Pune,PUN-02|PUN-03|PUN-05|PUN-06|CS-01|CS-02|CS-03|CS-04|CS-05,85.70056871,90.86627182,0.11989531,0.89911066,7350000.00000000
0.00000000,Pune,PUN-01|PUN-02|PUN-03|PUN-05|PUN-06|CS-01|CS-02|CS-03|CS-04|CS-05,60.15642143,65.32212453,0.11265983,0.91015472,7350000.00000000
0.50000000,Pune,PUN-01|PUN-02|PUN-03|PUN-05|PUN-06|CS-01|CS-02|CS-03|CS-04|CS-05,67.53051532,72.69621843,0.11265983,0.91015472,7350000.00000000
1.00000000,Pune,PUN-01|PUN-02|PUN-03|PUN-05|PUN-06|CS-01|CS-02|CS-03|CS-04|CS-05,74.90460922,80.07031232,0.11265983,0.91015472,7350000.00000000
1.50000000,Pune,PUN-01|PUN-02|PUN-03|PUN-05|PUN-06|CS-01|CS-02|CS-03|CS-04|CS-05,82.27870311,87.44440621,0.11265983,0.91015472,7350000.00000000
2.00000000,Pune,PUN-01|PUN-02|PUN-03|PUN-05|PUN-06|CS-01|CS-02|CS-03|CS-04|CS-05,89.65279700,94.81850011,0.11265983,0.91015472,7350000.00000000
0.00000000,Pune,PUN-04|PUN-05|PUN-06|CS-01|CS-02|CS-03|CS-04|CS-05,61.84730671,67.01300982,0.17936303,0.82993662,7350000.00000000
0.50000000,Pune,PUN-04|PUN-05|PUN-06|CS-01|CS-02|CS-03|CS-04|CS-05,67.68560545,72.85130855,0.17936303,0.82993662,7350000.00000000
1.00000000,Pune,PUN-04|PUN-05|PUN-06|CS-01|CS-02|CS-03|CS-04|CS-05,73.52390418,78.68960728,0.17936303,0.82993662,7350000.00000000
1.50000000,Pune,PUN-04|PUN-05|PUN-06|CS-01|CS-02|CS-03|CS-04|CS-05,79.36220291,84.52790602,0.17936303,0.82993662,7350000.00000000
2.00000000,Pune,PUN-04|PUN-05|PUN-06|CS-01|CS-02|CS-03|CS-04|CS-05,85.20050165,90.36620475,0.17936303,0.82993662,7350000.00000000
0.00000000,Pune,PUN-01|PUN-04|PUN-05|PUN-06|CS-01|CS-02|CS-03|CS-04|CS-05,62.59130847,67.75701158,0.17212754,0.84098068,7350000.00000000
0.50000000,Pune,PUN-01|PUN-04|PUN-05|PUN-06|CS-01|CS-02|CS-03|CS-04|CS-05,69.23166168,74.39736478,0.17212754,0.84098068,7350000.00000000
1.00000000,Pune,PUN-01|PUN-04|PUN-05|PUN-06|CS-01|CS-02|CS-03|CS-04|CS-05,75.87201489,81.03771799,0.17212754,0.84098068,7350000.00000000
1.50000000,Pune,PUN-01|PUN-04|PUN-05|PUN-06|CS-01|CS-02|CS-03|CS-04|CS-05,82.51236810,87.67807120,0.17212754,0.84098068,7350000.00000000
2.00000000,Pune,PUN-01|PUN-04|PUN-05|PUN-06|CS-01|CS-02|CS-03|CS-04|CS-05,89.15272130,94.31842441,0.17212754,0.84098068,7350000.00000000
0.00000000,Pune,PUN-02|PUN-04|PUN-05|PUN-06|CS-01|CS-02|CS-03|CS-04|CS-05,62.85888397,68.02458708,0.17805330,0.83139145,7350000.00000000
0.50000000,Pune,PUN-02|PUN-04|PUN-05|PUN-06|CS-01|CS-02|CS-03|CS-04|CS-05,69.39803157,74.56373467,0.17805330,0.83139145,7350000.00000000
1.00000000,Pune,PUN-02|PUN-04|PUN-05|PUN-06|CS-01|CS-02|CS-03|CS-04|CS-05,75.93717916,81.10288227,0.17805330,0.83139145,7350000.00000000
1.50000000,Pune,PUN-02|PUN-04|PUN-05|PUN-06|CS-01|CS-02|CS-03|CS-04|CS-05,82.47632676,87.64202986,0.17805330,0.83139145,7350000.00000000
2.00000000,Pune,PUN-02|PUN-04|PUN-05|PUN-06|CS-01|CS-02|CS-03|CS-04|CS-05,89.01547435,94.18117746,0.17805330,0.83139145,7350000.00000000
0.00000000,Pune,PUN-01|PUN-02|PUN-04|PUN-05|PUN-06|CS-01|CS-02|CS-03|CS-04|CS-05,63.60289437,68.76859747,0.17081785,0.84243551,7350000.00000000
0.50000000,Pune,PUN-01|PUN-02|PUN-04|PUN-05|PUN-06|CS-01|CS-02|CS-03|CS-04|CS-05,70.94409644,76.10979954,0.17081785,0.84243551,7350000.00000000
1.00000000,Pune,PUN-01|PUN-02|PUN-04|PUN-05|PUN-06|CS-01|CS-02|CS-03|CS-04|CS-05,78.28529851,83.45100161,0.17081785,0.84243551,7350000.00000000
1.50000000,Pune,PUN-01|PUN-02|PUN-04|PUN-05|PUN-06|CS-01|CS-02|CS-03|CS-04|CS-05,85.62650058,90.79220368,0.17081785,0.84243551,7350000.00000000
2.00000000,Pune,PUN-01|PUN-02|PUN-04|PUN-05|PUN-06|CS-01|CS-02|CS-03|CS-04|CS-05,92.96770265,98.13340575,0.17081785,0.84243551,7350000.00000000
0.00000000,Pune,PUN-03|PUN-04|PUN-05|PUN-06|CS-01|CS-02|CS-03|CS-04|CS-05,59.44463386,64.61033697,0.12052186,0.89761787,7350000.00000000
0.50000000,Pune,PUN-03|PUN-04|PUN-05|PUN-06|CS-01|CS-02|CS-03|CS-04|CS-05,66.05083017,71.21653328,0.12052186,0.89761787,7350000.00000000
1.00000000,Pune,PUN-03|PUN-04|PUN-05|PUN-06|CS-01|CS-02|CS-03|CS-04|CS-05,72.65702649,77.82272959,0.12052186,0.89761787,7350000.00000000
1.50000000,Pune,PUN-03|PUN-04|PUN-05|PUN-06|CS-01|CS-02|CS-03|CS-04|CS-05,79.26322280,84.42892591,0.12052186,0.89761787,7350000.00000000
2.00000000,Pune,PUN-03|PUN-04|PUN-05|PUN-06|CS-01|CS-02|CS-03|CS-04|CS-05,85.86941912,91.03512222,0.12052186,0.89761787,7350000.00000000
0.00000000,Pune,PUN-01|PUN-03|PUN-04|PUN-05|PUN-06|CS-01|CS-02|CS-03|CS-04|CS-05,60.18863562,65.35433873,0.11328636,0.90866194,7350000.00000000
0.50000000,Pune,PUN-01|PUN-03|PUN-04|PUN-05|PUN-06|CS-01|CS-02|CS-03|CS-04|CS-05,67.59688641,72.76258951,0.11328636,0.90866194,7350000.00000000
1.00000000,Pune,PUN-01|PUN-03|PUN-04|PUN-05|PUN-06|CS-01|CS-02|CS-03|CS-04|CS-05,75.00513720,80.17084030,0.11328636,0.90866194,7350000.00000000
1.50000000,Pune,PUN-01|PUN-03|PUN-04|PUN-05|PUN-06|CS-01|CS-02|CS-03|CS-04|CS-05,82.41338798,87.57909109,0.11328636,0.90866194,7350000.00000000
2.00000000,Pune,PUN-01|PUN-03|PUN-04|PUN-05|PUN-06|CS-01|CS-02|CS-03|CS-04|CS-05,89.82163877,94.98734188,0.11328636,0.90866194,7350000.00000000
0.00000000,Pune,PUN-02|PUN-03|PUN-04|PUN-05|PUN-06|CS-01|CS-02|CS-03|CS-04|CS-05,60.48644495,65.65214805,0.11976009,0.89907270,7350000.00000000
0.50000000,Pune,PUN-02|PUN-03|PUN-04|PUN-05|PUN-06|CS-01|CS-02|CS-03|CS-04|CS-05,67.79349012,72.95919323,0.11976009,0.89907270,7350000.00000000
1.00000000,Pune,PUN-02|PUN-03|PUN-04|PUN-05|PUN-06|CS-01|CS-02|CS-03|CS-04|CS-05,75.10053530,80.26623840,0.11976009,0.89907270,7350000.00000000
1.50000000,Pune,PUN-02|PUN-03|PUN-04|PUN-05|PUN-06|CS-01|CS-02|CS-03|CS-04|CS-05,82.40758048,87.57328358,0.11976009,0.89907270,7350000.00000000
2.00000000,Pune,PUN-02|PUN-03|PUN-04|PUN-05|PUN-06|CS-01|CS-02|CS-03|CS-04|CS-05,89.71462565,94.88032876,0.11976009,0.89907270,7350000.00000000
0.00000000,Pune,PUN-01|PUN-02|PUN-03|PUN-04|PUN-05|PUN-06|CS-01|CS-02|CS-03|CS-04|CS-05,61.23045534,66.39615845,0.11252464,0.91011677,7350000.00000000
0.50000000,Pune,PUN-01|PUN-02|PUN-03|PUN-04|PUN-05|PUN-06|CS-01|CS-02|CS-03|CS-04|CS-05,69.33955499,74.50525810,0.11252464,0.91011677,7350000.00000000
1.00000000,Pune,PUN-01|PUN-02|PUN-03|PUN-04|PUN-05|PUN-06|CS-01|CS-02|CS-03|CS-04|CS-05,77.44865464,82.61435775,0.11252464,0.91011677,7350000.00000000
1.50000000,Pune,PUN-01|PUN-02|PUN-03|PUN-04|PUN-05|PUN-06|CS-01|CS-02|CS-03|CS-04|CS-05,85.55775429,90.72345740,0.11252464,0.91011677,7350000.00000000
2.00000000,Pune,PUN-01|PUN-02|PUN-03|PUN-04|PUN-05|PUN-06|CS-01|CS-02|CS-03|CS-04|CS-05,93.66685394,98.83255705,0.11252464,0.91011677,7350000.00000000
0.00000000,Pune,PUN-03|PUN-05|PUN-07|CS-01|CS-02|CS-03|CS-04|CS-05,63.02407172,68.18977482,0.20627858,0.81636242,7350000.00000000
0.50000000,Pune,PUN-03|PUN-05|PUN-07|CS-01|CS-02|CS-03|CS-04|CS-05,68.86237045,74.02807356,0.20627858,0.81636242,7350000.00000000
1.00000000,Pune,PUN-03|PUN-05|PUN-07|CS-01|CS-02|CS-03|CS-04|CS-05,74.70066919,79.86637229,0.20627858,0.81636242,7350000.00000000
1.50000000,Pune,PUN-03|PUN-05|PUN-07|CS-01|CS-02|CS-03|CS-04|CS-05,80.53896792,85.70467102,0.20627858,0.81636242,7350000.00000000
2.00000000,Pune,PUN-03|PUN-05|PUN-07|CS-01|CS-02|CS-03|CS-04|CS-05,86.37726665,91.54296976,0.20627858,0.81636242,7350000.00000000
0.00000000,Pune,PUN-01|PUN-03|PUN-05|PUN-07|CS-01|CS-02|CS-03|CS-04|CS-05,63.76807348,68.93377658,0.19904307,0.82740648,7350000.00000000
0.50000000,Pune,PUN-01|PUN-03|PUN-05|PUN-07|CS-01|CS-02|CS-03|CS-04|CS-05,70.40842669,75.57412979,0.19904307,0.82740648,7350000.00000000
1.00000000,Pune,PUN-01|PUN-03|PUN-05|PUN-07|CS-01|CS-02|CS-03|CS-04|CS-05,77.04877989,82.21448300,0.19904307,0.82740648,7350000.00000000
1.50000000,Pune,PUN-01|PUN-03|PUN-05|PUN-07|CS-01|CS-02|CS-03|CS-04|CS-05,83.68913310,88.85483621,0.19904307,0.82740648,7350000.00000000
2.00000000,Pune,PUN-01|PUN-03|PUN-05|PUN-07|CS-01|CS-02|CS-03|CS-04|CS-05,90.32948631,95.49518941,0.19904307,0.82740648,7350000.00000000
0.00000000,Pune,PUN-02|PUN-03|PUN-05|PUN-07|CS-01|CS-02|CS-03|CS-04|CS-05,62.95157134,68.11727444,0.18532749,0.81141599,7350000.00000000
0.50000000,Pune,PUN-02|PUN-03|PUN-05|PUN-07|CS-01|CS-02|CS-03|CS-04|CS-05,69.49071893,74.65642204,0.18532749,0.81141599,7350000.00000000
1.00000000,Pune,PUN-02|PUN-03|PUN-05|PUN-07|CS-01|CS-02|CS-03|CS-04|CS-05,76.02986653,81.19556963,0.18532749,0.81141599,7350000.00000000
1.50000000,Pune,PUN-02|PUN-03|PUN-05|PUN-07|CS-01|CS-02|CS-03|CS-04|CS-05,82.56901412,87.73471723,0.18532749,0.81141599,7350000.00000000
2.00000000,Pune,PUN-02|PUN-03|PUN-05|PUN-07|CS-01|CS-02|CS-03|CS-04|CS-05,89.10816172,94.27386483,0.18532749,0.81141599,7350000.00000000
0.00000000,Pune,PUN-01|PUN-02|PUN-03|PUN-05|PUN-07|CS-01|CS-02|CS-03|CS-04|CS-05,63.69558173,68.86128484,0.17809205,0.82246006,7350000.00000000
0.50000000,Pune,PUN-01|PUN-02|PUN-03|PUN-05|PUN-07|CS-01|CS-02|CS-03|CS-04|CS-05,71.03678380,76.20248691,0.17809205,0.82246006,7350000.00000000
1.00000000,Pune,PUN-01|PUN-02|PUN-03|PUN-05|PUN-07|CS-01|CS-02|CS-03|CS-04|CS-05,78.37798587,83.54368898,0.17809205,0.82246006,7350000.00000000
1.50000000,Pune,PUN-01|PUN-02|PUN-03|PUN-05|PUN-07|CS-01|CS-02|CS-03|CS-04|CS-05,85.71918794,90.88489105,0.17809205,0.82246006,7350000.00000000
2.00000000,Pune,PUN-01|PUN-02|PUN-03|PUN-05|PUN-07|CS-01|CS-02|CS-03|CS-04|CS-05,93.06039001,98.22609312,0.17809205,0.82246006,7350000.00000000
0.00000000,Pune,PUN-03|PUN-04|PUN-05|PUN-07|CS-01|CS-02|CS-03|CS-04|CS-05,63.91493652,69.08063962,0.20405976,0.81632447,7350000.00000000
0.50000000,Pune,PUN-03|PUN-04|PUN-05|PUN-07|CS-01|CS-02|CS-03|CS-04|CS-05,70.48824101,75.65394411,0.20405976,0.81632447,7350000.00000000
1.00000000,Pune,PUN-03|PUN-04|PUN-05|PUN-07|CS-01|CS-02|CS-03|CS-04|CS-05,77.06154550,82.22724860,0.20405976,0.81632447,7350000.00000000
1.50000000,Pune,PUN-03|PUN-04|PUN-05|PUN-07|CS-01|CS-02|CS-03|CS-04|CS-05,83.63484999,88.80055309,0.20405976,0.81632447,7350000.00000000
2.00000000,Pune,PUN-03|PUN-04|PUN-05|PUN-07|CS-01|CS-02|CS-03|CS-04|CS-05,90.20815448,95.37385758,0.20405976,0.81632447,7350000.00000000
0.00000000,Pune,PUN-01|PUN-03|PUN-04|PUN-05|PUN-07|CS-01|CS-02|CS-03|CS-04|CS-05,64.65893828,69.82464138,0.19682427,0.82736853,7350000.00000000
0.50000000,Pune,PUN-01|PUN-03|PUN-04|PUN-05|PUN-07|CS-01|CS-02|CS-03|CS-04|CS-05,72.03429724,77.20000035,0.19682427,0.82736853,7350000.00000000
1.00000000,Pune,PUN-01|PUN-03|PUN-04|PUN-05|PUN-07|CS-01|CS-02|CS-03|CS-04|CS-05,79.40965621,84.57535931,0.19682427,0.82736853,7350000.00000000
1.50000000,Pune,PUN-01|PUN-03|PUN-04|PUN-05|PUN-07|CS-01|CS-02|CS-03|CS-04|CS-05,86.78501517,91.95071828,0.19682427,0.82736853,7350000.00000000
2.00000000,Pune,PUN-01|PUN-03|PUN-04|PUN-05|PUN-07|CS-01|CS-02|CS-03|CS-04|CS-05,94.16037413,99.32607724,0.19682427,0.82736853,7350000.00000000
0.00000000,Pune,PUN-02|PUN-03|PUN-04|PUN-05|PUN-07|CS-01|CS-02|CS-03|CS-04|CS-05,63.88552525,69.05122836,0.18340673,0.81137804,7350000.00000000
0.50000000,Pune,PUN-02|PUN-03|PUN-04|PUN-05|PUN-07|CS-01|CS-02|CS-03|CS-04|CS-05,71.15967860,76.32538171,0.18340673,0.81137804,7350000.00000000
1.00000000,Pune,PUN-02|PUN-03|PUN-04|PUN-05|PUN-07|CS-01|CS-02|CS-03|CS-04|CS-05,78.43383195,83.59953506,0.18340673,0.81137804,7350000.00000000
1.50000000,Pune,PUN-02|PUN-03|PUN-04|PUN-05|PUN-07|CS-01|CS-02|CS-03|CS-04|CS-05,85.70798531,90.87368841,0.18340673,0.81137804,7350000.00000000
2.00000000,Pune,PUN-02|PUN-03|PUN-04|PUN-05|PUN-07|CS-01|CS-02|CS-03|CS-04|CS-05,92.98213866,98.14784176,0.18340673,0.81137804,7350000.00000000
0.00000000,Pune,PUN-01|PUN-02|PUN-03|PUN-04|PUN-05|PUN-07|CS-01|CS-02|CS-03|CS-04|CS-05,64.62953565,69.79523875,0.17617129,0.82242210,7350000.00000000
0.50000000,Pune,PUN-01|PUN-02|PUN-03|PUN-04|PUN-05|PUN-07|CS-01|CS-02|CS-03|CS-04|CS-05,72.70574347,77.87144658,0.17617129,0.82242210,7350000.00000000
1.00000000,Pune,PUN-01|PUN-02|PUN-03|PUN-04|PUN-05|PUN-07|CS-01|CS-02|CS-03|CS-04|CS-05,80.78195130,85.94765440,0.17617129,0.82242210,7350000.00000000
1.50000000,Pune,PUN-01|PUN-02|PUN-03|PUN-04|PUN-05|PUN-07|CS-01|CS-02|CS-03|CS-04|CS-05,88.85815912,94.02386223,0.17617129,0.82242210,7350000.00000000
2.00000000,Pune,PUN-01|PUN-02|PUN-03|PUN-04|PUN-05|PUN-07|CS-01|CS-02|CS-03|CS-04|CS-05,96.93436695,102.10007005,0.17617129,0.82242210,7350000.00000000
0.00000000,Pune,PUN-03|PUN-06|PUN-07|CS-01|CS-02|CS-03|CS-04|CS-05,62.91916445,68.08486756,0.19566964,0.80304123,7350000.00000000
0.50000000,Pune,PUN-03|PUN-06|PUN-07|CS-01|CS-02|CS-03|CS-04|CS-05,68.83210232,73.99780543,0.19566964,0.80304123,7350000.00000000
1.00000000,Pune,PUN-03|PUN-06|PUN-07|CS-01|CS-02|CS-03|CS-04|CS-05,74.74504020,79.91074330,0.19566964,0.80304123,7350000.00000000
1.50000000,Pune,PUN-03|PUN-06|PUN-07|CS-01|CS-02|CS-03|CS-04|CS-05,80.65797807,85.82368117,0.19566964,0.80304123,7350000.00000000
2.00000000,Pune,PUN-03|PUN-06|PUN-07|CS-01|CS-02|CS-03|CS-04|CS-05,86.57091594,91.73661905,0.19566964,0.80304123,7350000.00000000
0.00000000,Pune,PUN-01|PUN-03|PUN-06|PUN-07|CS-01|CS-02|CS-03|CS-04|CS-05,63.66316621,68.82886932,0.18843415,0.81408529,7350000.00000000
0.50000000,Pune,PUN-01|PUN-03|PUN-06|PUN-07|CS-01|CS-02|CS-03|CS-04|CS-05,70.37815856,75.54386166,0.18843415,0.81408529,7350000.00000000
1.00000000,Pune,PUN-01|PUN-03|PUN-06|PUN-07|CS-01|CS-02|CS-03|CS-04|CS-05,77.09315090,82.25885401,0.18843415,0.81408529,7350000.00000000
1.50000000,Pune,PUN-01|PUN-03|PUN-06|PUN-07|CS-01|CS-02|CS-03|CS-04|CS-05,83.80814325,88.97384636,0.18843415,0.81408529,7350000.00000000
2.00000000,Pune,PUN-01|PUN-03|PUN-06|PUN-07|CS-01|CS-02|CS-03|CS-04|CS-05,90.52313560,95.68883870,0.18843415,0.81408529,7350000.00000000
0.00000000,Pune,PUN-02|PUN-03|PUN-06|PUN-07|CS-01|CS-02|CS-03|CS-04|CS-05,63.96097554,69.12667864,0.19490789,0.80449606,7350000.00000000
0.50000000,Pune,PUN-02|PUN-03|PUN-06|PUN-07|CS-01|CS-02|CS-03|CS-04|CS-05,70.57476227,75.74046538,0.19490789,0.80449606,7350000.00000000
1.00000000,Pune,PUN-02|PUN-03|PUN-06|PUN-07|CS-01|CS-02|CS-03|CS-04|CS-05,77.18854901,82.35425211,0.19490789,0.80449606,7350000.00000000
1.50000000,Pune,PUN-02|PUN-03|PUN-06|PUN-07|CS-01|CS-02|CS-03|CS-04|CS-05,83.80233574,88.96803885,0.19490789,0.80449606,7350000.00000000
2.00000000,Pune,PUN-02|PUN-03|PUN-06|PUN-07|CS-01|CS-02|CS-03|CS-04|CS-05,90.41612248,95.58182558,0.19490789,0.80449606,7350000.00000000
0.00000000,Pune,PUN-01|PUN-02|PUN-03|PUN-06|PUN-07|CS-01|CS-02|CS-03|CS-04|CS-05,64.70498594,69.87068904,0.18767244,0.81554012,7350000.00000000
0.50000000,Pune,PUN-01|PUN-02|PUN-03|PUN-06|PUN-07|CS-01|CS-02|CS-03|CS-04|CS-05,72.12082714,77.28653025,0.18767244,0.81554012,7350000.00000000
1.00000000,Pune,PUN-01|PUN-02|PUN-03|PUN-06|PUN-07|CS-01|CS-02|CS-03|CS-04|CS-05,79.53666835,84.70237146,0.18767244,0.81554012,7350000.00000000
1.50000000,Pune,PUN-01|PUN-02|PUN-03|PUN-06|PUN-07|CS-01|CS-02|CS-03|CS-04|CS-05,86.95250956,92.11821267,0.18767244,0.81554012,7350000.00000000
2.00000000,Pune,PUN-01|PUN-02|PUN-03|PUN-06|PUN-07|CS-01|CS-02|CS-03|CS-04|CS-05,94.36835077,99.53405387,0.18767244,0.81554012,7350000.00000000
0.00000000,Pune,PUN-03|PUN-04|PUN-06|PUN-07|CS-01|CS-02|CS-03|CS-04|CS-05,63.67697462,68.84267772,0.19269489,0.80304123,7350000.00000000
0.50000000,Pune,PUN-03|PUN-04|PUN-06|PUN-07|CS-01|CS-02|CS-03|CS-04|CS-05,70.32491824,75.49062135,0.19269489,0.80304123,7350000.00000000
1.00000000,Pune,PUN-03|PUN-04|PUN-06|PUN-07|CS-01|CS-02|CS-03|CS-04|CS-05,76.97286187,82.13856498,0.19269489,0.80304123,7350000.00000000
1.50000000,Pune,PUN-03|PUN-04|PUN-06|PUN-07|CS-01|CS-02|CS-03|CS-04|CS-05,83.62080550,88.78650861,0.19269489,0.80304123,7350000.00000000
2.00000000,Pune,PUN-03|PUN-04|PUN-06|PUN-07|CS-01|CS-02|CS-03|CS-04|CS-05,90.26874913,95.43445223,0.19269489,0.80304123,7350000.00000000
0.00000000,Pune,PUN-01|PUN-03|PUN-04|PUN-06|PUN-07|CS-01|CS-02|CS-03|CS-04|CS-05,64.42097638,69.58667948,0.18545938,0.81408529,7350000.00000000
0.50000000,Pune,PUN-01|PUN-03|PUN-04|PUN-06|PUN-07|CS-01|CS-02|CS-03|CS-04|CS-05,71.87097448,77.03667758,0.18545938,0.81408529,7350000.00000000
1.00000000,Pune,PUN-01|PUN-03|PUN-04|PUN-06|PUN-07|CS-01|CS-02|CS-03|CS-04|CS-05,79.32097258,84.48667569,0.18545938,0.81408529,7350000.00000000
1.50000000,Pune,PUN-01|PUN-03|PUN-04|PUN-06|PUN-07|CS-01|CS-02|CS-03|CS-04|CS-05,86.77097068,91.93667379,0.18545938,0.81408529,7350000.00000000
2.00000000,Pune,PUN-01|PUN-03|PUN-04|PUN-06|PUN-07|CS-01|CS-02|CS-03|CS-04|CS-05,94.22096879,99.38667189,0.18545938,0.81408529,7350000.00000000
0.00000000,Pune,PUN-02|PUN-03|PUN-04|PUN-06|PUN-07|CS-01|CS-02|CS-03|CS-04|CS-05,64.71878570,69.88448881,0.19193313,0.80449606,7350000.00000000
0.50000000,Pune,PUN-02|PUN-03|PUN-04|PUN-06|PUN-07|CS-01|CS-02|CS-03|CS-04|CS-05,72.06757819,77.23328130,0.19193313,0.80449606,7350000.00000000
1.00000000,Pune,PUN-02|PUN-03|PUN-04|PUN-06|PUN-07|CS-01|CS-02|CS-03|CS-04|CS-05,79.41637068,84.58207379,0.19193313,0.80449606,7350000.00000000
1.50000000,Pune,PUN-02|PUN-03|PUN-04|PUN-06|PUN-07|CS-01|CS-02|CS-03|CS-04|CS-05,86.76516318,91.93086628,0.19193313,0.80449606,7350000.00000000
2.00000000,Pune,PUN-02|PUN-03|PUN-04|PUN-06|PUN-07|CS-01|CS-02|CS-03|CS-04|CS-05,94.11395567,99.27965877,0.19193313,0.80449606,7350000.00000000
0.00000000,Pune,PUN-01|PUN-02|PUN-03|PUN-04|PUN-06|PUN-07|CS-01|CS-02|CS-03|CS-04|CS-05,65.46279610,70.62849920,0.18469767,0.81554012,7350000.00000000
0.50000000,Pune,PUN-01|PUN-02|PUN-03|PUN-04|PUN-06|PUN-07|CS-01|CS-02|CS-03|CS-04|CS-05,73.61364306,78.77934617,0.18469767,0.81554012,7350000.00000000
1.00000000,Pune,PUN-01|PUN-02|PUN-03|PUN-04|PUN-06|PUN-07|CS-01|CS-02|CS-03|CS-04|CS-05,81.76449003,86.93019313,0.18469767,0.81554012,7350000.00000000
1.50000000,Pune,PUN-01|PUN-02|PUN-03|PUN-04|PUN-06|PUN-07|CS-01|CS-02|CS-03|CS-04|CS-05,89.91533699,95.08104010,0.18469767,0.81554012,7350000.00000000
2.00000000,Pune,PUN-01|PUN-02|PUN-03|PUN-04|PUN-06|PUN-07|CS-01|CS-02|CS-03|CS-04|CS-05,98.06618396,103.23188706,0.18469767,0.81554012,7350000.00000000
0.00000000,Pune,PUN-05|PUN-06|PUN-07|CS-01|CS-02|CS-03|CS-04|CS-05,60.11474290,65.28044601,0.15758611,0.84475059,7350000.00000000
0.50000000,Pune,PUN-05|PUN-06|PUN-07|CS-01|CS-02|CS-03|CS-04|CS-05,65.93659572,71.10229883,0.15758611,0.84475059,7350000.00000000
1.00000000,Pune,PUN-05|PUN-06|PUN-07|CS-01|CS-02|CS-03|CS-04|CS-05,71.75844854,76.92415165,0.15758611,0.84475059,7350000.00000000
1.50000000,Pune,PUN-05|PUN-06|PUN-07|CS-01|CS-02|CS-03|CS-04|CS-05,77.58030137,82.74600447,0.15758611,0.84475059,7350000.00000000
2.00000000,Pune,PUN-05|PUN-06|PUN-07|CS-01|CS-02|CS-03|CS-04|CS-05,83.40215419,88.56785729,0.15758611,0.84475059,7350000.00000000
0.00000000,Pune,PUN-01|PUN-05|PUN-06|PUN-07|CS-01|CS-02|CS-03|CS-04|CS-05,60.85874466,66.02444777,0.15035063,0.85579465,7350000.00000000
0.50000000,Pune,PUN-01|PUN-05|PUN-06|PUN-07|CS-01|CS-02|CS-03|CS-04|CS-05,67.48265196,72.64835506,0.15035063,0.85579465,7350000.00000000
1.00000000,Pune,PUN-01|PUN-05|PUN-06|PUN-07|CS-01|CS-02|CS-03|CS-04|CS-05,74.10655925,79.27226236,0.15035063,0.85579465,7350000.00000000
1.50000000,Pune,PUN-01|PUN-05|PUN-06|PUN-07|CS-01|CS-02|CS-03|CS-04|CS-05,80.73046655,85.89616965,0.15035063,0.85579465,7350000.00000000
2.00000000,Pune,PUN-01|PUN-05|PUN-06|PUN-07|CS-01|CS-02|CS-03|CS-04|CS-05,87.35437384,92.52007695,0.15035063,0.85579465,7350000.00000000
0.00000000,Pune,PUN-02|PUN-05|PUN-06|PUN-07|CS-01|CS-02|CS-03|CS-04|CS-05,61.12632016,66.29202326,0.15627639,0.84620542,7350000.00000000
0.50000000,Pune,PUN-02|PUN-05|PUN-06|PUN-07|CS-01|CS-02|CS-03|CS-04|CS-05,67.64902184,72.81472495,0.15627639,0.84620542,7350000.00000000
1.00000000,Pune,PUN-02|PUN-05|PUN-06|PUN-07|CS-01|CS-02|CS-03|CS-04|CS-05,74.17172353,79.33742663,0.15627639,0.84620542,7350000.00000000
1.50000000,Pune,PUN-02|PUN-05|PUN-06|PUN-07|CS-01|CS-02|CS-03|CS-04|CS-05,80.69442521,85.86012832,0.15627639,0.84620542,7350000.00000000
2.00000000,Pune,PUN-02|PUN-05|PUN-06|PUN-07|CS-01|CS-02|CS-03|CS-04|CS-05,87.21712690,92.38283000,0.15627639,0.84620542,7350000.00000000
0.00000000,Pune,PUN-01|PUN-02|PUN-05|PUN-06|PUN-07|CS-01|CS-02|CS-03|CS-04|CS-05,61.87033056,67.03603366,0.14904095,0.85724948,7350000.00000000
0.50000000,Pune,PUN-01|PUN-02|PUN-05|PUN-06|PUN-07|CS-01|CS-02|CS-03|CS-04|CS-05,69.19508671,74.36078982,0.14904095,0.85724948,7350000.00000000
1.00000000,Pune,PUN-01|PUN-02|PUN-05|PUN-06|PUN-07|CS-01|CS-02|CS-03|CS-04|CS-05,76.51984287,81.68554598,0.14904095,0.85724948,7350000.00000000
1.50000000,Pune,PUN-01|PUN-02|PUN-05|PUN-06|PUN-07|CS-01|CS-02|CS-03|CS-04|CS-05,83.84459903,89.01030213,0.14904095,0.85724948,7350000.00000000
2.00000000,Pune,PUN-01|PUN-02|PUN-05|PUN-06|PUN-07|CS-01|CS-02|CS-03|CS-04|CS-05,91.16935519,96.33505829,0.14904095,0.85724948,7350000.00000000
0.00000000,Pune,PUN-03|PUN-05|PUN-06|PUN-07|CS-01|CS-02|CS-03|CS-04|CS-05,57.85236385,63.01806696,0.10142333,0.90853543,7350000.00000000
0.50000000,Pune,PUN-03|PUN-05|PUN-06|PUN-07|CS-01|CS-02|CS-03|CS-04|CS-05,64.44211426,69.60781736,0.10142333,0.90853543,7350000.00000000
1.00000000,Pune,PUN-03|PUN-05|PUN-06|PUN-07|CS-01|CS-02|CS-03|CS-04|CS-05,71.03186466,76.19756776,0.10142333,0.90853543,7350000.00000000
1.50000000,Pune,PUN-03|PUN-05|PUN-06|PUN-07|CS-01|CS-02|CS-03|CS-04|CS-05,77.62161506,82.78731816,0.10142333,0.90853543,7350000.00000000
2.00000000,Pune,PUN-03|PUN-05|PUN-06|PUN-07|CS-01|CS-02|CS-03|CS-04|CS-05,84.21136546,89.37706857,0.10142333,0.90853543,7350000.00000000
0.00000000,Pune,PUN-01|PUN-03|PUN-05|PUN-06|PUN-07|CS-01|CS-02|CS-03|CS-04|CS-05,58.59636561,63.76206872,0.09418783,0.91957949,7350000.00000000
0.50000000,Pune,PUN-01|PUN-03|PUN-05|PUN-06|PUN-07|CS-01|CS-02|CS-03|CS-04|CS-05,65.98817049,71.15387359,0.09418783,0.91957949,7350000.00000000
1.00000000,Pune,PUN-01|PUN-03|PUN-05|PUN-06|PUN-07|CS-01|CS-02|CS-03|CS-04|CS-05,73.37997537,78.54567847,0.09418783,0.91957949,7350000.00000000
1.50000000,Pune,PUN-01|PUN-03|PUN-05|PUN-06|PUN-07|CS-01|CS-02|CS-03|CS-04|CS-05,80.77178024,85.93748335,0.09418783,0.91957949,7350000.00000000
2.00000000,Pune,PUN-01|PUN-03|PUN-05|PUN-06|PUN-07|CS-01|CS-02|CS-03|CS-04|CS-05,88.16358512,93.32928822,0.09418783,0.91957949,7350000.00000000
0.00000000,Pune,PUN-02|PUN-03|PUN-05|PUN-06|PUN-07|CS-01|CS-02|CS-03|CS-04|CS-05,58.89417494,64.05987805,0.10066157,0.90999026,7350000.00000000
0.50000000,Pune,PUN-02|PUN-03|PUN-05|PUN-06|PUN-07|CS-01|CS-02|CS-03|CS-04|CS-05,66.18477421,71.35047731,0.10066157,0.90999026,7350000.00000000
1.00000000,Pune,PUN-02|PUN-03|PUN-05|PUN-06|PUN-07|CS-01|CS-02|CS-03|CS-04|CS-05,73.47537347,78.64107657,0.10066157,0.90999026,7350000.00000000
1.50000000,Pune,PUN-02|PUN-03|PUN-05|PUN-06|PUN-07|CS-01|CS-02|CS-03|CS-04|CS-05,80.76597273,85.93167584,0.10066157,0.90999026,7350000.00000000
2.00000000,Pune,PUN-02|PUN-03|PUN-05|PUN-06|PUN-07|CS-01|CS-02|CS-03|CS-04|CS-05,88.05657200,93.22227510,0.10066157,0.90999026,7350000.00000000
0.00000000,Pune,PUN-01|PUN-02|PUN-03|PUN-05|PUN-06|PUN-07|CS-01|CS-02|CS-03|CS-04|CS-05,59.63818534,64.80388844,0.09342612,0.92103432,7350000.00000000
0.50000000,Pune,PUN-01|PUN-02|PUN-03|PUN-05|PUN-06|PUN-07|CS-01|CS-02|CS-03|CS-04|CS-05,67.73083907,72.89654218,0.09342612,0.92103432,7350000.00000000
1.00000000,Pune,PUN-01|PUN-02|PUN-03|PUN-05|PUN-06|PUN-07|CS-01|CS-02|CS-03|CS-04|CS-05,75.82349281,80.98919592,0.09342612,0.92103432,7350000.00000000
1.50000000,Pune,PUN-01|PUN-02|PUN-03|PUN-05|PUN-06|PUN-07|CS-01|CS-02|CS-03|CS-04|CS-05,83.91614655,89.08184965,0.09342612,0.92103432,7350000.00000000
2.00000000,Pune,PUN-01|PUN-02|PUN-03|PUN-05|PUN-06|PUN-07|CS-01|CS-02|CS-03|CS-04|CS-05,92.00880029,97.17450339,0.09342612,0.92103432,7350000.00000000
0.00000000,Pune,PUN-04|PUN-05|PUN-06|PUN-07|CS-01|CS-02|CS-03|CS-04|CS-05,61.18877682,66.35447992,0.15745093,0.84471264,7350000.00000000
0.50000000,Pune,PUN-04|PUN-05|PUN-06|PUN-07|CS-01|CS-02|CS-03|CS-04|CS-05,67.74563539,72.91133850,0.15745093,0.84471264,7350000.00000000
1.00000000,Pune,PUN-04|PUN-05|PUN-06|PUN-07|CS-01|CS-02|CS-03|CS-04|CS-05,74.30249397,79.46819708,0.15745093,0.84471264,7350000.00000000
1.50000000,Pune,PUN-04|PUN-05|PUN-06|PUN-07|CS-01|CS-02|CS-03|CS-04|CS-05,80.85935255,86.02505566,0.15745093,0.84471264,7350000.00000000
2.00000000,Pune,PUN-04|PUN-05|PUN-06|PUN-07|CS-01|CS-02|CS-03|CS-04|CS-05,87.41621113,92.58191423,0.15745093,0.84471264,7350000.00000000
0.00000000,Pune,PUN-01|PUN-04|PUN-05|PUN-06|PUN-07|CS-01|CS-02|CS-03|CS-04|CS-05,61.93277858,67.09848168,0.15021543,0.85575670,7350000.00000000
0.50000000,Pune,PUN-01|PUN-04|PUN-05|PUN-06|PUN-07|CS-01|CS-02|CS-03|CS-04|CS-05,69.29169163,74.45739473,0.15021543,0.85575670,7350000.00000000
1.00000000,Pune,PUN-01|PUN-04|PUN-05|PUN-06|PUN-07|CS-01|CS-02|CS-03|CS-04|CS-05,76.65060468,81.81630779,0.15021543,0.85575670,7350000.00000000
1.50000000,Pune,PUN-01|PUN-04|PUN-05|PUN-06|PUN-07|CS-01|CS-02|CS-03|CS-04|CS-05,84.00951773,89.17522084,0.15021543,0.85575670,7350000.00000000
2.00000000,Pune,PUN-01|PUN-04|PUN-05|PUN-06|PUN-07|CS-01|CS-02|CS-03|CS-04|CS-05,91.36843078,96.53413389,0.15021543,0.85575670,7350000.00000000
0.00000000,Pune,PUN-02|PUN-04|PUN-05|PUN-06|PUN-07|CS-01|CS-02|CS-03|CS-04|CS-05,62.20035408,67.36605718,0.15614119,0.84616747,7350000.00000000
0.50000000,Pune,PUN-02|PUN-04|PUN-05|PUN-06|PUN-07|CS-01|CS-02|CS-03|CS-04|CS-05,69.45806152,74.62376462,0.15614119,0.84616747,7350000.00000000
1.00000000,Pune,PUN-02|PUN-04|PUN-05|PUN-06|PUN-07|CS-01|CS-02|CS-03|CS-04|CS-05,76.71576896,81.88147206,0.15614119,0.84616747,7350000.00000000
1.50000000,Pune,PUN-02|PUN-04|PUN-05|PUN-06|PUN-07|CS-01|CS-02|CS-03|CS-04|CS-05,83.97347640,89.13917950,0.15614119,0.84616747,7350000.00000000
2.00000000,Pune,PUN-02|PUN-04|PUN-05|PUN-06|PUN-07|CS-01|CS-02|CS-03|CS-04|CS-05,91.23118384,96.39688694,0.15614119,0.84616747,7350000.00000000
0.00000000,Pune,PUN-01|PUN-02|PUN-04|PUN-05|PUN-06|PUN-07|CS-01|CS-02|CS-03|CS-04|CS-05,62.94436447,68.11006758,0.14890575,0.85721153,7350000.00000000
0.50000000,Pune,PUN-01|PUN-02|PUN-04|PUN-05|PUN-06|PUN-07|CS-01|CS-02|CS-03|CS-04|CS-05,71.00412639,76.16982949,0.14890575,0.85721153,7350000.00000000
1.00000000,Pune,PUN-01|PUN-02|PUN-04|PUN-05|PUN-06|PUN-07|CS-01|CS-02|CS-03|CS-04|CS-05,79.06388830,84.22959140,0.14890575,0.85721153,7350000.00000000
1.50000000,Pune,PUN-01|PUN-02|PUN-04|PUN-05|PUN-06|PUN-07|CS-01|CS-02|CS-03|CS-04|CS-05,87.12365021,92.28935332,0.14890575,0.85721153,7350000.00000000
2.00000000,Pune,PUN-01|PUN-02|PUN-04|PUN-05|PUN-06|PUN-07|CS-01|CS-02|CS-03|CS-04|CS-05,95.18341213,100.34911523,0.14890575,0.85721153,7350000.00000000
0.00000000,Pune,PUN-03|PUN-04|PUN-05|PUN-06|PUN-07|CS-01|CS-02|CS-03|CS-04|CS-05,58.92639777,64.09210087,0.10128812,0.90849748,7350000.00000000
0.50000000,Pune,PUN-03|PUN-04|PUN-05|PUN-06|PUN-07|CS-01|CS-02|CS-03|CS-04|CS-05,66.25115393,71.41685703,0.10128812,0.90849748,7350000.00000000
1.00000000,Pune,PUN-03|PUN-04|PUN-05|PUN-06|PUN-07|CS-01|CS-02|CS-03|CS-04|CS-05,73.57591009,78.74161319,0.10128812,0.90849748,7350000.00000000
1.50000000,Pune,PUN-03|PUN-04|PUN-05|PUN-06|PUN-07|CS-01|CS-02|CS-03|CS-04|CS-05,80.90066624,86.06636935,0.10128812,0.90849748,7350000.00000000
2.00000000,Pune,PUN-03|PUN-04|PUN-05|PUN-06|PUN-07|CS-01|CS-02|CS-03|CS-04|CS-05,88.22542240,93.39112551,0.10128812,0.90849748,7350000.00000000
0.00000000,Pune,PUN-01|PUN-03|PUN-04|PUN-05|PUN-06|PUN-07|CS-01|CS-02|CS-03|CS-04|CS-05,59.67039953,64.83610264,0.09405264,0.91954154,7350000.00000000
0.50000000,Pune,PUN-01|PUN-03|PUN-04|PUN-05|PUN-06|PUN-07|CS-01|CS-02|CS-03|CS-04|CS-05,67.79721016,72.96291327,0.09405264,0.91954154,7350000.00000000
1.00000000,Pune,PUN-01|PUN-03|PUN-04|PUN-05|PUN-06|PUN-07|CS-01|CS-02|CS-03|CS-04|CS-05,75.92402079,81.08972390,0.09405264,0.91954154,7350000.00000000
1.50000000,Pune,PUN-01|PUN-03|PUN-04|PUN-05|PUN-06|PUN-07|CS-01|CS-02|CS-03|CS-04|CS-05,84.05083143,89.21653453,0.09405264,0.91954154,7350000.00000000
2.00000000,Pune,PUN-01|PUN-03|PUN-04|PUN-05|PUN-06|PUN-07|CS-01|CS-02|CS-03|CS-04|CS-05,92.17764206,97.34334516,0.09405264,0.91954154,7350000.00000000
0.00000000,Pune,PUN-02|PUN-03|PUN-04|PUN-05|PUN-06|PUN-07|CS-01|CS-02|CS-03|CS-04|CS-05,59.96820886,65.13391196,0.10052637,0.90995231,7350000.00000000
0.50000000,Pune,PUN-02|PUN-03|PUN-04|PUN-05|PUN-06|PUN-07|CS-01|CS-02|CS-03|CS-04|CS-05,67.99381388,73.15951698,0.10052637,0.90995231,7350000.00000000
1.00000000,Pune,PUN-02|PUN-03|PUN-04|PUN-05|PUN-06|PUN-07|CS-01|CS-02|CS-03|CS-04|CS-05,76.01941890,81.18512200,0.10052637,0.90995231,7350000.00000000
1.50000000,Pune,PUN-02|PUN-03|PUN-04|PUN-05|PUN-06|PUN-07|CS-01|CS-02|CS-03|CS-04|CS-05,84.04502392,89.21072702,0.10052637,0.90995231,7350000.00000000
2.00000000,Pune,PUN-02|PUN-03|PUN-04|PUN-05|PUN-06|PUN-07|CS-01|CS-02|CS-03|CS-04|CS-05,92.07062894,97.23633204,0.10052637,0.90995231,7350000.00000000
0.00000000,Pune,PUN-01|PUN-02|PUN-03|PUN-04|PUN-05|PUN-06|PUN-07|CS-01|CS-02|CS-03|CS-04|CS-05,60.71221925,65.87792236,0.09329092,0.92099637,7350000.00000000
0.50000000,Pune,PUN-01|PUN-02|PUN-03|PUN-04|PUN-05|PUN-06|PUN-07|CS-01|CS-02|CS-03|CS-04|CS-05,69.53987875,74.70558185,0.09329092,0.92099637,7350000.00000000
1.00000000,Pune,PUN-01|PUN-02|PUN-03|PUN-04|PUN-05|PUN-06|PUN-07|CS-01|CS-02|CS-03|CS-04|CS-05,78.36753824,83.53324135,0.09329092,0.92099637,7350000.00000000
1.50000000,Pune,PUN-01|PUN-02|PUN-03|PUN-04|PUN-05|PUN-06|PUN-07|CS-01|CS-02|CS-03|CS-04|CS-05,87.19519773,92.36090084,0.09329092,0.92099637,7350000.00000000
2.00000000,Pune,PUN-01|PUN-02|PUN-03|PUN-04|PUN-05|PUN-06|PUN-07|CS-01|CS-02|CS-03|CS-04|CS-05,96.02285723,101.18856033,0.09329092,0.92099637,7350000.00000000
0.00000000,Hyderabad,HYD-01|HYD-02|HYD-03|HYD-04|HYD-05|HYD-06|CS-06,58.81111624,60.20439964,0.16986901,0.77966843,1720000.00000000
0.50000000,Hyderabad,HYD-01|HYD-02|HYD-03|HYD-04|HYD-05|HYD-06|CS-06,64.92196004,66.31524344,0.16986901,0.77966843,1720000.00000000
1.00000000,Hyderabad,HYD-01|HYD-02|HYD-03|HYD-04|HYD-05|HYD-06|CS-06,71.03280383,72.42608723,0.16986901,0.77966843,1720000.00000000
1.50000000,Hyderabad,HYD-01|HYD-02|HYD-03|HYD-04|HYD-05|HYD-06|CS-06,77.14364763,78.53693103,0.16986901,0.77966843,1720000.00000000
2.00000000,Hyderabad,HYD-01|HYD-02|HYD-03|HYD-04|HYD-05|HYD-06|CS-06,83.25449142,84.64777482,0.16986901,0.77966843,1720000.00000000
0.00000000,Hyderabad,HYD-01|HYD-02|HYD-03|HYD-04|HYD-05|HYD-06|CS-07,58.73796561,60.01784222,0.17490973,0.76712888,1580000.00000000
0.50000000,Hyderabad,HYD-01|HYD-02|HYD-03|HYD-04|HYD-05|HYD-06|CS-07,64.84880940,66.12868602,0.17490973,0.76712888,1580000.00000000
1.00000000,Hyderabad,HYD-01|HYD-02|HYD-03|HYD-04|HYD-05|HYD-06|CS-07,70.95965320,72.23952981,0.17490973,0.76712888,1580000.00000000
1.50000000,Hyderabad,HYD-01|HYD-02|HYD-03|HYD-04|HYD-05|HYD-06|CS-07,77.07049699,78.35037361,0.17490973,0.76712888,1580000.00000000
2.00000000,Hyderabad,HYD-01|HYD-02|HYD-03|HYD-04|HYD-05|HYD-06|CS-07,83.18134079,84.46121740,0.17490973,0.76712888,1580000.00000000
0.00000000,Hyderabad,HYD-01|HYD-02|HYD-03|HYD-04|HYD-05|CS-06|CS-07,61.19349815,63.86665816,0.19546795,0.74524299,3300000.00000000
0.50000000,Hyderabad,HYD-01|HYD-02|HYD-03|HYD-04|HYD-05|CS-06|CS-07,67.29413533,69.96729535,0.19546795,0.74524299,3300000.00000000
1.00000000,Hyderabad,HYD-01|HYD-02|HYD-03|HYD-04|HYD-05|CS-06|CS-07,73.39477252,76.06793253,0.19546795,0.74524299,3300000.00000000
1.50000000,Hyderabad,HYD-01|HYD-02|HYD-03|HYD-04|HYD-05|CS-06|CS-07,79.49540970,82.16856972,0.19546795,0.74524299,3300000.00000000
2.00000000,Hyderabad,HYD-01|HYD-02|HYD-03|HYD-04|HYD-05|CS-06|CS-07,85.59604689,88.26920690,0.19546795,0.74524299,3300000.00000000
0.00000000,Hyderabad,HYD-01|HYD-02|HYD-03|HYD-04|HYD-06|CS-06|CS-07,61.35078326,64.02394328,0.19950832,0.76097575,3300000.00000000
0.50000000,Hyderabad,HYD-01|HYD-02|HYD-03|HYD-04|HYD-06|CS-06|CS-07,67.56806743,70.24122744,0.19950832,0.76097575,3300000.00000000
1.00000000,Hyderabad,HYD-01|HYD-02|HYD-03|HYD-04|HYD-06|CS-06|CS-07,73.78535159,76.45851161,0.19950832,0.76097575,3300000.00000000
1.50000000,Hyderabad,HYD-01|HYD-02|HYD-03|HYD-04|HYD-06|CS-06|CS-07,80.00263576,82.67579578,0.19950832,0.76097575,3300000.00000000
2.00000000,Hyderabad,HYD-01|HYD-02|HYD-03|HYD-04|HYD-06|CS-06|CS-07,86.21991993,88.89307994,0.19950832,0.76097575,3300000.00000000
0.00000000,Hyderabad,HYD-01|HYD-02|HYD-03|HYD-05|HYD-06|CS-06|CS-07,61.04886674,63.72202675,0.19886035,0.77125527,3300000.00000000
0.50000000,Hyderabad,HYD-01|HYD-02|HYD-03|HYD-05|HYD-06|CS-06|CS-07,67.18887228,69.86203229,0.19886035,0.77125527,3300000.00000000
1.00000000,Hyderabad,HYD-01|HYD-02|HYD-03|HYD-05|HYD-06|CS-06|CS-07,73.32887782,76.00203783,0.19886035,0.77125527,3300000.00000000
1.50000000,Hyderabad,HYD-01|HYD-02|HYD-03|HYD-05|HYD-06|CS-06|CS-07,79.46888336,82.14204338,0.19886035,0.77125527,3300000.00000000
2.00000000,Hyderabad,HYD-01|HYD-02|HYD-03|HYD-05|HYD-06|CS-06|CS-07,85.60888890,88.28204892,0.19886035,0.77125527,3300000.00000000
0.00000000,Hyderabad,HYD-01|HYD-02|HYD-04|HYD-05|HYD-06|CS-06|CS-07,61.14173277,63.81489279,0.20147337,0.75342286,3300000.00000000
0.50000000,Hyderabad,HYD-01|HYD-02|HYD-04|HYD-05|HYD-06|CS-06|CS-07,67.26278318,69.93594319,0.20147337,0.75342286,3300000.00000000
1.00000000,Hyderabad,HYD-01|HYD-02|HYD-04|HYD-05|HYD-06|CS-06|CS-07,73.38383358,76.05699360,0.20147337,0.75342286,3300000.00000000
1.50000000,Hyderabad,HYD-01|HYD-02|HYD-04|HYD-05|HYD-06|CS-06|CS-07,79.50488399,82.17804400,0.20147337,0.75342286,3300000.00000000
2.00000000,Hyderabad,HYD-01|HYD-02|HYD-04|HYD-05|HYD-06|CS-06|CS-07,85.62593439,88.29909441,0.20147337,0.75342286,3300000.00000000
0.00000000,Hyderabad,HYD-01|HYD-03|HYD-04|HYD-05|HYD-06|CS-06|CS-07,60.23896336,62.91212338,0.18795596,0.75973638,3300000.00000000
0.50000000,Hyderabad,HYD-01|HYD-03|HYD-04|HYD-05|HYD-06|CS-06|CS-07,66.27252853,68.94568855,0.18795596,0.75973638,3300000.00000000
1.00000000,Hyderabad,HYD-01|HYD-03|HYD-04|HYD-05|HYD-06|CS-06|CS-07,72.30609370,74.97925372,0.18795596,0.75973638,3300000.00000000
1.50000000,Hyderabad,HYD-01|HYD-03|HYD-04|HYD-05|HYD-06|CS-06|CS-07,78.33965887,81.01281888,0.18795596,0.75973638,3300000.00000000
2.00000000,Hyderabad,HYD-01|HYD-03|HYD-04|HYD-05|HYD-06|CS-06|CS-07,84.37322404,87.04638405,0.18795596,0.75973638,3300000.00000000
0.00000000,Hyderabad,HYD-02|HYD-03|HYD-04|HYD-05|HYD-06|CS-06|CS-07,59.74871280,62.42187282,0.18104662,0.74012510,3300000.00000000
0.50000000,Hyderabad,HYD-02|HYD-03|HYD-04|HYD-05|HYD-06|CS-06|CS-07,65.75311623,68.42627624,0.18104662,0.74012510,3300000.00000000
1.00000000,Hyderabad,HYD-02|HYD-03|HYD-04|HYD-05|HYD-06|CS-06|CS-07,71.75751965,74.43067967,0.18104662,0.74012510,3300000.00000000
1.50000000,Hyderabad,HYD-02|HYD-03|HYD-04|HYD-05|HYD-06|CS-06|CS-07,77.76192308,80.43508309,0.18104662,0.74012510,3300000.00000000
2.00000000,Hyderabad,HYD-02|HYD-03|HYD-04|HYD-05|HYD-06|CS-06|CS-07,83.76632650,86.43948651,0.18104662,0.74012510,3300000.00000000
0.00000000,Hyderabad,HYD-01|HYD-02|HYD-03|HYD-04|HYD-05|HYD-06|CS-06|CS-07,58.20826662,60.88142663,0.13063529,0.83492994,3300000.00000000
0.50000000,Hyderabad,HYD-01|HYD-02|HYD-03|HYD-04|HYD-05|HYD-06|CS-06|CS-07,65.18521426,67.85837427,0.13063529,0.83492994,3300000.00000000
1.00000000,Hyderabad,HYD-01|HYD-02|HYD-03|HYD-04|HYD-05|HYD-06|CS-06|CS-07,72.16216190,74.83532191,0.13063529,0.83492994,3300000.00000000
1.50000000,Hyderabad,HYD-01|HYD-02|HYD-03|HYD-04|HYD-05|HYD-06|CS-06|CS-07,79.13910954,81.81226955,0.13063529,0.83492994,3300000.00000000
2.00000000,Hyderabad,HYD-01|HYD-02|HYD-03|HYD-04|HYD-05|HYD-06|CS-06|CS-07,86.11605718,88.78921719,0.13063529,0.83492994,3300000.00000000
0.00000000,Hyderabad,HYD-03|HYD-04|HYD-05|HYD-06|CS-06|CS-08,61.65932102,64.23527521,0.22031830,0.70119417,3180000.00000000
0.50000000,Hyderabad,HYD-03|HYD-04|HYD-05|HYD-06|CS-06|CS-08,66.72034197,69.29629617,0.22031830,0.70119417,3180000.00000000
1.00000000,Hyderabad,HYD-03|HYD-04|HYD-05|HYD-06|CS-06|CS-08,71.78136292,74.35731712,0.22031830,0.70119417,3180000.00000000
1.50000000,Hyderabad,HYD-03|HYD-04|HYD-05|HYD-06|CS-06|CS-08,76.84238387,79.41833807,0.22031830,0.70119417,3180000.00000000
2.00000000,Hyderabad,HYD-03|HYD-04|HYD-05|HYD-06|CS-06|CS-08,81.90340483,84.47935902,0.22031830,0.70119417,3180000.00000000
0.00000000,Hyderabad,HYD-01|HYD-03|HYD-04|HYD-05|HYD-06|CS-06|CS-08,63.16604862,65.74200282,0.21994025,0.70119417,3180000.00000000
0.50000000,Hyderabad,HYD-01|HYD-03|HYD-04|HYD-05|HYD-06|CS-06|CS-08,69.19961379,71.77556799,0.21994025,0.70119417,3180000.00000000
1.00000000,Hyderabad,HYD-01|HYD-03|HYD-04|HYD-05|HYD-06|CS-06|CS-08,75.23317896,77.80913315,0.21994025,0.70119417,3180000.00000000
1.50000000,Hyderabad,HYD-01|HYD-03|HYD-04|HYD-05|HYD-06|CS-06|CS-08,81.26674413,83.84269832,0.21994025,0.70119417,3180000.00000000
2.00000000,Hyderabad,HYD-01|HYD-03|HYD-04|HYD-05|HYD-06|CS-06|CS-08,87.30030930,89.87626349,0.21994025,0.70119417,3180000.00000000
0.00000000,Hyderabad,HYD-02|HYD-03|HYD-04|HYD-05|HYD-06|CS-06|CS-08,59.75200907,62.32796326,0.16545773,0.78068909,3180000.00000000
0.50000000,Hyderabad,HYD-02|HYD-03|HYD-04|HYD-05|HYD-06|CS-06|CS-08,65.75641249,68.33236669,0.16545773,0.78068909,3180000.00000000
1.00000000,Hyderabad,HYD-02|HYD-03|HYD-04|HYD-05|HYD-06|CS-06|CS-08,71.76081591,74.33677011,0.16545773,0.78068909,3180000.00000000
1.50000000,Hyderabad,HYD-02|HYD-03|HYD-04|HYD-05|HYD-06|CS-06|CS-08,77.76521934,80.34117353,0.16545773,0.78068909,3180000.00000000
2.00000000,Hyderabad,HYD-02|HYD-03|HYD-04|HYD-05|HYD-06|CS-06|CS-08,83.76962276,86.34557696,0.16545773,0.78068909,3180000.00000000
0.00000000,Hyderabad,HYD-01|HYD-02|HYD-03|HYD-04|HYD-05|HYD-06|CS-06|CS-08,61.25873667,63.83469087,0.16507967,0.78068909,3180000.00000000
0.50000000,Hyderabad,HYD-01|HYD-02|HYD-03|HYD-04|HYD-05|HYD-06|CS-06|CS-08,68.23568431,70.81163851,0.16507967,0.78068909,3180000.00000000
1.00000000,Hyderabad,HYD-01|HYD-02|HYD-03|HYD-04|HYD-05|HYD-06|CS-06|CS-08,75.21263195,77.78858615,0.16507967,0.78068909,3180000.00000000
1.50000000,Hyderabad,HYD-01|HYD-02|HYD-03|HYD-04|HYD-05|HYD-06|CS-06|CS-08,82.18957959,84.76553379,0.16507967,0.78068909,3180000.00000000
2.00000000,Hyderabad,HYD-01|HYD-02|HYD-03|HYD-04|HYD-05|HYD-06|CS-06|CS-08,89.16652723,91.74248143,0.16507967,0.78068909,3180000.00000000
0.00000000,Hyderabad,HYD-02|HYD-03|HYD-04|HYD-05|HYD-06|CS-07|CS-08,59.67885843,62.14140584,0.17049846,0.76814954,3040000.00000000
0.50000000,Hyderabad,HYD-02|HYD-03|HYD-04|HYD-05|HYD-06|CS-07|CS-08,65.68326186,68.14580926,0.17049846,0.76814954,3040000.00000000
1.00000000,Hyderabad,HYD-02|HYD-03|HYD-04|HYD-05|HYD-06|CS-07|CS-08,71.68766528,74.15021269,0.17049846,0.76814954,3040000.00000000
1.50000000,Hyderabad,HYD-02|HYD-03|HYD-04|HYD-05|HYD-06|CS-07|CS-08,77.69206870,80.15461611,0.17049846,0.76814954,3040000.00000000
2.00000000,Hyderabad,HYD-02|HYD-03|HYD-04|HYD-05|HYD-06|CS-07|CS-08,83.69647213,86.15901953,0.17049846,0.76814954,3040000.00000000
0.00000000,Hyderabad,HYD-01|HYD-02|HYD-03|HYD-04|HYD-05|HYD-06|CS-07|CS-08,61.18558604,63.64813344,0.17012040,0.76814954,3040000.00000000
0.50000000,Hyderabad,HYD-01|HYD-02|HYD-03|HYD-04|HYD-05|HYD-06|CS-07|CS-08,68.16253368,70.62508108,0.17012040,0.76814954,3040000.00000000
1.00000000,Hyderabad,HYD-01|HYD-02|HYD-03|HYD-04|HYD-05|HYD-06|CS-07|CS-08,75.13948132,77.60202872,0.17012040,0.76814954,3040000.00000000
1.50000000,Hyderabad,HYD-01|HYD-02|HYD-03|HYD-04|HYD-05|HYD-06|CS-07|CS-08,82.11642896,84.57897636,0.17012040,0.76814954,3040000.00000000
2.00000000,Hyderabad,HYD-01|HYD-02|HYD-03|HYD-04|HYD-05|HYD-06|CS-07|CS-08,89.09337660,91.55592400,0.17012040,0.76814954,3040000.00000000
0.00000000,Hyderabad,HYD-02|HYD-03|HYD-04|HYD-05|CS-06|CS-07|CS-08,62.12490267,65.98073348,0.19090755,0.74282257,4760000.00000000
0.50000000,Hyderabad,HYD-02|HYD-03|HYD-04|HYD-05|CS-06|CS-07|CS-08,68.11909948,71.97493029,0.19090755,0.74282257,4760000.00000000
1.00000000,Hyderabad,HYD-02|HYD-03|HYD-04|HYD-05|CS-06|CS-07|CS-08,74.11329629,77.96912710,0.19090755,0.74282257,4760000.00000000
1.50000000,Hyderabad,HYD-02|HYD-03|HYD-04|HYD-05|CS-06|CS-07|CS-08,80.10749310,83.96332391,0.19090755,0.74282257,4760000.00000000
2.00000000,Hyderabad,HYD-02|HYD-03|HYD-04|HYD-05|CS-06|CS-07|CS-08,86.10168992,89.95752073,0.19090755,0.74282257,4760000.00000000
0.00000000,Hyderabad,HYD-01|HYD-02|HYD-03|HYD-04|HYD-05|CS-06|CS-07|CS-08,63.61140171,67.46723252,0.19009399,0.74626365,4760000.00000000
0.50000000,Hyderabad,HYD-01|HYD-02|HYD-03|HYD-04|HYD-05|CS-06|CS-07|CS-08,70.57814274,74.43397355,0.19009399,0.74626365,4760000.00000000
1.00000000,Hyderabad,HYD-01|HYD-02|HYD-03|HYD-04|HYD-05|CS-06|CS-07|CS-08,77.54488377,81.40071458,0.19009399,0.74626365,4760000.00000000
1.50000000,Hyderabad,HYD-01|HYD-02|HYD-03|HYD-04|HYD-05|CS-06|CS-07|CS-08,84.51162480,88.36745561,0.19009399,0.74626365,4760000.00000000
2.00000000,Hyderabad,HYD-01|HYD-02|HYD-03|HYD-04|HYD-05|CS-06|CS-07|CS-08,91.47836583,95.33419664,0.19009399,0.74626365,4760000.00000000
0.00000000,Hyderabad,HYD-02|HYD-03|HYD-04|HYD-06|CS-06|CS-07|CS-08,62.18381834,66.03964915,0.19383553,0.76097575,4760000.00000000
0.50000000,Hyderabad,HYD-02|HYD-03|HYD-04|HYD-06|CS-06|CS-07|CS-08,68.29466214,72.15049295,0.19383553,0.76097575,4760000.00000000
1.00000000,Hyderabad,HYD-02|HYD-03|HYD-04|HYD-06|CS-06|CS-07|CS-08,74.40550593,78.26133674,0.19383553,0.76097575,4760000.00000000
1.50000000,Hyderabad,HYD-02|HYD-03|HYD-04|HYD-06|CS-06|CS-07|CS-08,80.51634973,84.37218054,0.19383553,0.76097575,4760000.00000000
2.00000000,Hyderabad,HYD-02|HYD-03|HYD-04|HYD-06|CS-06|CS-07|CS-08,86.62719352,90.48302433,0.19383553,0.76097575,4760000.00000000
0.00000000,Hyderabad,HYD-01|HYD-02|HYD-03|HYD-04|HYD-06|CS-06|CS-07|CS-08,63.69054595,67.54637676,0.19345747,0.76097575,4760000.00000000
0.50000000,Hyderabad,HYD-01|HYD-02|HYD-03|HYD-04|HYD-06|CS-06|CS-07|CS-08,70.77393396,74.62976477,0.19345747,0.76097575,4760000.00000000
1.00000000,Hyderabad,HYD-01|HYD-02|HYD-03|HYD-04|HYD-06|CS-06|CS-07|CS-08,77.85732197,81.71315278,0.19345747,0.76097575,4760000.00000000
1.50000000,Hyderabad,HYD-01|HYD-02|HYD-03|HYD-04|HYD-06|CS-06|CS-07|CS-08,84.94070998,88.79654079,0.19345747,0.76097575,4760000.00000000
2.00000000,Hyderabad,HYD-01|HYD-02|HYD-03|HYD-04|HYD-06|CS-06|CS-07|CS-08,92.02409799,95.87992880,0.19345747,0.76097575,4760000.00000000
0.00000000,Hyderabad,HYD-02|HYD-03|HYD-05|HYD-06|CS-06|CS-07|CS-08,62.52999688,66.38582769,0.20426102,0.74148113,4760000.00000000
0.50000000,Hyderabad,HYD-02|HYD-03|HYD-05|HYD-06|CS-06|CS-07|CS-08,68.56356205,72.41939286,0.20426102,0.74148113,4760000.00000000
1.00000000,Hyderabad,HYD-02|HYD-03|HYD-05|HYD-06|CS-06|CS-07|CS-08,74.59712722,78.45295803,0.20426102,0.74148113,4760000.00000000
1.50000000,Hyderabad,HYD-02|HYD-03|HYD-05|HYD-06|CS-06|CS-07|CS-08,80.63069239,84.48652320,0.20426102,0.74148113,4760000.00000000
2.00000000,Hyderabad,HYD-02|HYD-03|HYD-05|HYD-06|CS-06|CS-07|CS-08,86.66425755,90.52008837,0.20426102,0.74148113,4760000.00000000
0.00000000,Hyderabad,HYD-01|HYD-02|HYD-03|HYD-05|HYD-06|CS-06|CS-07|CS-08,63.49648717,67.35231798,0.19407102,0.77227593,4760000.00000000
0.50000000,Hyderabad,HYD-01|HYD-02|HYD-03|HYD-05|HYD-06|CS-06|CS-07|CS-08,70.50259655,74.35842736,0.19407102,0.77227593,4760000.00000000
1.00000000,Hyderabad,HYD-01|HYD-02|HYD-03|HYD-05|HYD-06|CS-06|CS-07|CS-08,77.50870594,81.36453675,0.19407102,0.77227593,4760000.00000000
1.50000000,Hyderabad,HYD-01|HYD-02|HYD-03|HYD-05|HYD-06|CS-06|CS-07|CS-08,84.51481532,88.37064613,0.19407102,0.77227593,4760000.00000000
2.00000000,Hyderabad,HYD-01|HYD-02|HYD-03|HYD-05|HYD-06|CS-06|CS-07|CS-08,91.52092471,95.37675552,0.19407102,0.77227593,4760000.00000000
0.00000000,Hyderabad,HYD-02|HYD-04|HYD-05|HYD-06|CS-06|CS-07|CS-08,62.08204847,65.93787928,0.19705084,0.75444352,4760000.00000000
0.50000000,Hyderabad,HYD-02|HYD-04|HYD-05|HYD-06|CS-06|CS-07|CS-08,68.09665850,71.95248931,0.19705084,0.75444352,4760000.00000000
1.00000000,Hyderabad,HYD-02|HYD-04|HYD-05|HYD-06|CS-06|CS-07|CS-08,74.11126854,77.96709935,0.19705084,0.75444352,4760000.00000000
1.50000000,Hyderabad,HYD-02|HYD-04|HYD-05|HYD-06|CS-06|CS-07|CS-08,80.12587857,83.98170938,0.19705084,0.75444352,4760000.00000000
2.00000000,Hyderabad,HYD-02|HYD-04|HYD-05|HYD-06|CS-06|CS-07|CS-08,86.14048861,89.99631942,0.19705084,0.75444352,4760000.00000000
0.00000000,Hyderabad,HYD-01|HYD-02|HYD-04|HYD-05|HYD-06|CS-06|CS-07|CS-08,63.58877607,67.44460688,0.19667278,0.75444352,4760000.00000000
0.50000000,Hyderabad,HYD-01|HYD-02|HYD-04|HYD-05|HYD-06|CS-06|CS-07|CS-08,70.57593032,74.43176113,0.19667278,0.75444352,4760000.00000000
1.00000000,Hyderabad,HYD-01|HYD-02|HYD-04|HYD-05|HYD-06|CS-06|CS-07|CS-08,77.56308457,81.41891538,0.19667278,0.75444352,4760000.00000000
1.50000000,Hyderabad,HYD-01|HYD-02|HYD-04|HYD-05|HYD-06|CS-06|CS-07|CS-08,84.55023882,88.40606963,0.19667278,0.75444352,4760000.00000000
2.00000000,Hyderabad,HYD-01|HYD-02|HYD-04|HYD-05|HYD-06|CS-06|CS-07|CS-08,91.53739308,95.39322389,0.19667278,0.75444352,4760000.00000000
0.00000000,Hyderabad,HYD-03|HYD-04|HYD-05|HYD-06|CS-06|CS-07|CS-08,61.05647139,64.91230220,0.18108459,0.75645568,4760000.00000000
0.50000000,Hyderabad,HYD-03|HYD-04|HYD-05|HYD-06|CS-06|CS-07|CS-08,66.98359619,70.83942700,0.18108459,0.75645568,4760000.00000000
1.00000000,Hyderabad,HYD-03|HYD-04|HYD-05|HYD-06|CS-06|CS-07|CS-08,72.91072099,76.76655180,0.18108459,0.75645568,4760000.00000000
1.50000000,Hyderabad,HYD-03|HYD-04|HYD-05|HYD-06|CS-06|CS-07|CS-08,78.83784579,82.69367660,0.18108459,0.75645568,4760000.00000000
2.00000000,Hyderabad,HYD-03|HYD-04|HYD-05|HYD-06|CS-06|CS-07|CS-08,84.76497058,88.62080139,0.18108459,0.75645568,4760000.00000000
0.00000000,Hyderabad,HYD-01|HYD-03|HYD-04|HYD-05|HYD-06|CS-06|CS-07|CS-08,62.56319900,66.41902981,0.18070653,0.75645568,4760000.00000000
0.50000000,Hyderabad,HYD-01|HYD-03|HYD-04|HYD-05|HYD-06|CS-06|CS-07|CS-08,69.46286801,73.31869882,0.18070653,0.75645568,4760000.00000000
1.00000000,Hyderabad,HYD-01|HYD-03|HYD-04|HYD-05|HYD-06|CS-06|CS-07|CS-08,76.36253702,80.21836783,0.18070653,0.75645568,4760000.00000000
1.50000000,Hyderabad,HYD-01|HYD-03|HYD-04|HYD-05|HYD-06|CS-06|CS-07|CS-08,83.26220604,87.11803685,0.18070653,0.75645568,4760000.00000000
2.00000000,Hyderabad,HYD-01|HYD-03|HYD-04|HYD-05|HYD-06|CS-06|CS-07|CS-08,90.16187505,94.01770586,0.18070653,0.75645568,4760000.00000000
0.00000000,Hyderabad,HYD-02|HYD-03|HYD-04|HYD-05|HYD-06|CS-06|CS-07|CS-08,59.14915944,63.00499025,0.12622403,0.83595060,4760000.00000000
0.50000000,Hyderabad,HYD-02|HYD-03|HYD-04|HYD-05|HYD-06|CS-06|CS-07|CS-08,66.01966671,69.87549752,0.12622403,0.83595060,4760000.00000000
1.00000000,Hyderabad,HYD-02|HYD-03|HYD-04|HYD-05|HYD-06|CS-06|CS-07|CS-08,72.89017398,76.74600479,0.12622403,0.83595060,4760000.00000000
1.50000000,Hyderabad,HYD-02|HYD-03|HYD-04|HYD-05|HYD-06|CS-06|CS-07|CS-08,79.76068125,83.61651206,0.12622403,0.83595060,4760000.00000000
2.00000000,Hyderabad,HYD-02|HYD-03|HYD-04|HYD-05|HYD-06|CS-06|CS-07|CS-08,86.63118852,90.48701933,0.12622403,0.83595060,4760000.00000000
0.00000000,Hyderabad,HYD-01|HYD-02|HYD-03|HYD-04|HYD-05|HYD-06|CS-06|CS-07|CS-08,60.65588705,64.51171786,0.12584597,0.83595060,4760000.00000000
0.50000000,Hyderabad,HYD-01|HYD-02|HYD-03|HYD-04|HYD-05|HYD-06|CS-06|CS-07|CS-08,68.49893853,72.35476934,0.12584597,0.83595060,4760000.00000000
1.00000000,Hyderabad,HYD-01|HYD-02|HYD-03|HYD-04|HYD-05|HYD-06|CS-06|CS-07|CS-08,76.34199002,80.19782083,0.12584597,0.83595060,4760000.00000000
1.50000000,Hyderabad,HYD-01|HYD-02|HYD-03|HYD-04|HYD-05|HYD-06|CS-06|CS-07|CS-08,84.18504150,88.04087231,0.12584597,0.83595060,4760000.00000000
2.00000000,Hyderabad,HYD-01|HYD-02|HYD-03|HYD-04|HYD-05|HYD-06|CS-06|CS-07|CS-08,92.02809299,95.88392380,0.12584597,0.83595060,4760000.00000000
0.00000000,Hyderabad,HYD-02|HYD-03|HYD-04|HYD-06|CS-06|CS-09,64.67249416,67.99369297,0.21966287,0.70966566,4100000.00000000
0.50000000,Hyderabad,HYD-02|HYD-03|HYD-04|HYD-06|CS-06|CS-09,69.91723411,73.23843292,0.21966287,0.70966566,4100000.00000000
1.00000000,Hyderabad,HYD-02|HYD-03|HYD-04|HYD-06|CS-06|CS-09,75.16197406,78.48317287,0.21966287,0.70966566,4100000.00000000
1.50000000,Hyderabad,HYD-02|HYD-03|HYD-04|HYD-06|CS-06|CS-09,80.40671401,83.72791282,0.21966287,0.70966566,4100000.00000000
2.00000000,Hyderabad,HYD-02|HYD-03|HYD-04|HYD-06|CS-06|CS-09,85.65145396,88.97265277,0.21966287,0.70966566,4100000.00000000
0.00000000,Hyderabad,HYD-01|HYD-02|HYD-03|HYD-04|HYD-06|CS-06|CS-09,65.30329005,68.62448886,0.21098550,0.71097794,4100000.00000000
0.50000000,Hyderabad,HYD-01|HYD-02|HYD-03|HYD-04|HYD-06|CS-06|CS-09,71.52057422,74.84177303,0.21098550,0.71097794,4100000.00000000
1.00000000,Hyderabad,HYD-01|HYD-02|HYD-03|HYD-04|HYD-06|CS-06|CS-09,77.73785839,81.05905719,0.21098550,0.71097794,4100000.00000000
1.50000000,Hyderabad,HYD-01|HYD-02|HYD-03|HYD-04|HYD-06|CS-06|CS-09,83.95514255,87.27634136,0.21098550,0.71097794,4100000.00000000
2.00000000,Hyderabad,HYD-01|HYD-02|HYD-03|HYD-04|HYD-06|CS-06|CS-09,90.17242672,93.49362553,0.21098550,0.71097794,4100000.00000000
0.00000000,Hyderabad,HYD-03|HYD-04|HYD-05|HYD-06|CS-06|CS-09,63.32837061,66.64956941,0.19873755,0.72377995,4100000.00000000
0.50000000,Hyderabad,HYD-03|HYD-04|HYD-05|HYD-06|CS-06|CS-09,68.38939156,71.71059037,0.19873755,0.72377995,4100000.00000000
1.00000000,Hyderabad,HYD-03|HYD-04|HYD-05|HYD-06|CS-06|CS-09,73.45041251,76.77161132,0.19873755,0.72377995,4100000.00000000
1.50000000,Hyderabad,HYD-03|HYD-04|HYD-05|HYD-06|CS-06|CS-09,78.51143346,81.83263227,0.19873755,0.72377995,4100000.00000000
2.00000000,Hyderabad,HYD-03|HYD-04|HYD-05|HYD-06|CS-06|CS-09,83.57245442,86.89365322,0.19873755,0.72377995,4100000.00000000
0.00000000,Hyderabad,HYD-01|HYD-03|HYD-04|HYD-05|HYD-06|CS-06|CS-09,63.95916650,67.28036531,0.19006020,0.72509222,4100000.00000000
0.50000000,Hyderabad,HYD-01|HYD-03|HYD-04|HYD-05|HYD-06|CS-06|CS-09,69.99273167,73.31393048,0.19006020,0.72509222,4100000.00000000
1.00000000,Hyderabad,HYD-01|HYD-03|HYD-04|HYD-05|HYD-06|CS-06|CS-09,76.02629684,79.34749565,0.19006020,0.72509222,4100000.00000000
1.50000000,Hyderabad,HYD-01|HYD-03|HYD-04|HYD-05|HYD-06|CS-06|CS-09,82.05986201,85.38106082,0.19006020,0.72509222,4100000.00000000
2.00000000,Hyderabad,HYD-01|HYD-03|HYD-04|HYD-05|HYD-06|CS-06|CS-09,88.09342718,91.41462598,0.19006020,0.72509222,4100000.00000000
0.00000000,Hyderabad,HYD-02|HYD-03|HYD-04|HYD-05|HYD-06|CS-06|CS-09,62.49879088,65.81998968,0.16545491,0.78175350,4100000.00000000
0.50000000,Hyderabad,HYD-02|HYD-03|HYD-04|HYD-05|HYD-06|CS-06|CS-09,68.50319430,71.82439311,0.16545491,0.78175350,4100000.00000000
1.00000000,Hyderabad,HYD-02|HYD-03|HYD-04|HYD-05|HYD-06|CS-06|CS-09,74.50759772,77.82879653,0.16545491,0.78175350,4100000.00000000
1.50000000,Hyderabad,HYD-02|HYD-03|HYD-04|HYD-05|HYD-06|CS-06|CS-09,80.51200115,83.83319995,0.16545491,0.78175350,4100000.00000000
2.00000000,Hyderabad,HYD-02|HYD-03|HYD-04|HYD-05|HYD-06|CS-06|CS-09,86.51640457,89.83760338,0.16545491,0.78175350,4100000.00000000
0.00000000,Hyderabad,HYD-01|HYD-02|HYD-03|HYD-04|HYD-05|HYD-06|CS-06|CS-09,63.12958677,66.45078558,0.15677756,0.78306577,4100000.00000000
0.50000000,Hyderabad,HYD-01|HYD-02|HYD-03|HYD-04|HYD-05|HYD-06|CS-06|CS-09,70.10653441,73.42773322,0.15677756,0.78306577,4100000.00000000
1.00000000,Hyderabad,HYD-01|HYD-02|HYD-03|HYD-04|HYD-05|HYD-06|CS-06|CS-09,77.08348205,80.40468086,0.15677756,0.78306577,4100000.00000000
1.50000000,Hyderabad,HYD-01|HYD-02|HYD-03|HYD-04|HYD-05|HYD-06|CS-06|CS-09,84.06042969,87.38162850,0.15677756,0.78306577,4100000.00000000
2.00000000,Hyderabad,HYD-01|HYD-02|HYD-03|HYD-04|HYD-05|HYD-06|CS-06|CS-09,91.03737733,94.35857614,0.15677756,0.78306577,4100000.00000000
0.00000000,Hyderabad,HYD-01|HYD-02|HYD-03|HYD-04|HYD-06|CS-07|CS-09,65.23013942,68.43793144,0.21602623,0.69843839,3960000.00000000
0.50000000,Hyderabad,HYD-01|HYD-02|HYD-03|HYD-04|HYD-06|CS-07|CS-09,71.44742359,74.65521560,0.21602623,0.69843839,3960000.00000000
1.00000000,Hyderabad,HYD-01|HYD-02|HYD-03|HYD-04|HYD-06|CS-07|CS-09,77.66470775,80.87249977,0.21602623,0.69843839,3960000.00000000
1.50000000,Hyderabad,HYD-01|HYD-02|HYD-03|HYD-04|HYD-06|CS-07|CS-09,83.88199192,87.08978394,0.21602623,0.69843839,3960000.00000000
2.00000000,Hyderabad,HYD-01|HYD-02|HYD-03|HYD-04|HYD-06|CS-07|CS-09,90.09927609,93.30706810,0.21602623,0.69843839,3960000.00000000
0.00000000,Hyderabad,HYD-03|HYD-04|HYD-05|HYD-06|CS-07|CS-09,63.25521997,66.46301199,0.20377830,0.71124039,3960000.00000000
0.50000000,Hyderabad,HYD-03|HYD-04|HYD-05|HYD-06|CS-07|CS-09,68.31624092,71.52403294,0.20377830,0.71124039,3960000.00000000
1.00000000,Hyderabad,HYD-03|HYD-04|HYD-05|HYD-06|CS-07|CS-09,73.37726188,76.58505390,0.20377830,0.71124039,3960000.00000000
1.50000000,Hyderabad,HYD-03|HYD-04|HYD-05|HYD-06|CS-07|CS-09,78.43828283,81.64607485,0.20377830,0.71124039,3960000.00000000
2.00000000,Hyderabad,HYD-03|HYD-04|HYD-05|HYD-06|CS-07|CS-09,83.49930378,86.70709580,0.20377830,0.71124039,3960000.00000000
0.00000000,Hyderabad,HYD-01|HYD-03|HYD-04|HYD-05|HYD-06|CS-07|CS-09,63.88601587,67.09380788,0.19510093,0.71255267,3960000.00000000
0.50000000,Hyderabad,HYD-01|HYD-03|HYD-04|HYD-05|HYD-06|CS-07|CS-09,69.91958104,73.12737305,0.19510093,0.71255267,3960000.00000000
1.00000000,Hyderabad,HYD-01|HYD-03|HYD-04|HYD-05|HYD-06|CS-07|CS-09,75.95314620,79.16093822,0.19510093,0.71255267,3960000.00000000
1.50000000,Hyderabad,HYD-01|HYD-03|HYD-04|HYD-05|HYD-06|CS-07|CS-09,81.98671137,85.19450339,0.19510093,0.71255267,3960000.00000000
2.00000000,Hyderabad,HYD-01|HYD-03|HYD-04|HYD-05|HYD-06|CS-07|CS-09,88.02027654,91.22806856,0.19510093,0.71255267,3960000.00000000
0.00000000,Hyderabad,HYD-02|HYD-03|HYD-04|HYD-05|HYD-06|CS-07|CS-09,62.42564024,65.63343226,0.17049566,0.76921395,3960000.00000000
0.50000000,Hyderabad,HYD-02|HYD-03|HYD-04|HYD-05|HYD-06|CS-07|CS-09,68.43004366,71.63783568,0.17049566,0.76921395,3960000.00000000
1.00000000,Hyderabad,HYD-02|HYD-03|HYD-04|HYD-05|HYD-06|CS-07|CS-09,74.43444709,77.64223911,0.17049566,0.76921395,3960000.00000000
1.50000000,Hyderabad,HYD-02|HYD-03|HYD-04|HYD-05|HYD-06|CS-07|CS-09,80.43885051,83.64664253,0.17049566,0.76921395,3960000.00000000
2.00000000,Hyderabad,HYD-02|HYD-03|HYD-04|HYD-05|HYD-06|CS-07|CS-09,86.44325393,89.65104595,0.17049566,0.76921395,3960000.00000000
0.00000000,Hyderabad,HYD-01|HYD-02|HYD-03|HYD-04|HYD-05|HYD-06|CS-07|CS-09,63.05643614,66.26422815,0.16181827,0.77052622,3960000.00000000
0.50000000,Hyderabad,HYD-01|HYD-02|HYD-03|HYD-04|HYD-05|HYD-06|CS-07|CS-09,70.03338378,73.24117579,0.16181827,0.77052622,3960000.00000000
1.00000000,Hyderabad,HYD-01|HYD-02|HYD-03|HYD-04|HYD-05|HYD-06|CS-07|CS-09,77.01033142,80.21812343,0.16181827,0.77052622,3960000.00000000
1.50000000,Hyderabad,HYD-01|HYD-02|HYD-03|HYD-04|HYD-05|HYD-06|CS-07|CS-09,83.98727906,87.19507107,0.16181827,0.77052622,3960000.00000000
2.00000000,Hyderabad,HYD-01|HYD-02|HYD-03|HYD-04|HYD-05|HYD-06|CS-07|CS-09,90.96422670,94.17201871,0.16181827,0.77052622,3960000.00000000
0.00000000,Hyderabad,HYD-02|HYD-03|HYD-04|HYD-05|CS-06|CS-07|CS-09,65.03509735,69.63617277,0.19408372,0.74388697,5680000.00000000
0.50000000,Hyderabad,HYD-02|HYD-03|HYD-04|HYD-05|CS-06|CS-07|CS-09,71.02929416,75.63036958,0.19408372,0.74388697,5680000.00000000
1.00000000,Hyderabad,HYD-02|HYD-03|HYD-04|HYD-05|CS-06|CS-07|CS-09,77.02349098,81.62456640,0.19408372,0.74388697,5680000.00000000
1.50000000,Hyderabad,HYD-02|HYD-03|HYD-04|HYD-05|CS-06|CS-07|CS-09,83.01768779,87.61876321,0.19408372,0.74388697,5680000.00000000
2.00000000,Hyderabad,HYD-02|HYD-03|HYD-04|HYD-05|CS-06|CS-07|CS-09,89.01188460,93.61296002,0.19408372,0.74388697,5680000.00000000
0.00000000,Hyderabad,HYD-01|HYD-02|HYD-03|HYD-04|HYD-05|CS-06|CS-07|CS-09,65.50328990,70.10436532,0.18220398,0.74864033,5680000.00000000
0.50000000,Hyderabad,HYD-01|HYD-02|HYD-03|HYD-04|HYD-05|CS-06|CS-07|CS-09,72.47003093,77.07110635,0.18220398,0.74864033,5680000.00000000
1.00000000,Hyderabad,HYD-01|HYD-02|HYD-03|HYD-04|HYD-05|CS-06|CS-07|CS-09,79.43677196,84.03784738,0.18220398,0.74864033,5680000.00000000
1.50000000,Hyderabad,HYD-01|HYD-02|HYD-03|HYD-04|HYD-05|CS-06|CS-07|CS-09,86.40351299,91.00458841,0.18220398,0.74864033,5680000.00000000
2.00000000,Hyderabad,HYD-01|HYD-02|HYD-03|HYD-04|HYD-05|CS-06|CS-07|CS-09,93.37025402,97.97132944,0.18220398,0.74864033,5680000.00000000
0.00000000,Hyderabad,HYD-03|HYD-04|HYD-06|CS-06|CS-07|CS-09,64.89922427,69.50029969,0.21371180,0.70695362,5680000.00000000
0.50000000,Hyderabad,HYD-03|HYD-04|HYD-06|CS-06|CS-07|CS-09,70.06668559,74.66776101,0.21371180,0.70695362,5680000.00000000
1.00000000,Hyderabad,HYD-03|HYD-04|HYD-06|CS-06|CS-07|CS-09,75.23414692,79.83522234,0.21371180,0.70695362,5680000.00000000
1.50000000,Hyderabad,HYD-03|HYD-04|HYD-06|CS-06|CS-07|CS-09,80.40160824,85.00268366,0.21371180,0.70695362,5680000.00000000
2.00000000,Hyderabad,HYD-03|HYD-04|HYD-06|CS-06|CS-07|CS-09,85.56906956,90.17014498,0.21371180,0.70695362,5680000.00000000
0.00000000,Hyderabad,HYD-01|HYD-03|HYD-04|HYD-06|CS-06|CS-07|CS-09,65.53002016,70.13109558,0.20503443,0.70826590,5680000.00000000
0.50000000,Hyderabad,HYD-01|HYD-03|HYD-04|HYD-06|CS-06|CS-07|CS-09,71.67002570,76.27110112,0.20503443,0.70826590,5680000.00000000
1.00000000,Hyderabad,HYD-01|HYD-03|HYD-04|HYD-06|CS-06|CS-07|CS-09,77.81003124,82.41110666,0.20503443,0.70826590,5680000.00000000
1.50000000,Hyderabad,HYD-01|HYD-03|HYD-04|HYD-06|CS-06|CS-07|CS-09,83.95003678,88.55111220,0.20503443,0.70826590,5680000.00000000
2.00000000,Hyderabad,HYD-01|HYD-03|HYD-04|HYD-06|CS-06|CS-07|CS-09,90.09004232,94.69111775,0.20503443,0.70826590,5680000.00000000
0.00000000,Hyderabad,HYD-02|HYD-03|HYD-04|HYD-06|CS-06|CS-07|CS-09,64.06964454,68.67071996,0.18042916,0.76492717,5680000.00000000
0.50000000,Hyderabad,HYD-02|HYD-03|HYD-04|HYD-06|CS-06|CS-07|CS-09,70.18048833,74.78156375,0.18042916,0.76492717,5680000.00000000
1.00000000,Hyderabad,HYD-02|HYD-03|HYD-04|HYD-06|CS-06|CS-07|CS-09,76.29133213,80.89240755,0.18042916,0.76492717,5680000.00000000
1.50000000,Hyderabad,HYD-02|HYD-03|HYD-04|HYD-06|CS-06|CS-07|CS-09,82.40217592,87.00325134,0.18042916,0.76492717,5680000.00000000
2.00000000,Hyderabad,HYD-02|HYD-03|HYD-04|HYD-06|CS-06|CS-07|CS-09,88.51301972,93.11409514,0.18042916,0.76492717,5680000.00000000
0.00000000,Hyderabad,HYD-01|HYD-02|HYD-03|HYD-04|HYD-06|CS-06|CS-07|CS-09,64.70044043,69.30151585,0.17175180,0.76623945,5680000.00000000
0.50000000,Hyderabad,HYD-01|HYD-02|HYD-03|HYD-04|HYD-06|CS-06|CS-07|CS-09,71.78382844,76.38490386,0.17175180,0.76623945,5680000.00000000
1.00000000,Hyderabad,HYD-01|HYD-02|HYD-03|HYD-04|HYD-06|CS-06|CS-07|CS-09,78.86721645,83.46829187,0.17175180,0.76623945,5680000.00000000
1.50000000,Hyderabad,HYD-01|HYD-02|HYD-03|HYD-04|HYD-06|CS-06|CS-07|CS-09,85.95060447,90.55167989,0.17175180,0.76623945,5680000.00000000
2.00000000,Hyderabad,HYD-01|HYD-02|HYD-03|HYD-04|HYD-06|CS-06|CS-07|CS-09,93.03399248,97.63506790,0.17175180,0.76623945,5680000.00000000
0.00000000,Hyderabad,HYD-01|HYD-03|HYD-05|HYD-06|CS-06|CS-07|CS-09,66.19691700,70.79799242,0.21905152,0.71667906,5680000.00000000
0.50000000,Hyderabad,HYD-01|HYD-03|HYD-05|HYD-06|CS-06|CS-07|CS-09,72.25964391,76.86071933,0.21905152,0.71667906,5680000.00000000
1.00000000,Hyderabad,HYD-01|HYD-03|HYD-05|HYD-06|CS-06|CS-07|CS-09,78.32237083,82.92344625,0.21905152,0.71667906,5680000.00000000
1.50000000,Hyderabad,HYD-01|HYD-03|HYD-05|HYD-06|CS-06|CS-07|CS-09,84.38509774,88.98617316,0.21905152,0.71667906,5680000.00000000
2.00000000,Hyderabad,HYD-01|HYD-03|HYD-05|HYD-06|CS-06|CS-07|CS-09,90.44782466,95.04890008,0.21905152,0.71667906,5680000.00000000
0.00000000,Hyderabad,HYD-01|HYD-02|HYD-03|HYD-05|HYD-06|CS-06|CS-07|CS-09,65.36733727,69.96841269,0.18576889,0.77465261,5680000.00000000
0.50000000,Hyderabad,HYD-01|HYD-02|HYD-03|HYD-05|HYD-06|CS-06|CS-07|CS-09,72.37344665,76.97452207,0.18576889,0.77465261,5680000.00000000
1.00000000,Hyderabad,HYD-01|HYD-02|HYD-03|HYD-05|HYD-06|CS-06|CS-07|CS-09,79.37955604,83.98063146,0.18576889,0.77465261,5680000.00000000
1.50000000,Hyderabad,HYD-01|HYD-02|HYD-03|HYD-05|HYD-06|CS-06|CS-07|CS-09,86.38566542,90.98674084,0.18576889,0.77465261,5680000.00000000
2.00000000,Hyderabad,HYD-01|HYD-02|HYD-03|HYD-05|HYD-06|CS-06|CS-07|CS-09,93.39177481,97.99285023,0.18576889,0.77465261,5680000.00000000
0.00000000,Hyderabad,HYD-02|HYD-04|HYD-05|HYD-06|CS-06|CS-07|CS-09,64.82499502,69.42607044,0.19697106,0.75550792,5680000.00000000
0.50000000,Hyderabad,HYD-02|HYD-04|HYD-05|HYD-06|CS-06|CS-07|CS-09,70.83960505,75.44068047,0.19697106,0.75550792,5680000.00000000
1.00000000,Hyderabad,HYD-02|HYD-04|HYD-05|HYD-06|CS-06|CS-07|CS-09,76.85421509,81.45529051,0.19697106,0.75550792,5680000.00000000
1.50000000,Hyderabad,HYD-02|HYD-04|HYD-05|HYD-06|CS-06|CS-07|CS-09,82.86882512,87.46990054,0.19697106,0.75550792,5680000.00000000
2.00000000,Hyderabad,HYD-02|HYD-04|HYD-05|HYD-06|CS-06|CS-07|CS-09,88.88343516,93.48451058,0.19697106,0.75550792,5680000.00000000
0.00000000,Hyderabad,HYD-01|HYD-02|HYD-04|HYD-05|HYD-06|CS-06|CS-07|CS-09,65.45579091,70.05686633,0.18829371,0.75682020,5680000.00000000
0.50000000,Hyderabad,HYD-01|HYD-02|HYD-04|HYD-05|HYD-06|CS-06|CS-07|CS-09,72.44294516,77.04402058,0.18829371,0.75682020,5680000.00000000
1.00000000,Hyderabad,HYD-01|HYD-02|HYD-04|HYD-05|HYD-06|CS-06|CS-07|CS-09,79.43009941,84.03117483,0.18829371,0.75682020,5680000.00000000
1.50000000,Hyderabad,HYD-01|HYD-02|HYD-04|HYD-05|HYD-06|CS-06|CS-07|CS-09,86.41725367,91.01832909,0.18829371,0.75682020,5680000.00000000
2.00000000,Hyderabad,HYD-01|HYD-02|HYD-04|HYD-05|HYD-06|CS-06|CS-07|CS-09,93.40440792,98.00548334,0.18829371,0.75682020,5680000.00000000
0.00000000,Hyderabad,HYD-03|HYD-04|HYD-05|HYD-06|CS-06|CS-07|CS-09,62.72552098,67.32659640,0.15950385,0.77904145,5680000.00000000
0.50000000,Hyderabad,HYD-03|HYD-04|HYD-05|HYD-06|CS-06|CS-07|CS-09,68.65264578,73.25372120,0.15950385,0.77904145,5680000.00000000
1.00000000,Hyderabad,HYD-03|HYD-04|HYD-05|HYD-06|CS-06|CS-07|CS-09,74.57977058,79.18084600,0.15950385,0.77904145,5680000.00000000
1.50000000,Hyderabad,HYD-03|HYD-04|HYD-05|HYD-06|CS-06|CS-07|CS-09,80.50689538,85.10797080,0.15950385,0.77904145,5680000.00000000
2.00000000,Hyderabad,HYD-03|HYD-04|HYD-05|HYD-06|CS-06|CS-07|CS-09,86.43402017,91.03509559,0.15950385,0.77904145,5680000.00000000
0.00000000,Hyderabad,HYD-01|HYD-03|HYD-04|HYD-05|HYD-06|CS-06|CS-07|CS-09,63.35631688,67.95739230,0.15082648,0.78035373,5680000.00000000
0.50000000,Hyderabad,HYD-01|HYD-03|HYD-04|HYD-05|HYD-06|CS-06|CS-07|CS-09,70.25598589,74.85706131,0.15082648,0.78035373,5680000.00000000
1.00000000,Hyderabad,HYD-01|HYD-03|HYD-04|HYD-05|HYD-06|CS-06|CS-07|CS-09,77.15565491,81.75673033,0.15082648,0.78035373,5680000.00000000
1.50000000,Hyderabad,HYD-01|HYD-03|HYD-04|HYD-05|HYD-06|CS-06|CS-07|CS-09,84.05532392,88.65639934,0.15082648,0.78035373,5680000.00000000
2.00000000,Hyderabad,HYD-01|HYD-03|HYD-04|HYD-05|HYD-06|CS-06|CS-07|CS-09,90.95499293,95.55606835,0.15082648,0.78035373,5680000.00000000
0.00000000,Hyderabad,HYD-02|HYD-03|HYD-04|HYD-05|HYD-06|CS-06|CS-07|CS-09,61.89594125,66.49701667,0.12622121,0.83701500,5680000.00000000
0.50000000,Hyderabad,HYD-02|HYD-03|HYD-04|HYD-05|HYD-06|CS-06|CS-07|CS-09,68.76644852,73.36752394,0.12622121,0.83701500,5680000.00000000
1.00000000,Hyderabad,HYD-02|HYD-03|HYD-04|HYD-05|HYD-06|CS-06|CS-07|CS-09,75.63695579,80.23803121,0.12622121,0.83701500,5680000.00000000
1.50000000,Hyderabad,HYD-02|HYD-03|HYD-04|HYD-05|HYD-06|CS-06|CS-07|CS-09,82.50746306,87.10853848,0.12622121,0.83701500,5680000.00000000
2.00000000,Hyderabad,HYD-02|HYD-03|HYD-04|HYD-05|HYD-06|CS-06|CS-07|CS-09,89.37797033,93.97904575,0.12622121,0.83701500,5680000.00000000
0.00000000,Hyderabad,HYD-01|HYD-02|HYD-03|HYD-04|HYD-05|HYD-06|CS-06|CS-07|CS-09,62.52673715,67.12781257,0.11754385,0.83832728,5680000.00000000
0.50000000,Hyderabad,HYD-01|HYD-02|HYD-03|HYD-04|HYD-05|HYD-06|CS-06|CS-07|CS-09,70.36978863,74.97086405,0.11754385,0.83832728,5680000.00000000
1.00000000,Hyderabad,HYD-01|HYD-02|HYD-03|HYD-04|HYD-05|HYD-06|CS-06|CS-07|CS-09,78.21284012,82.81391554,0.11754385,0.83832728,5680000.00000000
1.50000000,Hyderabad,HYD-01|HYD-02|HYD-03|HYD-04|HYD-05|HYD-06|CS-06|CS-07|CS-09,86.05589160,90.65696702,0.11754385,0.83832728,5680000.00000000
2.00000000,Hyderabad,HYD-01|HYD-02|HYD-03|HYD-04|HYD-05|HYD-06|CS-06|CS-07|CS-09,93.89894309,98.50001851,0.11754385,0.83832728,5680000.00000000
0.00000000,Hyderabad,HYD-02|HYD-03|HYD-04|HYD-06|CS-06|CS-08|CS-09,66.54589247,71.04976208,0.21117845,0.71097794,5560000.00000000
0.50000000,Hyderabad,HYD-02|HYD-03|HYD-04|HYD-06|CS-06|CS-08|CS-09,72.65673627,77.16060587,0.21117845,0.71097794,5560000.00000000
1.00000000,Hyderabad,HYD-02|HYD-03|HYD-04|HYD-06|CS-06|CS-08|CS-09,78.76758006,83.27144967,0.21117845,0.71097794,5560000.00000000
1.50000000,Hyderabad,HYD-02|HYD-03|HYD-04|HYD-06|CS-06|CS-08|CS-09,84.87842386,89.38229346,0.21117845,0.71097794,5560000.00000000
2.00000000,Hyderabad,HYD-02|HYD-03|HYD-04|HYD-06|CS-06|CS-08|CS-09,90.98926765,95.49313726,0.21117845,0.71097794,5560000.00000000
0.00000000,Hyderabad,HYD-01|HYD-02|HYD-03|HYD-04|HYD-06|CS-06|CS-08|CS-09,68.05262008,72.55648968,0.21080039,0.71097794,5560000.00000000
0.50000000,Hyderabad,HYD-01|HYD-02|HYD-03|HYD-04|HYD-06|CS-06|CS-08|CS-09,75.13600809,79.63987769,0.21080039,0.71097794,5560000.00000000
1.00000000,Hyderabad,HYD-01|HYD-02|HYD-03|HYD-04|HYD-06|CS-06|CS-08|CS-09,82.21939610,86.72326570,0.21080039,0.71097794,5560000.00000000
1.50000000,Hyderabad,HYD-01|HYD-02|HYD-03|HYD-04|HYD-06|CS-06|CS-08|CS-09,89.30278411,93.80665371,0.21080039,0.71097794,5560000.00000000
2.00000000,Hyderabad,HYD-01|HYD-02|HYD-03|HYD-04|HYD-06|CS-06|CS-08|CS-09,96.38617212,100.89004172,0.21080039,0.71097794,5560000.00000000
0.00000000,Hyderabad,HYD-03|HYD-04|HYD-05|HYD-06|CS-06|CS-08|CS-09,65.20176892,69.70563852,0.19025314,0.72509222,5560000.00000000
0.50000000,Hyderabad,HYD-03|HYD-04|HYD-05|HYD-06|CS-06|CS-08|CS-09,71.12889372,75.63276332,0.19025314,0.72509222,5560000.00000000
1.00000000,Hyderabad,HYD-03|HYD-04|HYD-05|HYD-06|CS-06|CS-08|CS-09,77.05601852,81.55988812,0.19025314,0.72509222,5560000.00000000
1.50000000,Hyderabad,HYD-03|HYD-04|HYD-05|HYD-06|CS-06|CS-08|CS-09,82.98314331,87.48701292,0.19025314,0.72509222,5560000.00000000
2.00000000,Hyderabad,HYD-03|HYD-04|HYD-05|HYD-06|CS-06|CS-08|CS-09,88.91026811,93.41413771,0.19025314,0.72509222,5560000.00000000
0.00000000,Hyderabad,HYD-01|HYD-03|HYD-04|HYD-05|HYD-06|CS-06|CS-08|CS-09,66.70849652,71.21236612,0.18987507,0.72509222,5560000.00000000
0.50000000,Hyderabad,HYD-01|HYD-03|HYD-04|HYD-05|HYD-06|CS-06|CS-08|CS-09,73.60816554,78.11203514,0.18987507,0.72509222,5560000.00000000
1.00000000,Hyderabad,HYD-01|HYD-03|HYD-04|HYD-05|HYD-06|CS-06|CS-08|CS-09,80.50783455,85.01170415,0.18987507,0.72509222,5560000.00000000
1.50000000,Hyderabad,HYD-01|HYD-03|HYD-04|HYD-05|HYD-06|CS-06|CS-08|CS-09,87.40750357,91.91137317,0.18987507,0.72509222,5560000.00000000
2.00000000,Hyderabad,HYD-01|HYD-03|HYD-04|HYD-05|HYD-06|CS-06|CS-08|CS-09,94.30717258,98.81104218,0.18987507,0.72509222,5560000.00000000
0.00000000,Hyderabad,HYD-02|HYD-03|HYD-04|HYD-05|HYD-06|CS-06|CS-08|CS-09,64.37218919,68.87605879,0.15697050,0.78306577,5560000.00000000
0.50000000,Hyderabad,HYD-02|HYD-03|HYD-04|HYD-05|HYD-06|CS-06|CS-08|CS-09,71.24269646,75.74656606,0.15697050,0.78306577,5560000.00000000
1.00000000,Hyderabad,HYD-02|HYD-03|HYD-04|HYD-05|HYD-06|CS-06|CS-08|CS-09,78.11320373,82.61707333,0.15697050,0.78306577,5560000.00000000
1.50000000,Hyderabad,HYD-02|HYD-03|HYD-04|HYD-05|HYD-06|CS-06|CS-08|CS-09,84.98371100,89.48758060,0.15697050,0.78306577,5560000.00000000
2.00000000,Hyderabad,HYD-02|HYD-03|HYD-04|HYD-05|HYD-06|CS-06|CS-08|CS-09,91.85421826,96.35808787,0.15697050,0.78306577,5560000.00000000
0.00000000,Hyderabad,HYD-01|HYD-02|HYD-03|HYD-04|HYD-05|HYD-06|CS-06|CS-08|CS-09,65.87891679,70.38278639,0.15659246,0.78306577,5560000.00000000
0.50000000,Hyderabad,HYD-01|HYD-02|HYD-03|HYD-04|HYD-05|HYD-06|CS-06|CS-08|CS-09,73.72196828,78.22583788,0.15659246,0.78306577,5560000.00000000
1.00000000,Hyderabad,HYD-01|HYD-02|HYD-03|HYD-04|HYD-05|HYD-06|CS-06|CS-08|CS-09,81.56501976,86.06888936,0.15659246,0.78306577,5560000.00000000
1.50000000,Hyderabad,HYD-01|HYD-02|HYD-03|HYD-04|HYD-05|HYD-06|CS-06|CS-08|CS-09,89.40807125,93.91194085,0.15659246,0.78306577,5560000.00000000
2.00000000,Hyderabad,HYD-01|HYD-02|HYD-03|HYD-04|HYD-05|HYD-06|CS-06|CS-08|CS-09,97.25112273,101.75499233,0.15659246,0.78306577,5560000.00000000
0.00000000,Hyderabad,HYD-02|HYD-03|HYD-04|HYD-06|CS-07|CS-08|CS-09,66.47274184,70.86320465,0.21621917,0.69843839,5420000.00000000
0.50000000,Hyderabad,HYD-02|HYD-03|HYD-04|HYD-06|CS-07|CS-08|CS-09,72.58358563,76.97404845,0.21621917,0.69843839,5420000.00000000
1.00000000,Hyderabad,HYD-02|HYD-03|HYD-04|HYD-06|CS-07|CS-08|CS-09,78.69442943,83.08489224,0.21621917,0.69843839,5420000.00000000
1.50000000,Hyderabad,HYD-02|HYD-03|HYD-04|HYD-06|CS-07|CS-08|CS-09,84.80527322,89.19573604,0.21621917,0.69843839,5420000.00000000
2.00000000,Hyderabad,HYD-02|HYD-03|HYD-04|HYD-06|CS-07|CS-08|CS-09,90.91611702,95.30657983,0.21621917,0.69843839,5420000.00000000
0.00000000,Hyderabad,HYD-01|HYD-02|HYD-03|HYD-04|HYD-06|CS-07|CS-08|CS-09,67.97946944,72.36993225,0.21584111,0.69843839,5420000.00000000
0.50000000,Hyderabad,HYD-01|HYD-02|HYD-03|HYD-04|HYD-06|CS-07|CS-08|CS-09,75.06285745,79.45332027,0.21584111,0.69843839,5420000.00000000
1.00000000,Hyderabad,HYD-01|HYD-02|HYD-03|HYD-04|HYD-06|CS-07|CS-08|CS-09,82.14624546,86.53670828,0.21584111,0.69843839,5420000.00000000
1.50000000,Hyderabad,HYD-01|HYD-02|HYD-03|HYD-04|HYD-06|CS-07|CS-08|CS-09,89.22963348,93.62009629,0.21584111,0.69843839,5420000.00000000
2.00000000,Hyderabad,HYD-01|HYD-02|HYD-03|HYD-04|HYD-06|CS-07|CS-08|CS-09,96.31302149,100.70348430,0.21584111,0.69843839,5420000.00000000
0.00000000,Hyderabad,HYD-03|HYD-04|HYD-05|HYD-06|CS-07|CS-08|CS-09,65.12861829,69.51908110,0.19529386,0.71255267,5420000.00000000
0.50000000,Hyderabad,HYD-03|HYD-04|HYD-05|HYD-06|CS-07|CS-08|CS-09,71.05574308,75.44620590,0.19529386,0.71255267,5420000.00000000
1.00000000,Hyderabad,HYD-03|HYD-04|HYD-05|HYD-06|CS-07|CS-08|CS-09,76.98286788,81.37333069,0.19529386,0.71255267,5420000.00000000
1.50000000,Hyderabad,HYD-03|HYD-04|HYD-05|HYD-06|CS-07|CS-08|CS-09,82.90999268,87.30045549,0.19529386,0.71255267,5420000.00000000
2.00000000,Hyderabad,HYD-03|HYD-04|HYD-05|HYD-06|CS-07|CS-08|CS-09,88.83711748,93.22758029,0.19529386,0.71255267,5420000.00000000
0.00000000,Hyderabad,HYD-01|HYD-03|HYD-04|HYD-05|HYD-06|CS-07|CS-08|CS-09,66.63534589,71.02580870,0.19491582,0.71255267,5420000.00000000
0.50000000,Hyderabad,HYD-01|HYD-03|HYD-04|HYD-05|HYD-06|CS-07|CS-08|CS-09,73.53501490,77.92547772,0.19491582,0.71255267,5420000.00000000
1.00000000,Hyderabad,HYD-01|HYD-03|HYD-04|HYD-05|HYD-06|CS-07|CS-08|CS-09,80.43468392,84.82514673,0.19491582,0.71255267,5420000.00000000
1.50000000,Hyderabad,HYD-01|HYD-03|HYD-04|HYD-05|HYD-06|CS-07|CS-08|CS-09,87.33435293,91.72481574,0.19491582,0.71255267,5420000.00000000
2.00000000,Hyderabad,HYD-01|HYD-03|HYD-04|HYD-05|HYD-06|CS-07|CS-08|CS-09,94.23402195,98.62448476,0.19491582,0.71255267,5420000.00000000
0.00000000,Hyderabad,HYD-02|HYD-03|HYD-04|HYD-05|HYD-06|CS-07|CS-08|CS-09,64.29903855,68.68950137,0.16201122,0.77052622,5420000.00000000
0.50000000,Hyderabad,HYD-02|HYD-03|HYD-04|HYD-05|HYD-06|CS-07|CS-08|CS-09,71.16954582,75.56000864,0.16201122,0.77052622,5420000.00000000
1.00000000,Hyderabad,HYD-02|HYD-03|HYD-04|HYD-05|HYD-06|CS-07|CS-08|CS-09,78.04005309,82.43051591,0.16201122,0.77052622,5420000.00000000
1.50000000,Hyderabad,HYD-02|HYD-03|HYD-04|HYD-05|HYD-06|CS-07|CS-08|CS-09,84.91056036,89.30102317,0.16201122,0.77052622,5420000.00000000
2.00000000,Hyderabad,HYD-02|HYD-03|HYD-04|HYD-05|HYD-06|CS-07|CS-08|CS-09,91.78106763,96.17153044,0.16201122,0.77052622,5420000.00000000
0.00000000,Hyderabad,HYD-01|HYD-02|HYD-03|HYD-04|HYD-05|HYD-06|CS-07|CS-08|CS-09,65.80576616,70.19622897,0.16163316,0.77052622,5420000.00000000
0.50000000,Hyderabad,HYD-01|HYD-02|HYD-03|HYD-04|HYD-05|HYD-06|CS-07|CS-08|CS-09,73.64881764,78.03928046,0.16163316,0.77052622,5420000.00000000
1.00000000,Hyderabad,HYD-01|HYD-02|HYD-03|HYD-04|HYD-05|HYD-06|CS-07|CS-08|CS-09,81.49186913,85.88233194,0.16163316,0.77052622,5420000.00000000
1.50000000,Hyderabad,HYD-01|HYD-02|HYD-03|HYD-04|HYD-05|HYD-06|CS-07|CS-08|CS-09,89.33492061,93.72538343,0.16163316,0.77052622,5420000.00000000
2.00000000,Hyderabad,HYD-01|HYD-02|HYD-03|HYD-04|HYD-05|HYD-06|CS-07|CS-08|CS-09,97.17797210,101.56843491,0.16163316,0.77052622,5420000.00000000
0.00000000,Hyderabad,HYD-02|HYD-03|HYD-04|HYD-05|CS-06|CS-07|CS-08|CS-09,66.74475231,72.52849853,0.18241377,0.74519925,7140000.00000000
0.50000000,Hyderabad,HYD-02|HYD-03|HYD-04|HYD-05|CS-06|CS-07|CS-08|CS-09,73.60505297,79.38879919,0.18241377,0.74519925,7140000.00000000
1.00000000,Hyderabad,HYD-02|HYD-03|HYD-04|HYD-05|CS-06|CS-07|CS-08|CS-09,80.46535363,86.24909984,0.18241377,0.74519925,7140000.00000000
1.50000000,Hyderabad,HYD-02|HYD-03|HYD-04|HYD-05|CS-06|CS-07|CS-08|CS-09,87.32565429,93.10940050,0.18241377,0.74519925,7140000.00000000
2.00000000,Hyderabad,HYD-02|HYD-03|HYD-04|HYD-05|CS-06|CS-07|CS-08|CS-09,94.18595494,99.96970116,0.18241377,0.74519925,7140000.00000000
0.00000000,Hyderabad,HYD-01|HYD-02|HYD-03|HYD-04|HYD-05|CS-06|CS-07|CS-08|CS-09,68.23125136,74.01499757,0.18160021,0.74864033,7140000.00000000
0.50000000,Hyderabad,HYD-01|HYD-02|HYD-03|HYD-04|HYD-05|CS-06|CS-07|CS-08|CS-09,76.06409623,81.84784245,0.18160021,0.74864033,7140000.00000000
1.00000000,Hyderabad,HYD-01|HYD-02|HYD-03|HYD-04|HYD-05|CS-06|CS-07|CS-08|CS-09,83.89694111,89.68068732,0.18160021,0.74864033,7140000.00000000
1.50000000,Hyderabad,HYD-01|HYD-02|HYD-03|HYD-04|HYD-05|CS-06|CS-07|CS-08|CS-09,91.72978598,97.51353219,0.18160021,0.74864033,7140000.00000000
2.00000000,Hyderabad,HYD-01|HYD-02|HYD-03|HYD-04|HYD-05|CS-06|CS-07|CS-08|CS-09,99.56263085,105.34637707,0.18160021,0.74864033,7140000.00000000
0.00000000,Hyderabad,HYD-03|HYD-04|HYD-06|CS-06|CS-07|CS-08|CS-09,66.77262258,72.55636880,0.20522738,0.70826590,7140000.00000000
0.50000000,Hyderabad,HYD-03|HYD-04|HYD-06|CS-06|CS-07|CS-08|CS-09,72.80618775,78.58993397,0.20522738,0.70826590,7140000.00000000
1.00000000,Hyderabad,HYD-03|HYD-04|HYD-06|CS-06|CS-07|CS-08|CS-09,78.83975292,84.62349913,0.20522738,0.70826590,7140000.00000000
1.50000000,Hyderabad,HYD-03|HYD-04|HYD-06|CS-06|CS-07|CS-08|CS-09,84.87331809,90.65706430,0.20522738,0.70826590,7140000.00000000
2.00000000,Hyderabad,HYD-03|HYD-04|HYD-06|CS-06|CS-07|CS-08|CS-09,90.90688326,96.69062947,0.20522738,0.70826590,7140000.00000000
0.00000000,Hyderabad,HYD-01|HYD-03|HYD-04|HYD-06|CS-06|CS-07|CS-08|CS-09,68.27935018,74.06309640,0.20484933,0.70826590,7140000.00000000
0.50000000,Hyderabad,HYD-01|HYD-03|HYD-04|HYD-06|CS-06|CS-07|CS-08|CS-09,75.28545957,81.06920578,0.20484933,0.70826590,7140000.00000000
1.00000000,Hyderabad,HYD-01|HYD-03|HYD-04|HYD-06|CS-06|CS-07|CS-08|CS-09,82.29156896,88.07531517,0.20484933,0.70826590,7140000.00000000
1.50000000,Hyderabad,HYD-01|HYD-03|HYD-04|HYD-06|CS-06|CS-07|CS-08|CS-09,89.29767834,95.08142456,0.20484933,0.70826590,7140000.00000000
2.00000000,Hyderabad,HYD-01|HYD-03|HYD-04|HYD-06|CS-06|CS-07|CS-08|CS-09,96.30378773,102.08753394,0.20484933,0.70826590,7140000.00000000
0.00000000,Hyderabad,HYD-02|HYD-03|HYD-04|HYD-06|CS-06|CS-07|CS-08|CS-09,65.94304285,71.72678907,0.17194472,0.76623945,7140000.00000000
0.50000000,Hyderabad,HYD-02|HYD-03|HYD-04|HYD-06|CS-06|CS-07|CS-08|CS-09,72.91999049,78.70373671,0.17194472,0.76623945,7140000.00000000
1.00000000,Hyderabad,HYD-02|HYD-03|HYD-04|HYD-06|CS-06|CS-07|CS-08|CS-09,79.89693813,85.68068435,0.17194472,0.76623945,7140000.00000000
1.50000000,Hyderabad,HYD-02|HYD-03|HYD-04|HYD-06|CS-06|CS-07|CS-08|CS-09,86.87388577,92.65763199,0.17194472,0.76623945,7140000.00000000
2.00000000,Hyderabad,HYD-02|HYD-03|HYD-04|HYD-06|CS-06|CS-07|CS-08|CS-09,93.85083341,99.63457963,0.17194472,0.76623945,7140000.00000000
0.00000000,Hyderabad,HYD-01|HYD-02|HYD-03|HYD-04|HYD-06|CS-06|CS-07|CS-08|CS-09,67.44977045,73.23351667,0.17156669,0.76623945,7140000.00000000
0.50000000,Hyderabad,HYD-01|HYD-02|HYD-03|HYD-04|HYD-06|CS-06|CS-07|CS-08|CS-09,75.39926231,81.18300852,0.17156669,0.76623945,7140000.00000000
1.00000000,Hyderabad,HYD-01|HYD-02|HYD-03|HYD-04|HYD-06|CS-06|CS-07|CS-08|CS-09,83.34875417,89.13250038,0.17156669,0.76623945,7140000.00000000
1.50000000,Hyderabad,HYD-01|HYD-02|HYD-03|HYD-04|HYD-06|CS-06|CS-07|CS-08|CS-09,91.29824602,97.08199224,0.17156669,0.76623945,7140000.00000000
2.00000000,Hyderabad,HYD-01|HYD-02|HYD-03|HYD-04|HYD-06|CS-06|CS-07|CS-08|CS-09,99.24773788,105.03148409,0.17156669,0.76623945,7140000.00000000
0.00000000,Hyderabad,HYD-01|HYD-03|HYD-05|HYD-06|CS-06|CS-07|CS-08|CS-09,68.94624702,74.72999323,0.21886642,0.71667906,7140000.00000000
0.50000000,Hyderabad,HYD-01|HYD-03|HYD-05|HYD-06|CS-06|CS-07|CS-08|CS-09,75.87507778,81.65882399,0.21886642,0.71667906,7140000.00000000
1.00000000,Hyderabad,HYD-01|HYD-03|HYD-05|HYD-06|CS-06|CS-07|CS-08|CS-09,82.80390854,88.58765475,0.21886642,0.71667906,7140000.00000000
1.50000000,Hyderabad,HYD-01|HYD-03|HYD-05|HYD-06|CS-06|CS-07|CS-08|CS-09,89.73273930,95.51648551,0.21886642,0.71667906,7140000.00000000
2.00000000,Hyderabad,HYD-01|HYD-03|HYD-05|HYD-06|CS-06|CS-07|CS-08|CS-09,96.66157006,102.44531627,0.21886642,0.71667906,7140000.00000000
0.00000000,Hyderabad,HYD-02|HYD-03|HYD-05|HYD-06|CS-06|CS-07|CS-08|CS-09,67.15017700,72.93392322,0.19577380,0.74385781,7140000.00000000
0.50000000,Hyderabad,HYD-02|HYD-03|HYD-05|HYD-06|CS-06|CS-07|CS-08|CS-09,74.04984601,79.83359223,0.19577380,0.74385781,7140000.00000000
1.00000000,Hyderabad,HYD-02|HYD-03|HYD-05|HYD-06|CS-06|CS-07|CS-08|CS-09,80.94951503,86.73326124,0.19577380,0.74385781,7140000.00000000
1.50000000,Hyderabad,HYD-02|HYD-03|HYD-05|HYD-06|CS-06|CS-07|CS-08|CS-09,87.84918404,93.63293026,0.19577380,0.74385781,7140000.00000000
2.00000000,Hyderabad,HYD-02|HYD-03|HYD-05|HYD-06|CS-06|CS-07|CS-08|CS-09,94.74885306,100.53259927,0.19577380,0.74385781,7140000.00000000
0.00000000,Hyderabad,HYD-01|HYD-02|HYD-03|HYD-05|HYD-06|CS-06|CS-07|CS-08|CS-09,68.11666729,73.90041350,0.18558379,0.77465261,7140000.00000000
0.50000000,Hyderabad,HYD-01|HYD-02|HYD-03|HYD-05|HYD-06|CS-06|CS-07|CS-08|CS-09,75.98888052,81.77262673,0.18558379,0.77465261,7140000.00000000
1.00000000,Hyderabad,HYD-01|HYD-02|HYD-03|HYD-05|HYD-06|CS-06|CS-07|CS-08|CS-09,83.86109375,89.64483997,0.18558379,0.77465261,7140000.00000000
1.50000000,Hyderabad,HYD-01|HYD-02|HYD-03|HYD-05|HYD-06|CS-06|CS-07|CS-08|CS-09,91.73330698,97.51705320,0.18558379,0.77465261,7140000.00000000
2.00000000,Hyderabad,HYD-01|HYD-02|HYD-03|HYD-05|HYD-06|CS-06|CS-07|CS-08|CS-09,99.60552021,105.38926643,0.18558379,0.77465261,7140000.00000000
0.00000000,Hyderabad,HYD-02|HYD-04|HYD-05|HYD-06|CS-06|CS-07|CS-08|CS-09,66.69839333,72.48213955,0.18848664,0.75682020,7140000.00000000
0.50000000,Hyderabad,HYD-02|HYD-04|HYD-05|HYD-06|CS-06|CS-07|CS-08|CS-09,73.57910721,79.36285343,0.18848664,0.75682020,7140000.00000000
1.00000000,Hyderabad,HYD-02|HYD-04|HYD-05|HYD-06|CS-06|CS-07|CS-08|CS-09,80.45982109,86.24356731,0.18848664,0.75682020,7140000.00000000
1.50000000,Hyderabad,HYD-02|HYD-04|HYD-05|HYD-06|CS-06|CS-07|CS-08|CS-09,87.34053497,93.12428119,0.18848664,0.75682020,7140000.00000000
2.00000000,Hyderabad,HYD-02|HYD-04|HYD-05|HYD-06|CS-06|CS-07|CS-08|CS-09,94.22124885,100.00499507,0.18848664,0.75682020,7140000.00000000
0.00000000,Hyderabad,HYD-01|HYD-02|HYD-04|HYD-05|HYD-06|CS-06|CS-07|CS-08|CS-09,68.20512093,73.98886715,0.18810858,0.75682020,7140000.00000000
0.50000000,Hyderabad,HYD-01|HYD-02|HYD-04|HYD-05|HYD-06|CS-06|CS-07|CS-08|CS-09,76.05837903,81.84212525,0.18810858,0.75682020,7140000.00000000
1.00000000,Hyderabad,HYD-01|HYD-02|HYD-04|HYD-05|HYD-06|CS-06|CS-07|CS-08|CS-09,83.91163713,89.69538334,0.18810858,0.75682020,7140000.00000000
1.50000000,Hyderabad,HYD-01|HYD-02|HYD-04|HYD-05|HYD-06|CS-06|CS-07|CS-08|CS-09,91.76489522,97.54864144,0.18810858,0.75682020,7140000.00000000
2.00000000,Hyderabad,HYD-01|HYD-02|HYD-04|HYD-05|HYD-06|CS-06|CS-07|CS-08|CS-09,99.61815332,105.40189953,0.18810858,0.75682020,7140000.00000000
0.00000000,Hyderabad,HYD-03|HYD-04|HYD-05|HYD-06|CS-06|CS-07|CS-08|CS-09,64.59891930,70.38266551,0.15101942,0.78035373,7140000.00000000
0.50000000,Hyderabad,HYD-03|HYD-04|HYD-05|HYD-06|CS-06|CS-07|CS-08|CS-09,71.39214794,77.17589416,0.15101942,0.78035373,7140000.00000000
1.00000000,Hyderabad,HYD-03|HYD-04|HYD-05|HYD-06|CS-06|CS-07|CS-08|CS-09,78.18537658,83.96912280,0.15101942,0.78035373,7140000.00000000
1.50000000,Hyderabad,HYD-03|HYD-04|HYD-05|HYD-06|CS-06|CS-07|CS-08|CS-09,84.97860523,90.76235144,0.15101942,0.78035373,7140000.00000000
2.00000000,Hyderabad,HYD-03|HYD-04|HYD-05|HYD-06|CS-06|CS-07|CS-08|CS-09,91.77183387,97.55558008,0.15101942,0.78035373,7140000.00000000
0.00000000,Hyderabad,HYD-01|HYD-03|HYD-04|HYD-05|HYD-06|CS-06|CS-07|CS-08|CS-09,66.10564690,71.88939311,0.15064138,0.78035373,7140000.00000000
0.50000000,Hyderabad,HYD-01|HYD-03|HYD-04|HYD-05|HYD-06|CS-06|CS-07|CS-08|CS-09,73.87141976,79.65516597,0.15064138,0.78035373,7140000.00000000
1.00000000,Hyderabad,HYD-01|HYD-03|HYD-04|HYD-05|HYD-06|CS-06|CS-07|CS-08|CS-09,81.63719262,87.42093883,0.15064138,0.78035373,7140000.00000000
1.50000000,Hyderabad,HYD-01|HYD-03|HYD-04|HYD-05|HYD-06|CS-06|CS-07|CS-08|CS-09,89.40296548,95.18671169,0.15064138,0.78035373,7140000.00000000
2.00000000,Hyderabad,HYD-01|HYD-03|HYD-04|HYD-05|HYD-06|CS-06|CS-07|CS-08|CS-09,97.16873834,102.95248455,0.15064138,0.78035373,7140000.00000000
0.00000000,Hyderabad,HYD-02|HYD-03|HYD-04|HYD-05|HYD-06|CS-06|CS-07|CS-08|CS-09,63.76933957,69.55308578,0.11773677,0.83832728,7140000.00000000
0.50000000,Hyderabad,HYD-02|HYD-03|HYD-04|HYD-05|HYD-06|CS-06|CS-07|CS-08|CS-09,71.50595068,77.28969690,0.11773677,0.83832728,7140000.00000000
1.00000000,Hyderabad,HYD-02|HYD-03|HYD-04|HYD-05|HYD-06|CS-06|CS-07|CS-08|CS-09,79.24256179,85.02630801,0.11773677,0.83832728,7140000.00000000
1.50000000,Hyderabad,HYD-02|HYD-03|HYD-04|HYD-05|HYD-06|CS-06|CS-07|CS-08|CS-09,86.97917291,92.76291912,0.11773677,0.83832728,7140000.00000000
2.00000000,Hyderabad,HYD-02|HYD-03|HYD-04|HYD-05|HYD-06|CS-06|CS-07|CS-08|CS-09,94.71578402,100.49953024,0.11773677,0.83832728,7140000.00000000
0.00000000,Hyderabad,HYD-01|HYD-02|HYD-03|HYD-04|HYD-05|HYD-06|CS-06|CS-07|CS-08|CS-09,65.27606717,71.05981338,0.11735873,0.83832728,7140000.00000000
0.50000000,Hyderabad,HYD-01|HYD-02|HYD-03|HYD-04|HYD-05|HYD-06|CS-06|CS-07|CS-08|CS-09,73.98522250,79.76896871,0.11735873,0.83832728,7140000.00000000
1.00000000,Hyderabad,HYD-01|HYD-02|HYD-03|HYD-04|HYD-05|HYD-06|CS-06|CS-07|CS-08|CS-09,82.69437783,88.47812404,0.11735873,0.83832728,7140000.00000000
1.50000000,Hyderabad,HYD-01|HYD-02|HYD-03|HYD-04|HYD-05|HYD-06|CS-06|CS-07|CS-08|CS-09,91.40353316,97.18727937,0.11735873,0.83832728,7140000.00000000
2.00000000,Hyderabad,HYD-01|HYD-02|HYD-03|HYD-04|HYD-05|HYD-06|CS-06|CS-07|CS-08|CS-09,100.11268849,105.89643470,0.11735873,0.83832728,7140000.00000000
0.00000000,Hyderabad,HYD-01|HYD-02|HYD-03|HYD-04|HYD-05|HYD-06|CS-10,63.31996797,65.05347173,0.20400384,0.73429275,2140000.00000000
0.50000000,Hyderabad,HYD-01|HYD-02|HYD-03|HYD-04|HYD-05|HYD-06|CS-10,69.43081176,71.16431553,0.20400384,0.73429275,2140000.00000000
1.00000000,Hyderabad,HYD-01|HYD-02|HYD-03|HYD-04|HYD-05|HYD-06|CS-10,75.54165556,77.27515932,0.20400384,0.73429275,2140000.00000000
1.50000000,Hyderabad,HYD-01|HYD-02|HYD-03|HYD-04|HYD-05|HYD-06|CS-10,81.65249935,83.38600312,0.20400384,0.73429275,2140000.00000000
2.00000000,Hyderabad,HYD-01|HYD-02|HYD-03|HYD-04|HYD-05|HYD-06|CS-10,87.76334315,89.49684691,0.20400384,0.73429275,2140000.00000000
0.00000000,Hyderabad,HYD-01|HYD-02|HYD-03|HYD-06|CS-06|CS-10,64.31980608,67.44659325,0.21299659,0.75126489,3860000.00000000
0.50000000,Hyderabad,HYD-01|HYD-02|HYD-03|HYD-06|CS-06|CS-10,69.70014815,72.82693532,0.21299659,0.75126489,3860000.00000000
1.00000000,Hyderabad,HYD-01|HYD-02|HYD-03|HYD-06|CS-06|CS-10,75.08049022,78.20727739,0.21299659,0.75126489,3860000.00000000
1.50000000,Hyderabad,HYD-01|HYD-02|HYD-03|HYD-06|CS-06|CS-10,80.46083229,83.58761946,0.21299659,0.75126489,3860000.00000000
2.00000000,Hyderabad,HYD-01|HYD-02|HYD-03|HYD-06|CS-06|CS-10,85.84117435,88.96796152,0.21299659,0.75126489,3860000.00000000
0.00000000,Hyderabad,HYD-01|HYD-02|HYD-03|HYD-04|HYD-06|CS-06|CS-10,64.39791633,67.52470350,0.19870554,0.76243384,3860000.00000000
0.50000000,Hyderabad,HYD-01|HYD-02|HYD-03|HYD-04|HYD-06|CS-06|CS-10,70.61520050,73.74198767,0.19870554,0.76243384,3860000.00000000
1.00000000,Hyderabad,HYD-01|HYD-02|HYD-03|HYD-04|HYD-06|CS-06|CS-10,76.83248467,79.95927184,0.19870554,0.76243384,3860000.00000000
1.50000000,Hyderabad,HYD-01|HYD-02|HYD-03|HYD-04|HYD-06|CS-06|CS-10,83.04976883,86.17655600,0.19870554,0.76243384,3860000.00000000
2.00000000,Hyderabad,HYD-01|HYD-02|HYD-03|HYD-04|HYD-06|CS-06|CS-10,89.26705300,92.39384017,0.19870554,0.76243384,3860000.00000000
0.00000000,Hyderabad,HYD-01|HYD-02|HYD-05|HYD-06|CS-06|CS-10,64.16650348,67.29329065,0.21544527,0.74371200,3860000.00000000
0.50000000,Hyderabad,HYD-01|HYD-02|HYD-05|HYD-06|CS-06|CS-10,69.45061179,72.57739896,0.21544527,0.74371200,3860000.00000000
1.00000000,Hyderabad,HYD-01|HYD-02|HYD-05|HYD-06|CS-06|CS-10,74.73472009,77.86150726,0.21544527,0.74371200,3860000.00000000
1.50000000,Hyderabad,HYD-01|HYD-02|HYD-05|HYD-06|CS-06|CS-10,80.01882840,83.14561557,0.21544527,0.74371200,3860000.00000000
2.00000000,Hyderabad,HYD-01|HYD-02|HYD-05|HYD-06|CS-06|CS-10,85.30293671,88.42972388,0.21544527,0.74371200,3860000.00000000
0.00000000,Hyderabad,HYD-01|HYD-03|HYD-05|HYD-06|CS-06|CS-10,63.26373407,66.39052124,0.20192786,0.75002552,3860000.00000000
0.50000000,Hyderabad,HYD-01|HYD-03|HYD-05|HYD-06|CS-06|CS-10,68.46035714,71.58714431,0.20192786,0.75002552,3860000.00000000
1.00000000,Hyderabad,HYD-01|HYD-03|HYD-05|HYD-06|CS-06|CS-10,73.65698021,76.78376738,0.20192786,0.75002552,3860000.00000000
1.50000000,Hyderabad,HYD-01|HYD-03|HYD-05|HYD-06|CS-06|CS-10,78.85360328,81.98039045,0.20192786,0.75002552,3860000.00000000
2.00000000,Hyderabad,HYD-01|HYD-03|HYD-05|HYD-06|CS-06|CS-10,84.05022635,87.17701352,0.20192786,0.75002552,3860000.00000000
0.00000000,Hyderabad,HYD-01|HYD-02|HYD-03|HYD-05|HYD-06|CS-06|CS-10,61.23303733,64.35982450,0.14460719,0.82521908,3860000.00000000
0.50000000,Hyderabad,HYD-01|HYD-02|HYD-03|HYD-05|HYD-06|CS-06|CS-10,67.37304287,70.49983004,0.14460719,0.82521908,3860000.00000000
1.00000000,Hyderabad,HYD-01|HYD-02|HYD-03|HYD-05|HYD-06|CS-06|CS-10,73.51304841,76.63983558,0.14460719,0.82521908,3860000.00000000
1.50000000,Hyderabad,HYD-01|HYD-02|HYD-03|HYD-05|HYD-06|CS-06|CS-10,79.65305395,82.77984112,0.14460719,0.82521908,3860000.00000000
2.00000000,Hyderabad,HYD-01|HYD-02|HYD-03|HYD-05|HYD-06|CS-06|CS-10,85.79305949,88.91984666,0.14460719,0.82521908,3860000.00000000
0.00000000,Hyderabad,HYD-01|HYD-02|HYD-04|HYD-05|HYD-06|CS-06|CS-10,64.24461373,67.37140090,0.20115422,0.75488095,3860000.00000000
0.50000000,Hyderabad,HYD-01|HYD-02|HYD-04|HYD-05|HYD-06|CS-06|CS-10,70.36566414,73.49245131,0.20115422,0.75488095,3860000.00000000
1.00000000,Hyderabad,HYD-01|HYD-02|HYD-04|HYD-05|HYD-06|CS-06|CS-10,76.48671454,79.61350171,0.20115422,0.75488095,3860000.00000000
1.50000000,Hyderabad,HYD-01|HYD-02|HYD-04|HYD-05|HYD-06|CS-06|CS-10,82.60776495,85.73455212,0.20115422,0.75488095,3860000.00000000
2.00000000,Hyderabad,HYD-01|HYD-02|HYD-04|HYD-05|HYD-06|CS-06|CS-10,88.72881535,91.85560252,0.20115422,0.75488095,3860000.00000000
0.00000000,Hyderabad,HYD-01|HYD-03|HYD-04|HYD-05|HYD-06|CS-06|CS-10,63.34184432,66.46863149,0.18763682,0.76119447,3860000.00000000
0.50000000,Hyderabad,HYD-01|HYD-03|HYD-04|HYD-05|HYD-06|CS-06|CS-10,69.37540949,72.50219666,0.18763682,0.76119447,3860000.00000000
1.00000000,Hyderabad,HYD-01|HYD-03|HYD-04|HYD-05|HYD-06|CS-06|CS-10,75.40897466,78.53576183,0.18763682,0.76119447,3860000.00000000
1.50000000,Hyderabad,HYD-01|HYD-03|HYD-04|HYD-05|HYD-06|CS-06|CS-10,81.44253983,84.56932700,0.18763682,0.76119447,3860000.00000000
2.00000000,Hyderabad,HYD-01|HYD-03|HYD-04|HYD-05|HYD-06|CS-06|CS-10,87.47610500,90.60289217,0.18763682,0.76119447,3860000.00000000
0.00000000,Hyderabad,HYD-02|HYD-03|HYD-04|HYD-05|HYD-06|CS-06|CS-10,62.85159376,65.97838093,0.18072748,0.74158319,3860000.00000000
0.50000000,Hyderabad,HYD-02|HYD-03|HYD-04|HYD-05|HYD-06|CS-06|CS-10,68.85599719,71.98278436,0.18072748,0.74158319,3860000.00000000
1.00000000,Hyderabad,HYD-02|HYD-03|HYD-04|HYD-05|HYD-06|CS-06|CS-10,74.86040061,77.98718778,0.18072748,0.74158319,3860000.00000000
1.50000000,Hyderabad,HYD-02|HYD-03|HYD-04|HYD-05|HYD-06|CS-06|CS-10,80.86480404,83.99159120,0.18072748,0.74158319,3860000.00000000
2.00000000,Hyderabad,HYD-02|HYD-03|HYD-04|HYD-05|HYD-06|CS-06|CS-10,86.86920746,89.99599463,0.18072748,0.74158319,3860000.00000000
0.00000000,Hyderabad,HYD-01|HYD-02|HYD-03|HYD-04|HYD-05|HYD-06|CS-06|CS-10,61.31114758,64.43793475,0.13031615,0.83638803,3860000.00000000
0.50000000,Hyderabad,HYD-01|HYD-02|HYD-03|HYD-04|HYD-05|HYD-06|CS-06|CS-10,68.28809522,71.41488239,0.13031615,0.83638803,3860000.00000000
1.00000000,Hyderabad,HYD-01|HYD-02|HYD-03|HYD-04|HYD-05|HYD-06|CS-06|CS-10,75.26504286,78.39183003,0.13031615,0.83638803,3860000.00000000
1.50000000,Hyderabad,HYD-01|HYD-02|HYD-03|HYD-04|HYD-05|HYD-06|CS-06|CS-10,82.24199050,85.36877767,0.13031615,0.83638803,3860000.00000000
2.00000000,Hyderabad,HYD-01|HYD-02|HYD-03|HYD-04|HYD-05|HYD-06|CS-06|CS-10,89.21893814,92.34572531,0.13031615,0.83638803,3860000.00000000
0.00000000,Hyderabad,HYD-01|HYD-02|HYD-03|HYD-04|HYD-05|CS-07|CS-10,64.22322847,67.23660886,0.20018953,0.73416153,3720000.00000000
0.50000000,Hyderabad,HYD-01|HYD-02|HYD-03|HYD-04|HYD-05|CS-07|CS-10,70.32386566,73.33724604,0.20018953,0.73416153,3720000.00000000
1.00000000,Hyderabad,HYD-01|HYD-02|HYD-03|HYD-04|HYD-05|CS-07|CS-10,76.42450284,79.43788322,0.20018953,0.73416153,3720000.00000000
1.50000000,Hyderabad,HYD-01|HYD-02|HYD-03|HYD-04|HYD-05|CS-07|CS-10,82.52514003,85.53852041,0.20018953,0.73416153,3720000.00000000
2.00000000,Hyderabad,HYD-01|HYD-02|HYD-03|HYD-04|HYD-05|CS-07|CS-10,88.62577721,91.63915759,0.20018953,0.73416153,3720000.00000000
0.00000000,Hyderabad,HYD-01|HYD-02|HYD-03|HYD-04|HYD-06|CS-07|CS-10,64.32476570,67.33814608,0.20374629,0.74989429,3720000.00000000
0.50000000,Hyderabad,HYD-01|HYD-02|HYD-03|HYD-04|HYD-06|CS-07|CS-10,70.54204987,73.55543025,0.20374629,0.74989429,3720000.00000000
1.00000000,Hyderabad,HYD-01|HYD-02|HYD-03|HYD-04|HYD-06|CS-07|CS-10,76.75933403,79.77271441,0.20374629,0.74989429,3720000.00000000
1.50000000,Hyderabad,HYD-01|HYD-02|HYD-03|HYD-04|HYD-06|CS-07|CS-10,82.97661820,85.98999858,0.20374629,0.74989429,3720000.00000000
2.00000000,Hyderabad,HYD-01|HYD-02|HYD-03|HYD-04|HYD-06|CS-07|CS-10,89.19390237,92.20728275,0.20374629,0.74989429,3720000.00000000
0.00000000,Hyderabad,HYD-01|HYD-02|HYD-03|HYD-05|HYD-06|CS-07|CS-10,61.99306232,65.00644270,0.16627286,0.79777787,3720000.00000000
0.50000000,Hyderabad,HYD-01|HYD-02|HYD-03|HYD-05|HYD-06|CS-07|CS-10,68.13306786,71.14644824,0.16627286,0.79777787,3720000.00000000
1.00000000,Hyderabad,HYD-01|HYD-02|HYD-03|HYD-05|HYD-06|CS-07|CS-10,74.27307340,77.28645378,0.16627286,0.79777787,3720000.00000000
1.50000000,Hyderabad,HYD-01|HYD-02|HYD-03|HYD-05|HYD-06|CS-07|CS-10,80.41307894,83.42645932,0.16627286,0.79777787,3720000.00000000
2.00000000,Hyderabad,HYD-01|HYD-02|HYD-03|HYD-05|HYD-06|CS-07|CS-10,86.55308448,89.56646486,0.16627286,0.79777787,3720000.00000000
0.00000000,Hyderabad,HYD-01|HYD-02|HYD-04|HYD-05|HYD-06|CS-07|CS-10,64.17146310,67.18484348,0.20619495,0.74234140,3720000.00000000
0.50000000,Hyderabad,HYD-01|HYD-02|HYD-04|HYD-05|HYD-06|CS-07|CS-10,70.29251350,73.30589388,0.20619495,0.74234140,3720000.00000000
1.00000000,Hyderabad,HYD-01|HYD-02|HYD-04|HYD-05|HYD-06|CS-07|CS-10,76.41356391,79.42694429,0.20619495,0.74234140,3720000.00000000
1.50000000,Hyderabad,HYD-01|HYD-02|HYD-04|HYD-05|HYD-06|CS-07|CS-10,82.53461431,85.54799469,0.20619495,0.74234140,3720000.00000000
2.00000000,Hyderabad,HYD-01|HYD-02|HYD-04|HYD-05|HYD-06|CS-07|CS-10,88.65566472,91.66904510,0.20619495,0.74234140,3720000.00000000
0.00000000,Hyderabad,HYD-01|HYD-03|HYD-04|HYD-05|HYD-06|CS-07|CS-10,63.26869369,66.28207407,0.19267754,0.74865491,3720000.00000000
0.50000000,Hyderabad,HYD-01|HYD-03|HYD-04|HYD-05|HYD-06|CS-07|CS-10,69.30225886,72.31563924,0.19267754,0.74865491,3720000.00000000
1.00000000,Hyderabad,HYD-01|HYD-03|HYD-04|HYD-05|HYD-06|CS-07|CS-10,75.33582403,78.34920441,0.19267754,0.74865491,3720000.00000000
1.50000000,Hyderabad,HYD-01|HYD-03|HYD-04|HYD-05|HYD-06|CS-07|CS-10,81.36938919,84.38276958,0.19267754,0.74865491,3720000.00000000
2.00000000,Hyderabad,HYD-01|HYD-03|HYD-04|HYD-05|HYD-06|CS-07|CS-10,87.40295436,90.41633474,0.19267754,0.74865491,3720000.00000000
0.00000000,Hyderabad,HYD-02|HYD-03|HYD-04|HYD-05|HYD-06|CS-07|CS-10,62.77844313,65.79182351,0.18576820,0.72904364,3720000.00000000
0.50000000,Hyderabad,HYD-02|HYD-03|HYD-04|HYD-05|HYD-06|CS-07|CS-10,68.78284655,71.79622693,0.18576820,0.72904364,3720000.00000000
1.00000000,Hyderabad,HYD-02|HYD-03|HYD-04|HYD-05|HYD-06|CS-07|CS-10,74.78724998,77.80063036,0.18576820,0.72904364,3720000.00000000
1.50000000,Hyderabad,HYD-02|HYD-03|HYD-04|HYD-05|HYD-06|CS-07|CS-10,80.79165340,83.80503378,0.18576820,0.72904364,3720000.00000000
2.00000000,Hyderabad,HYD-02|HYD-03|HYD-04|HYD-05|HYD-06|CS-07|CS-10,86.79605682,89.80943720,0.18576820,0.72904364,3720000.00000000
0.00000000,Hyderabad,HYD-01|HYD-02|HYD-03|HYD-04|HYD-05|HYD-06|CS-07|CS-10,61.23799694,64.25137732,0.13535686,0.82384848,3720000.00000000
0.50000000,Hyderabad,HYD-01|HYD-02|HYD-03|HYD-04|HYD-05|HYD-06|CS-07|CS-10,68.21494458,71.22832496,0.13535686,0.82384848,3720000.00000000
1.00000000,Hyderabad,HYD-01|HYD-02|HYD-03|HYD-04|HYD-05|HYD-06|CS-07|CS-10,75.19189222,78.20527260,0.13535686,0.82384848,3720000.00000000
1.50000000,Hyderabad,HYD-01|HYD-02|HYD-03|HYD-04|HYD-05|HYD-06|CS-07|CS-10,82.16883986,85.18222024,0.13535686,0.82384848,3720000.00000000
2.00000000,Hyderabad,HYD-01|HYD-02|HYD-03|HYD-04|HYD-05|HYD-06|CS-07|CS-10,89.14578750,92.15916788,0.13535686,0.82384848,3720000.00000000
0.00000000,Hyderabad,HYD-01|HYD-02|HYD-03|HYD-05|CS-06|CS-07|CS-10,63.61541924,68.02208302,0.17020613,0.79079364,5440000.00000000
0.50000000,Hyderabad,HYD-01|HYD-02|HYD-03|HYD-05|CS-06|CS-07|CS-10,69.74521817,74.15188195,0.17020613,0.79079364,5440000.00000000
1.00000000,Hyderabad,HYD-01|HYD-02|HYD-03|HYD-05|CS-06|CS-07|CS-10,75.87501710,80.28168088,0.17020613,0.79079364,5440000.00000000
1.50000000,Hyderabad,HYD-01|HYD-02|HYD-03|HYD-05|CS-06|CS-07|CS-10,82.00481603,86.41147981,0.17020613,0.79079364,5440000.00000000
2.00000000,Hyderabad,HYD-01|HYD-02|HYD-03|HYD-05|CS-06|CS-07|CS-10,88.13461496,92.54127874,0.17020613,0.79079364,5440000.00000000
0.00000000,Hyderabad,HYD-01|HYD-03|HYD-04|HYD-05|CS-06|CS-07|CS-10,65.72422623,70.13089001,0.21323577,0.72676902,5440000.00000000
0.50000000,Hyderabad,HYD-01|HYD-03|HYD-04|HYD-05|CS-06|CS-07|CS-10,71.74758479,76.15424857,0.21323577,0.72676902,5440000.00000000
1.00000000,Hyderabad,HYD-01|HYD-03|HYD-04|HYD-05|CS-06|CS-07|CS-10,77.77094335,82.17760713,0.21323577,0.72676902,5440000.00000000
1.50000000,Hyderabad,HYD-01|HYD-03|HYD-04|HYD-05|CS-06|CS-07|CS-10,83.79430190,88.20096569,0.21323577,0.72676902,5440000.00000000
2.00000000,Hyderabad,HYD-01|HYD-03|HYD-04|HYD-05|CS-06|CS-07|CS-10,89.81766046,94.22432424,0.21323577,0.72676902,5440000.00000000
0.00000000,Hyderabad,HYD-02|HYD-03|HYD-04|HYD-05|CS-06|CS-07|CS-10,65.47243718,69.87910096,0.21089903,0.70371666,5440000.00000000
0.50000000,Hyderabad,HYD-02|HYD-03|HYD-04|HYD-05|CS-06|CS-07|CS-10,71.46663399,75.87329777,0.21089903,0.70371666,5440000.00000000
1.00000000,Hyderabad,HYD-02|HYD-03|HYD-04|HYD-05|CS-06|CS-07|CS-10,77.46083080,81.86749459,0.21089903,0.70371666,5440000.00000000
1.50000000,Hyderabad,HYD-02|HYD-03|HYD-04|HYD-05|CS-06|CS-07|CS-10,83.45502762,87.86169140,0.21089903,0.70371666,5440000.00000000
2.00000000,Hyderabad,HYD-02|HYD-03|HYD-04|HYD-05|CS-06|CS-07|CS-10,89.44922443,93.85588821,0.21089903,0.70371666,5440000.00000000
0.00000000,Hyderabad,HYD-01|HYD-02|HYD-03|HYD-04|HYD-05|CS-06|CS-07|CS-10,63.69352949,68.10019327,0.15591510,0.80196259,5440000.00000000
0.50000000,Hyderabad,HYD-01|HYD-02|HYD-03|HYD-04|HYD-05|CS-06|CS-07|CS-10,70.66027051,75.06693430,0.15591510,0.80196259,5440000.00000000
1.00000000,Hyderabad,HYD-01|HYD-02|HYD-03|HYD-04|HYD-05|CS-06|CS-07|CS-10,77.62701154,82.03367533,0.15591510,0.80196259,5440000.00000000
1.50000000,Hyderabad,HYD-01|HYD-02|HYD-03|HYD-04|HYD-05|CS-06|CS-07|CS-10,84.59375257,89.00041636,0.15591510,0.80196259,5440000.00000000
2.00000000,Hyderabad,HYD-01|HYD-02|HYD-03|HYD-04|HYD-05|CS-06|CS-07|CS-10,91.56049360,95.96715739,0.15591510,0.80196259,5440000.00000000
0.00000000,Hyderabad,HYD-01|HYD-02|HYD-03|HYD-06|CS-06|CS-07|CS-10,63.71695646,68.12362024,0.17376289,0.80652640,5440000.00000000
0.50000000,Hyderabad,HYD-01|HYD-02|HYD-03|HYD-06|CS-06|CS-07|CS-10,69.96340237,74.37006616,0.17376289,0.80652640,5440000.00000000
1.00000000,Hyderabad,HYD-01|HYD-02|HYD-03|HYD-06|CS-06|CS-07|CS-10,76.20984829,80.61651207,0.17376289,0.80652640,5440000.00000000
1.50000000,Hyderabad,HYD-01|HYD-02|HYD-03|HYD-06|CS-06|CS-07|CS-10,82.45629420,86.86295798,0.17376289,0.80652640,5440000.00000000
2.00000000,Hyderabad,HYD-01|HYD-02|HYD-03|HYD-06|CS-06|CS-07|CS-10,88.70274011,93.10940389,0.17376289,0.80652640,5440000.00000000
0.00000000,Hyderabad,HYD-01|HYD-03|HYD-04|HYD-06|CS-06|CS-07|CS-10,65.82972434,70.23638813,0.21681556,0.74269134,5440000.00000000
0.50000000,Hyderabad,HYD-01|HYD-03|HYD-04|HYD-06|CS-06|CS-07|CS-10,71.96972988,76.37639367,0.21681556,0.74269134,5440000.00000000
1.00000000,Hyderabad,HYD-01|HYD-03|HYD-04|HYD-06|CS-06|CS-07|CS-10,78.10973542,82.51639921,0.21681556,0.74269134,5440000.00000000
1.50000000,Hyderabad,HYD-01|HYD-03|HYD-04|HYD-06|CS-06|CS-07|CS-10,84.24974096,88.65640475,0.21681556,0.74269134,5440000.00000000
2.00000000,Hyderabad,HYD-01|HYD-03|HYD-04|HYD-06|CS-06|CS-07|CS-10,90.38974651,94.79641029,0.21681556,0.74269134,5440000.00000000
0.00000000,Hyderabad,HYD-02|HYD-03|HYD-04|HYD-06|CS-06|CS-07|CS-10,65.90066341,70.30732719,0.21889186,0.72051383,5440000.00000000
0.50000000,Hyderabad,HYD-02|HYD-03|HYD-04|HYD-06|CS-06|CS-07|CS-10,72.01150721,76.41817099,0.21889186,0.72051383,5440000.00000000
1.00000000,Hyderabad,HYD-02|HYD-03|HYD-04|HYD-06|CS-06|CS-07|CS-10,78.12235100,82.52901478,0.21889186,0.72051383,5440000.00000000
1.50000000,Hyderabad,HYD-02|HYD-03|HYD-04|HYD-06|CS-06|CS-07|CS-10,84.23319480,88.63985858,0.21889186,0.72051383,5440000.00000000
2.00000000,Hyderabad,HYD-02|HYD-03|HYD-04|HYD-06|CS-06|CS-07|CS-10,90.34403859,94.75070237,0.21889186,0.72051383,5440000.00000000
0.00000000,Hyderabad,HYD-01|HYD-02|HYD-03|HYD-04|HYD-06|CS-06|CS-07|CS-10,63.79506671,68.20173049,0.15947185,0.81769535,5440000.00000000
0.50000000,Hyderabad,HYD-01|HYD-02|HYD-03|HYD-04|HYD-06|CS-06|CS-07|CS-10,70.87845472,75.28511851,0.15947185,0.81769535,5440000.00000000
1.00000000,Hyderabad,HYD-01|HYD-02|HYD-03|HYD-04|HYD-06|CS-06|CS-07|CS-10,77.96184273,82.36850652,0.15947185,0.81769535,5440000.00000000
1.50000000,Hyderabad,HYD-01|HYD-02|HYD-03|HYD-04|HYD-06|CS-06|CS-07|CS-10,85.04523075,89.45189453,0.15947185,0.81769535,5440000.00000000
2.00000000,Hyderabad,HYD-01|HYD-02|HYD-03|HYD-04|HYD-06|CS-06|CS-07|CS-10,92.12861876,96.53528254,0.15947185,0.81769535,5440000.00000000
0.00000000,Hyderabad,HYD-01|HYD-02|HYD-05|HYD-06|CS-06|CS-07|CS-10,63.56365386,67.97031764,0.17621155,0.79897351,5440000.00000000
0.50000000,Hyderabad,HYD-01|HYD-02|HYD-05|HYD-06|CS-06|CS-07|CS-10,69.71386601,74.12052979,0.17621155,0.79897351,5440000.00000000
1.00000000,Hyderabad,HYD-01|HYD-02|HYD-05|HYD-06|CS-06|CS-07|CS-10,75.86407816,80.27074194,0.17621155,0.79897351,5440000.00000000
1.50000000,Hyderabad,HYD-01|HYD-02|HYD-05|HYD-06|CS-06|CS-07|CS-10,82.01429031,86.42095410,0.17621155,0.79897351,5440000.00000000
2.00000000,Hyderabad,HYD-01|HYD-02|HYD-05|HYD-06|CS-06|CS-07|CS-10,88.16450246,92.57116625,0.17621155,0.79897351,5440000.00000000
0.00000000,Hyderabad,HYD-01|HYD-03|HYD-05|HYD-06|CS-06|CS-07|CS-10,62.66088445,67.06754823,0.16269414,0.80528702,5440000.00000000
0.50000000,Hyderabad,HYD-01|HYD-03|HYD-05|HYD-06|CS-06|CS-07|CS-10,68.72361136,73.13027515,0.16269414,0.80528702,5440000.00000000
1.00000000,Hyderabad,HYD-01|HYD-03|HYD-05|HYD-06|CS-06|CS-07|CS-10,74.78633828,79.19300206,0.16269414,0.80528702,5440000.00000000
1.50000000,Hyderabad,HYD-01|HYD-03|HYD-05|HYD-06|CS-06|CS-07|CS-10,80.84906519,85.25572898,0.16269414,0.80528702,5440000.00000000
2.00000000,Hyderabad,HYD-01|HYD-03|HYD-05|HYD-06|CS-06|CS-07|CS-10,86.91179211,91.31845589,0.16269414,0.80528702,5440000.00000000
0.00000000,Hyderabad,HYD-02|HYD-03|HYD-05|HYD-06|CS-06|CS-07|CS-10,64.10049822,68.50716200,0.19464310,0.72631702,5440000.00000000
0.50000000,Hyderabad,HYD-02|HYD-03|HYD-05|HYD-06|CS-06|CS-07|CS-10,70.13406338,74.54072717,0.19464310,0.72631702,5440000.00000000
1.00000000,Hyderabad,HYD-02|HYD-03|HYD-05|HYD-06|CS-06|CS-07|CS-10,76.16762855,80.57429234,0.19464310,0.72631702,5440000.00000000
1.50000000,Hyderabad,HYD-02|HYD-03|HYD-05|HYD-06|CS-06|CS-07|CS-10,82.20119372,86.60785751,0.19464310,0.72631702,5440000.00000000
2.00000000,Hyderabad,HYD-02|HYD-03|HYD-05|HYD-06|CS-06|CS-07|CS-10,88.23475889,92.64142268,0.19464310,0.72631702,5440000.00000000
0.00000000,Hyderabad,HYD-01|HYD-02|HYD-03|HYD-05|HYD-06|CS-06|CS-07|CS-10,60.63018771,65.03685149,0.10537348,0.88048059,5440000.00000000
0.50000000,Hyderabad,HYD-01|HYD-02|HYD-03|HYD-05|HYD-06|CS-06|CS-07|CS-10,67.63629709,72.04296087,0.10537348,0.88048059,5440000.00000000
1.00000000,Hyderabad,HYD-01|HYD-02|HYD-03|HYD-05|HYD-06|CS-06|CS-07|CS-10,74.64240648,79.04907026,0.10537348,0.88048059,5440000.00000000
1.50000000,Hyderabad,HYD-01|HYD-02|HYD-03|HYD-05|HYD-06|CS-06|CS-07|CS-10,81.64851586,86.05517965,0.10537348,0.88048059,5440000.00000000
2.00000000,Hyderabad,HYD-01|HYD-02|HYD-03|HYD-05|HYD-06|CS-06|CS-07|CS-10,88.65462525,93.06128903,0.10537348,0.88048059,5440000.00000000
0.00000000,Hyderabad,HYD-02|HYD-04|HYD-05|HYD-06|CS-06|CS-07|CS-10,65.18221029,69.58887408,0.21233185,0.71533762,5440000.00000000
0.50000000,Hyderabad,HYD-02|HYD-04|HYD-05|HYD-06|CS-06|CS-07|CS-10,71.19682033,75.60348411,0.21233185,0.71533762,5440000.00000000
1.00000000,Hyderabad,HYD-02|HYD-04|HYD-05|HYD-06|CS-06|CS-07|CS-10,77.21143036,81.61809415,0.21233185,0.71533762,5440000.00000000
1.50000000,Hyderabad,HYD-02|HYD-04|HYD-05|HYD-06|CS-06|CS-07|CS-10,83.22604040,87.63270418,0.21233185,0.71533762,5440000.00000000
2.00000000,Hyderabad,HYD-02|HYD-04|HYD-05|HYD-06|CS-06|CS-07|CS-10,89.24065043,93.64731421,0.21233185,0.71533762,5440000.00000000
0.00000000,Hyderabad,HYD-01|HYD-02|HYD-04|HYD-05|HYD-06|CS-06|CS-07|CS-10,63.64176411,68.04842789,0.16192050,0.81014246,5440000.00000000
0.50000000,Hyderabad,HYD-01|HYD-02|HYD-04|HYD-05|HYD-06|CS-06|CS-07|CS-10,70.62891836,75.03558214,0.16192050,0.81014246,5440000.00000000
1.00000000,Hyderabad,HYD-01|HYD-02|HYD-04|HYD-05|HYD-06|CS-06|CS-07|CS-10,77.61607261,82.02273639,0.16192050,0.81014246,5440000.00000000
1.50000000,Hyderabad,HYD-01|HYD-02|HYD-04|HYD-05|HYD-06|CS-06|CS-07|CS-10,84.60322686,89.00989064,0.16192050,0.81014246,5440000.00000000
2.00000000,Hyderabad,HYD-01|HYD-02|HYD-04|HYD-05|HYD-06|CS-06|CS-07|CS-10,91.59038111,95.99704489,0.16192050,0.81014246,5440000.00000000
0.00000000,Hyderabad,HYD-03|HYD-04|HYD-05|HYD-06|CS-06|CS-07|CS-10,65.10947733,69.51614111,0.21484095,0.70839712,5440000.00000000
0.50000000,Hyderabad,HYD-03|HYD-04|HYD-05|HYD-06|CS-06|CS-07|CS-10,71.03660213,75.44326591,0.21484095,0.70839712,5440000.00000000
1.00000000,Hyderabad,HYD-03|HYD-04|HYD-05|HYD-06|CS-06|CS-07|CS-10,76.96372692,81.37039071,0.21484095,0.70839712,5440000.00000000
1.50000000,Hyderabad,HYD-03|HYD-04|HYD-05|HYD-06|CS-06|CS-07|CS-10,82.89085172,87.29751551,0.21484095,0.70839712,5440000.00000000
2.00000000,Hyderabad,HYD-03|HYD-04|HYD-05|HYD-06|CS-06|CS-07|CS-10,88.81797652,93.22464030,0.21484095,0.70839712,5440000.00000000
0.00000000,Hyderabad,HYD-01|HYD-03|HYD-04|HYD-05|HYD-06|CS-06|CS-07|CS-10,62.73899470,67.14565848,0.14840312,0.81645597,5440000.00000000
0.50000000,Hyderabad,HYD-01|HYD-03|HYD-04|HYD-05|HYD-06|CS-06|CS-07|CS-10,69.63866371,74.04532750,0.14840312,0.81645597,5440000.00000000
1.00000000,Hyderabad,HYD-01|HYD-03|HYD-04|HYD-05|HYD-06|CS-06|CS-07|CS-10,76.53833273,80.94499651,0.14840312,0.81645597,5440000.00000000
1.50000000,Hyderabad,HYD-01|HYD-03|HYD-04|HYD-05|HYD-06|CS-06|CS-07|CS-10,83.43800174,87.84466552,0.14840312,0.81645597,5440000.00000000
2.00000000,Hyderabad,HYD-01|HYD-03|HYD-04|HYD-05|HYD-06|CS-06|CS-07|CS-10,90.33767075,94.74433454,0.14840312,0.81645597,5440000.00000000
0.00000000,Hyderabad,HYD-02|HYD-03|HYD-04|HYD-05|HYD-06|CS-06|CS-07|CS-10,62.24874414,66.65540792,0.14149375,0.79684470,5440000.00000000
0.50000000,Hyderabad,HYD-02|HYD-03|HYD-04|HYD-05|HYD-06|CS-06|CS-07|CS-10,69.11925141,73.52591519,0.14149375,0.79684470,5440000.00000000
1.00000000,Hyderabad,HYD-02|HYD-03|HYD-04|HYD-05|HYD-06|CS-06|CS-07|CS-10,75.98975868,80.39642246,0.14149375,0.79684470,5440000.00000000
1.50000000,Hyderabad,HYD-02|HYD-03|HYD-04|HYD-05|HYD-06|CS-06|CS-07|CS-10,82.86026595,87.26692973,0.14149375,0.79684470,5440000.00000000
2.00000000,Hyderabad,HYD-02|HYD-03|HYD-04|HYD-05|HYD-06|CS-06|CS-07|CS-10,89.73077322,94.13743700,0.14149375,0.79684470,5440000.00000000
0.00000000,Hyderabad,HYD-01|HYD-02|HYD-03|HYD-04|HYD-05|HYD-06|CS-06|CS-07|CS-10,60.70829796,65.11496174,0.09108244,0.89164953,5440000.00000000
0.50000000,Hyderabad,HYD-01|HYD-02|HYD-03|HYD-04|HYD-05|HYD-06|CS-06|CS-07|CS-10,68.55134944,72.95801322,0.09108244,0.89164953,5440000.00000000
1.00000000,Hyderabad,HYD-01|HYD-02|HYD-03|HYD-04|HYD-05|HYD-06|CS-06|CS-07|CS-10,76.39440093,80.80106471,0.09108244,0.89164953,5440000.00000000
1.50000000,Hyderabad,HYD-01|HYD-02|HYD-03|HYD-04|HYD-05|HYD-06|CS-06|CS-07|CS-10,84.23745241,88.64411619,0.09108244,0.89164953,5440000.00000000
2.00000000,Hyderabad,HYD-01|HYD-02|HYD-03|HYD-04|HYD-05|HYD-06|CS-06|CS-07|CS-10,92.08050390,96.48716768,0.09108244,0.89164953,5440000.00000000
0.00000000,Hyderabad,HYD-02|HYD-03|HYD-04|HYD-05|HYD-06|CS-08|CS-10,64.26086079,67.17703535,0.19959256,0.73531342,3600000.00000000
0.50000000,Hyderabad,HYD-02|HYD-03|HYD-04|HYD-05|HYD-06|CS-08|CS-10,70.26526422,73.18143878,0.19959256,0.73531342,3600000.00000000
1.00000000,Hyderabad,HYD-02|HYD-03|HYD-04|HYD-05|HYD-06|CS-08|CS-10,76.26966764,79.18584220,0.19959256,0.73531342,3600000.00000000
1.50000000,Hyderabad,HYD-02|HYD-03|HYD-04|HYD-05|HYD-06|CS-08|CS-10,82.27407106,85.19024562,0.19959256,0.73531342,3600000.00000000
2.00000000,Hyderabad,HYD-02|HYD-03|HYD-04|HYD-05|HYD-06|CS-08|CS-10,88.27847449,91.19464905,0.19959256,0.73531342,3600000.00000000
0.00000000,Hyderabad,HYD-01|HYD-02|HYD-03|HYD-04|HYD-05|HYD-06|CS-08|CS-10,65.76758839,68.68376296,0.19921450,0.73531342,3600000.00000000
0.50000000,Hyderabad,HYD-01|HYD-02|HYD-03|HYD-04|HYD-05|HYD-06|CS-08|CS-10,72.74453603,75.66071060,0.19921450,0.73531342,3600000.00000000
1.00000000,Hyderabad,HYD-01|HYD-02|HYD-03|HYD-04|HYD-05|HYD-06|CS-08|CS-10,79.72148367,82.63765824,0.19921450,0.73531342,3600000.00000000
1.50000000,Hyderabad,HYD-01|HYD-02|HYD-03|HYD-04|HYD-05|HYD-06|CS-08|CS-10,86.69843131,89.61460588,0.19921450,0.73531342,3600000.00000000
2.00000000,Hyderabad,HYD-01|HYD-02|HYD-03|HYD-04|HYD-05|HYD-06|CS-08|CS-10,93.67537895,96.59155352,0.19921450,0.73531342,3600000.00000000
0.00000000,Hyderabad,HYD-02|HYD-03|HYD-06|CS-06|CS-08|CS-10,65.30538726,69.61484522,0.20997283,0.74086873,5320000.00000000
0.50000000,Hyderabad,HYD-02|HYD-03|HYD-06|CS-06|CS-08|CS-10,70.57928896,74.88874692,0.20997283,0.74086873,5320000.00000000
1.00000000,Hyderabad,HYD-02|HYD-03|HYD-06|CS-06|CS-08|CS-10,75.85319065,80.16264862,0.20997283,0.74086873,5320000.00000000
1.50000000,Hyderabad,HYD-02|HYD-03|HYD-06|CS-06|CS-08|CS-10,81.12709235,85.43655031,0.20997283,0.74086873,5320000.00000000
2.00000000,Hyderabad,HYD-02|HYD-03|HYD-06|CS-06|CS-08|CS-10,86.40099404,90.71045201,0.20997283,0.74086873,5320000.00000000
0.00000000,Hyderabad,HYD-01|HYD-02|HYD-03|HYD-06|CS-06|CS-08|CS-10,66.67058788,70.98004585,0.20700696,0.75126489,5320000.00000000
0.50000000,Hyderabad,HYD-01|HYD-02|HYD-03|HYD-06|CS-06|CS-08|CS-10,72.91703380,77.22649176,0.20700696,0.75126489,5320000.00000000
1.00000000,Hyderabad,HYD-01|HYD-02|HYD-03|HYD-06|CS-06|CS-08|CS-10,79.16347971,83.47293767,0.20700696,0.75126489,5320000.00000000
1.50000000,Hyderabad,HYD-01|HYD-02|HYD-03|HYD-06|CS-06|CS-08|CS-10,85.40992562,89.71938358,0.20700696,0.75126489,5320000.00000000
2.00000000,Hyderabad,HYD-01|HYD-02|HYD-03|HYD-06|CS-06|CS-08|CS-10,91.65637153,95.96582950,0.20700696,0.75126489,5320000.00000000
0.00000000,Hyderabad,HYD-02|HYD-03|HYD-04|HYD-06|CS-06|CS-08|CS-10,65.24197053,69.55142849,0.19309399,0.76243384,5320000.00000000
0.50000000,Hyderabad,HYD-02|HYD-03|HYD-04|HYD-06|CS-06|CS-08|CS-10,71.35281433,75.66227229,0.19309399,0.76243384,5320000.00000000
1.00000000,Hyderabad,HYD-02|HYD-03|HYD-04|HYD-06|CS-06|CS-08|CS-10,77.46365812,81.77311608,0.19309399,0.76243384,5320000.00000000
1.50000000,Hyderabad,HYD-02|HYD-03|HYD-04|HYD-06|CS-06|CS-08|CS-10,83.57450192,87.88395988,0.19309399,0.76243384,5320000.00000000
2.00000000,Hyderabad,HYD-02|HYD-03|HYD-04|HYD-06|CS-06|CS-08|CS-10,89.68534571,93.99480367,0.19309399,0.76243384,5320000.00000000
0.00000000,Hyderabad,HYD-01|HYD-02|HYD-03|HYD-04|HYD-06|CS-06|CS-08|CS-10,66.74869813,71.05815610,0.19271594,0.76243384,5320000.00000000
0.50000000,Hyderabad,HYD-01|HYD-02|HYD-03|HYD-04|HYD-06|CS-06|CS-08|CS-10,73.83208614,78.14154411,0.19271594,0.76243384,5320000.00000000
1.00000000,Hyderabad,HYD-01|HYD-02|HYD-03|HYD-04|HYD-06|CS-06|CS-08|CS-10,80.91547416,85.22493212,0.19271594,0.76243384,5320000.00000000
1.50000000,Hyderabad,HYD-01|HYD-02|HYD-03|HYD-04|HYD-06|CS-06|CS-08|CS-10,87.99886217,92.30832013,0.19271594,0.76243384,5320000.00000000
2.00000000,Hyderabad,HYD-01|HYD-02|HYD-03|HYD-04|HYD-06|CS-06|CS-08|CS-10,95.08225018,99.39170814,0.19271594,0.76243384,5320000.00000000
0.00000000,Hyderabad,HYD-02|HYD-05|HYD-06|CS-06|CS-08|CS-10,65.24834616,69.55780412,0.21361053,0.73433650,5320000.00000000
0.50000000,Hyderabad,HYD-02|HYD-05|HYD-06|CS-06|CS-08|CS-10,70.42601409,74.73547206,0.21361053,0.73433650,5320000.00000000
1.00000000,Hyderabad,HYD-02|HYD-05|HYD-06|CS-06|CS-08|CS-10,75.60368203,79.91313999,0.21361053,0.73433650,5320000.00000000
1.50000000,Hyderabad,HYD-02|HYD-05|HYD-06|CS-06|CS-08|CS-10,80.78134996,85.09080793,0.21361053,0.73433650,5320000.00000000
2.00000000,Hyderabad,HYD-02|HYD-05|HYD-06|CS-06|CS-08|CS-10,85.95901790,90.26847586,0.21361053,0.73433650,5320000.00000000
0.00000000,Hyderabad,HYD-01|HYD-02|HYD-05|HYD-06|CS-06|CS-08|CS-10,66.61354678,70.92300475,0.21064468,0.74473266,5320000.00000000
0.50000000,Hyderabad,HYD-01|HYD-02|HYD-05|HYD-06|CS-06|CS-08|CS-10,72.76375893,77.07321690,0.21064468,0.74473266,5320000.00000000
1.00000000,Hyderabad,HYD-01|HYD-02|HYD-05|HYD-06|CS-06|CS-08|CS-10,78.91397108,83.22342905,0.21064468,0.74473266,5320000.00000000
1.50000000,Hyderabad,HYD-01|HYD-02|HYD-05|HYD-06|CS-06|CS-08|CS-10,85.06418324,89.37364120,0.21064468,0.74473266,5320000.00000000
2.00000000,Hyderabad,HYD-01|HYD-02|HYD-05|HYD-06|CS-06|CS-08|CS-10,91.21439539,95.52385335,0.21064468,0.74473266,5320000.00000000
0.00000000,Hyderabad,HYD-03|HYD-05|HYD-06|CS-06|CS-08|CS-10,64.22276908,68.53222705,0.19764428,0.73634866,5320000.00000000
0.50000000,Hyderabad,HYD-03|HYD-05|HYD-06|CS-06|CS-08|CS-10,69.31295178,73.62240975,0.19764428,0.73634866,5320000.00000000
1.00000000,Hyderabad,HYD-03|HYD-05|HYD-06|CS-06|CS-08|CS-10,74.40313448,78.71259244,0.19764428,0.73634866,5320000.00000000
1.50000000,Hyderabad,HYD-03|HYD-05|HYD-06|CS-06|CS-08|CS-10,79.49331718,83.80277514,0.19764428,0.73634866,5320000.00000000
2.00000000,Hyderabad,HYD-03|HYD-05|HYD-06|CS-06|CS-08|CS-10,84.58349988,88.89295784,0.19764428,0.73634866,5320000.00000000
0.00000000,Hyderabad,HYD-01|HYD-03|HYD-05|HYD-06|CS-06|CS-08|CS-10,65.58796971,69.89742767,0.19467843,0.74674482,5320000.00000000
0.50000000,Hyderabad,HYD-01|HYD-03|HYD-05|HYD-06|CS-06|CS-08|CS-10,71.65069662,75.96015459,0.19467843,0.74674482,5320000.00000000
1.00000000,Hyderabad,HYD-01|HYD-03|HYD-05|HYD-06|CS-06|CS-08|CS-10,77.71342354,82.02288150,0.19467843,0.74674482,5320000.00000000
1.50000000,Hyderabad,HYD-01|HYD-03|HYD-05|HYD-06|CS-06|CS-08|CS-10,83.77615045,88.08560841,0.19467843,0.74674482,5320000.00000000
2.00000000,Hyderabad,HYD-01|HYD-03|HYD-05|HYD-06|CS-06|CS-08|CS-10,89.83887737,94.14833533,0.19467843,0.74674482,5320000.00000000
0.00000000,Hyderabad,HYD-02|HYD-03|HYD-05|HYD-06|CS-06|CS-08|CS-10,62.31545713,66.62491510,0.14278372,0.81584358,5320000.00000000
0.50000000,Hyderabad,HYD-02|HYD-03|HYD-05|HYD-06|CS-06|CS-08|CS-10,68.34902230,72.65848027,0.14278372,0.81584358,5320000.00000000
1.00000000,Hyderabad,HYD-02|HYD-03|HYD-05|HYD-06|CS-06|CS-08|CS-10,74.38258747,78.69204544,0.14278372,0.81584358,5320000.00000000
1.50000000,Hyderabad,HYD-02|HYD-03|HYD-05|HYD-06|CS-06|CS-08|CS-10,80.41615264,84.72561061,0.14278372,0.81584358,5320000.00000000
2.00000000,Hyderabad,HYD-02|HYD-03|HYD-05|HYD-06|CS-06|CS-08|CS-10,86.44971781,90.75917578,0.14278372,0.81584358,5320000.00000000
0.00000000,Hyderabad,HYD-01|HYD-02|HYD-03|HYD-05|HYD-06|CS-06|CS-08|CS-10,63.68065776,67.99011572,0.13981783,0.82623974,5320000.00000000
0.50000000,Hyderabad,HYD-01|HYD-02|HYD-03|HYD-05|HYD-06|CS-06|CS-08|CS-10,70.68676714,74.99622511,0.13981783,0.82623974,5320000.00000000
1.00000000,Hyderabad,HYD-01|HYD-02|HYD-03|HYD-05|HYD-06|CS-06|CS-08|CS-10,77.69287653,82.00233449,0.13981783,0.82623974,5320000.00000000
1.50000000,Hyderabad,HYD-01|HYD-02|HYD-03|HYD-05|HYD-06|CS-06|CS-08|CS-10,84.69898591,89.00844388,0.13981783,0.82623974,5320000.00000000
2.00000000,Hyderabad,HYD-01|HYD-02|HYD-03|HYD-05|HYD-06|CS-06|CS-08|CS-10,91.70509530,96.01455326,0.13981783,0.82623974,5320000.00000000
0.00000000,Hyderabad,HYD-02|HYD-04|HYD-05|HYD-06|CS-06|CS-08|CS-10,65.18492943,69.49438739,0.19673169,0.75590161,5320000.00000000
0.50000000,Hyderabad,HYD-02|HYD-04|HYD-05|HYD-06|CS-06|CS-08|CS-10,71.19953946,75.50899743,0.19673169,0.75590161,5320000.00000000
1.00000000,Hyderabad,HYD-02|HYD-04|HYD-05|HYD-06|CS-06|CS-08|CS-10,77.21414950,81.52360746,0.19673169,0.75590161,5320000.00000000
1.50000000,Hyderabad,HYD-02|HYD-04|HYD-05|HYD-06|CS-06|CS-08|CS-10,83.22875953,87.53821750,0.19673169,0.75590161,5320000.00000000
2.00000000,Hyderabad,HYD-02|HYD-04|HYD-05|HYD-06|CS-06|CS-08|CS-10,89.24336957,93.55282753,0.19673169,0.75590161,5320000.00000000
0.00000000,Hyderabad,HYD-01|HYD-02|HYD-04|HYD-05|HYD-06|CS-06|CS-08|CS-10,66.69165703,71.00111500,0.19635364,0.75590161,5320000.00000000
0.50000000,Hyderabad,HYD-01|HYD-02|HYD-04|HYD-05|HYD-06|CS-06|CS-08|CS-10,73.67881128,77.98826925,0.19635364,0.75590161,5320000.00000000
1.00000000,Hyderabad,HYD-01|HYD-02|HYD-04|HYD-05|HYD-06|CS-06|CS-08|CS-10,80.66596553,84.97542350,0.19635364,0.75590161,5320000.00000000
1.50000000,Hyderabad,HYD-01|HYD-02|HYD-04|HYD-05|HYD-06|CS-06|CS-08|CS-10,87.65311978,91.96257775,0.19635364,0.75590161,5320000.00000000
2.00000000,Hyderabad,HYD-01|HYD-02|HYD-04|HYD-05|HYD-06|CS-06|CS-08|CS-10,94.64027404,98.94973200,0.19635364,0.75590161,5320000.00000000
0.00000000,Hyderabad,HYD-03|HYD-04|HYD-05|HYD-06|CS-06|CS-08|CS-10,64.15935235,68.46881032,0.18076544,0.75791377,5320000.00000000
0.50000000,Hyderabad,HYD-03|HYD-04|HYD-05|HYD-06|CS-06|CS-08|CS-10,70.08647715,74.39593512,0.18076544,0.75791377,5320000.00000000
1.00000000,Hyderabad,HYD-03|HYD-04|HYD-05|HYD-06|CS-06|CS-08|CS-10,76.01360195,80.32305991,0.18076544,0.75791377,5320000.00000000
1.50000000,Hyderabad,HYD-03|HYD-04|HYD-05|HYD-06|CS-06|CS-08|CS-10,81.94072675,86.25018471,0.18076544,0.75791377,5320000.00000000
2.00000000,Hyderabad,HYD-03|HYD-04|HYD-05|HYD-06|CS-06|CS-08|CS-10,87.86785154,92.17730951,0.18076544,0.75791377,5320000.00000000
0.00000000,Hyderabad,HYD-01|HYD-03|HYD-04|HYD-05|HYD-06|CS-06|CS-08|CS-10,65.66607996,69.97553792,0.18038738,0.75791377,5320000.00000000
0.50000000,Hyderabad,HYD-01|HYD-03|HYD-04|HYD-05|HYD-06|CS-06|CS-08|CS-10,72.56574897,76.87520693,0.18038738,0.75791377,5320000.00000000
1.00000000,Hyderabad,HYD-01|HYD-03|HYD-04|HYD-05|HYD-06|CS-06|CS-08|CS-10,79.46541798,83.77487595,0.18038738,0.75791377,5320000.00000000
1.50000000,Hyderabad,HYD-01|HYD-03|HYD-04|HYD-05|HYD-06|CS-06|CS-08|CS-10,86.36508700,90.67454496,0.18038738,0.75791377,5320000.00000000
2.00000000,Hyderabad,HYD-01|HYD-03|HYD-04|HYD-05|HYD-06|CS-06|CS-08|CS-10,93.26475601,97.57421398,0.18038738,0.75791377,5320000.00000000
0.00000000,Hyderabad,HYD-02|HYD-03|HYD-04|HYD-05|HYD-06|CS-06|CS-08|CS-10,62.25204040,66.56149837,0.12590487,0.83740869,5320000.00000000
0.50000000,Hyderabad,HYD-02|HYD-03|HYD-04|HYD-05|HYD-06|CS-06|CS-08|CS-10,69.12254767,73.43200564,0.12590487,0.83740869,5320000.00000000
1.00000000,Hyderabad,HYD-02|HYD-03|HYD-04|HYD-05|HYD-06|CS-06|CS-08|CS-10,75.99305494,80.30251291,0.12590487,0.83740869,5320000.00000000
1.50000000,Hyderabad,HYD-02|HYD-03|HYD-04|HYD-05|HYD-06|CS-06|CS-08|CS-10,82.86356221,87.17302017,0.12590487,0.83740869,5320000.00000000
2.00000000,Hyderabad,HYD-02|HYD-03|HYD-04|HYD-05|HYD-06|CS-06|CS-08|CS-10,89.73406948,94.04352744,0.12590487,0.83740869,5320000.00000000
0.00000000,Hyderabad,HYD-01|HYD-02|HYD-03|HYD-04|HYD-05|HYD-06|CS-06|CS-08|CS-10,63.75876801,68.06822597,0.12552680,0.83740869,5320000.00000000
0.50000000,Hyderabad,HYD-01|HYD-02|HYD-03|HYD-04|HYD-05|HYD-06|CS-06|CS-08|CS-10,71.60181949,75.91127746,0.12552680,0.83740869,5320000.00000000
1.00000000,Hyderabad,HYD-01|HYD-02|HYD-03|HYD-04|HYD-05|HYD-06|CS-06|CS-08|CS-10,79.44487098,83.75432894,0.12552680,0.83740869,5320000.00000000
1.50000000,Hyderabad,HYD-01|HYD-02|HYD-03|HYD-04|HYD-05|HYD-06|CS-06|CS-08|CS-10,87.28792246,91.59738043,0.12552680,0.83740869,5320000.00000000
2.00000000,Hyderabad,HYD-01|HYD-02|HYD-03|HYD-04|HYD-05|HYD-06|CS-06|CS-08|CS-10,95.13097395,99.44043191,0.12552680,0.83740869,5320000.00000000
0.00000000,Hyderabad,HYD-02|HYD-03|HYD-04|HYD-05|CS-07|CS-08|CS-10,65.15463299,69.35068417,0.19562912,0.73174110,5180000.00000000
0.50000000,Hyderabad,HYD-02|HYD-03|HYD-04|HYD-05|CS-07|CS-08|CS-10,71.14882980,75.34488098,0.19562912,0.73174110,5180000.00000000
1.00000000,Hyderabad,HYD-02|HYD-03|HYD-04|HYD-05|CS-07|CS-08|CS-10,77.14302662,81.33907779,0.19562912,0.73174110,5180000.00000000
1.50000000,Hyderabad,HYD-02|HYD-03|HYD-04|HYD-05|CS-07|CS-08|CS-10,83.13722343,87.33327460,0.19562912,0.73174110,5180000.00000000
2.00000000,Hyderabad,HYD-02|HYD-03|HYD-04|HYD-05|CS-07|CS-08|CS-10,89.13142024,93.32747142,0.19562912,0.73174110,5180000.00000000
0.00000000,Hyderabad,HYD-01|HYD-02|HYD-03|HYD-04|HYD-05|CS-07|CS-08|CS-10,66.64113203,70.83718321,0.19481558,0.73518219,5180000.00000000
0.50000000,Hyderabad,HYD-01|HYD-02|HYD-03|HYD-04|HYD-05|CS-07|CS-08|CS-10,73.60787306,77.80392424,0.19481558,0.73518219,5180000.00000000
1.00000000,Hyderabad,HYD-01|HYD-02|HYD-03|HYD-04|HYD-05|CS-07|CS-08|CS-10,80.57461409,84.77066527,0.19481558,0.73518219,5180000.00000000
1.50000000,Hyderabad,HYD-01|HYD-02|HYD-03|HYD-04|HYD-05|CS-07|CS-08|CS-10,87.54135512,91.73740630,0.19481558,0.73518219,5180000.00000000
2.00000000,Hyderabad,HYD-01|HYD-02|HYD-03|HYD-04|HYD-05|CS-07|CS-08|CS-10,94.50809615,98.70414733,0.19481558,0.73518219,5180000.00000000
0.00000000,Hyderabad,HYD-02|HYD-03|HYD-04|HYD-06|CS-07|CS-08|CS-10,65.16881990,69.36487107,0.19813472,0.74989429,5180000.00000000
0.50000000,Hyderabad,HYD-02|HYD-03|HYD-04|HYD-06|CS-07|CS-08|CS-10,71.27966369,75.47571487,0.19813472,0.74989429,5180000.00000000
1.00000000,Hyderabad,HYD-02|HYD-03|HYD-04|HYD-06|CS-07|CS-08|CS-10,77.39050749,81.58655866,0.19813472,0.74989429,5180000.00000000
1.50000000,Hyderabad,HYD-02|HYD-03|HYD-04|HYD-06|CS-07|CS-08|CS-10,83.50135128,87.69740246,0.19813472,0.74989429,5180000.00000000
2.00000000,Hyderabad,HYD-02|HYD-03|HYD-04|HYD-06|CS-07|CS-08|CS-10,89.61219508,93.80824625,0.19813472,0.74989429,5180000.00000000
0.00000000,Hyderabad,HYD-01|HYD-02|HYD-03|HYD-04|HYD-06|CS-07|CS-08|CS-10,66.67554750,70.87159867,0.19775666,0.74989429,5180000.00000000
0.50000000,Hyderabad,HYD-01|HYD-02|HYD-03|HYD-04|HYD-06|CS-07|CS-08|CS-10,73.75893551,77.95498669,0.19775666,0.74989429,5180000.00000000
1.00000000,Hyderabad,HYD-01|HYD-02|HYD-03|HYD-04|HYD-06|CS-07|CS-08|CS-10,80.84232352,85.03837470,0.19775666,0.74989429,5180000.00000000
1.50000000,Hyderabad,HYD-01|HYD-02|HYD-03|HYD-04|HYD-06|CS-07|CS-08|CS-10,87.92571153,92.12176271,0.19775666,0.74989429,5180000.00000000
2.00000000,Hyderabad,HYD-01|HYD-02|HYD-03|HYD-04|HYD-06|CS-07|CS-08|CS-10,95.00909954,99.20515072,0.19775666,0.74989429,5180000.00000000
0.00000000,Hyderabad,HYD-03|HYD-05|HYD-06|CS-07|CS-08|CS-10,65.02178402,69.21783520,0.22015046,0.70650161,5180000.00000000
0.50000000,Hyderabad,HYD-03|HYD-05|HYD-06|CS-07|CS-08|CS-10,70.11196672,74.30801789,0.22015046,0.70650161,5180000.00000000
1.00000000,Hyderabad,HYD-03|HYD-05|HYD-06|CS-07|CS-08|CS-10,75.20214942,79.39820059,0.22015046,0.70650161,5180000.00000000
1.50000000,Hyderabad,HYD-03|HYD-05|HYD-06|CS-07|CS-08|CS-10,80.29233211,84.48838329,0.22015046,0.70650161,5180000.00000000
2.00000000,Hyderabad,HYD-03|HYD-05|HYD-06|CS-07|CS-08|CS-10,85.38251481,89.57856599,0.22015046,0.70650161,5180000.00000000
0.00000000,Hyderabad,HYD-01|HYD-03|HYD-05|HYD-06|CS-07|CS-08|CS-10,66.34799470,70.54404587,0.21634410,0.71930362,5180000.00000000
0.50000000,Hyderabad,HYD-01|HYD-03|HYD-05|HYD-06|CS-07|CS-08|CS-10,72.41072161,76.60677279,0.21634410,0.71930362,5180000.00000000
1.00000000,Hyderabad,HYD-01|HYD-03|HYD-05|HYD-06|CS-07|CS-08|CS-10,78.47344853,82.66949970,0.21634410,0.71930362,5180000.00000000
1.50000000,Hyderabad,HYD-01|HYD-03|HYD-05|HYD-06|CS-07|CS-08|CS-10,84.53617544,88.73222662,0.21634410,0.71930362,5180000.00000000
2.00000000,Hyderabad,HYD-01|HYD-03|HYD-05|HYD-06|CS-07|CS-08|CS-10,90.59890236,94.79495353,0.21634410,0.71930362,5180000.00000000
0.00000000,Hyderabad,HYD-02|HYD-03|HYD-05|HYD-06|CS-07|CS-08|CS-10,63.11447207,67.31052325,0.16528988,0.78599653,5180000.00000000
0.50000000,Hyderabad,HYD-02|HYD-03|HYD-05|HYD-06|CS-07|CS-08|CS-10,69.14803724,73.34408841,0.16528988,0.78599653,5180000.00000000
1.00000000,Hyderabad,HYD-02|HYD-03|HYD-05|HYD-06|CS-07|CS-08|CS-10,75.18160241,79.37765358,0.16528988,0.78599653,5180000.00000000
1.50000000,Hyderabad,HYD-02|HYD-03|HYD-05|HYD-06|CS-07|CS-08|CS-10,81.21516758,85.41121875,0.16528988,0.78599653,5180000.00000000
2.00000000,Hyderabad,HYD-02|HYD-03|HYD-05|HYD-06|CS-07|CS-08|CS-10,87.24873275,91.44478392,0.16528988,0.78599653,5180000.00000000
0.00000000,Hyderabad,HYD-01|HYD-02|HYD-03|HYD-05|HYD-06|CS-07|CS-08|CS-10,64.44068275,68.63673392,0.16148354,0.79879854,5180000.00000000
0.50000000,Hyderabad,HYD-01|HYD-02|HYD-03|HYD-05|HYD-06|CS-07|CS-08|CS-10,71.44679213,75.64284331,0.16148354,0.79879854,5180000.00000000
1.00000000,Hyderabad,HYD-01|HYD-02|HYD-03|HYD-05|HYD-06|CS-07|CS-08|CS-10,78.45290152,82.64895270,0.16148354,0.79879854,5180000.00000000
1.50000000,Hyderabad,HYD-01|HYD-02|HYD-03|HYD-05|HYD-06|CS-07|CS-08|CS-10,85.45901091,89.65506208,0.16148354,0.79879854,5180000.00000000
2.00000000,Hyderabad,HYD-01|HYD-02|HYD-03|HYD-05|HYD-06|CS-07|CS-08|CS-10,92.46512029,96.66117147,0.16148354,0.79879854,5180000.00000000
0.00000000,Hyderabad,HYD-02|HYD-04|HYD-05|HYD-06|CS-07|CS-08|CS-10,65.11177879,69.30782997,0.20177242,0.74336206,5180000.00000000
0.50000000,Hyderabad,HYD-02|HYD-04|HYD-05|HYD-06|CS-07|CS-08|CS-10,71.12638883,75.32244000,0.20177242,0.74336206,5180000.00000000
1.00000000,Hyderabad,HYD-02|HYD-04|HYD-05|HYD-06|CS-07|CS-08|CS-10,77.14099886,81.33705004,0.20177242,0.74336206,5180000.00000000
1.50000000,Hyderabad,HYD-02|HYD-04|HYD-05|HYD-06|CS-07|CS-08|CS-10,83.15560890,87.35166007,0.20177242,0.74336206,5180000.00000000
2.00000000,Hyderabad,HYD-02|HYD-04|HYD-05|HYD-06|CS-07|CS-08|CS-10,89.17021893,93.36627011,0.20177242,0.74336206,5180000.00000000
0.00000000,Hyderabad,HYD-01|HYD-02|HYD-04|HYD-05|HYD-06|CS-07|CS-08|CS-10,66.61850640,70.81455757,0.20139436,0.74336206,5180000.00000000
0.50000000,Hyderabad,HYD-01|HYD-02|HYD-04|HYD-05|HYD-06|CS-07|CS-08|CS-10,73.60566065,77.80171182,0.20139436,0.74336206,5180000.00000000
1.00000000,Hyderabad,HYD-01|HYD-02|HYD-04|HYD-05|HYD-06|CS-07|CS-08|CS-10,80.59281490,84.78886607,0.20139436,0.74336206,5180000.00000000
1.50000000,Hyderabad,HYD-01|HYD-02|HYD-04|HYD-05|HYD-06|CS-07|CS-08|CS-10,87.57996915,91.77602033,0.20139436,0.74336206,5180000.00000000
2.00000000,Hyderabad,HYD-01|HYD-02|HYD-04|HYD-05|HYD-06|CS-07|CS-08|CS-10,94.56712340,98.76317458,0.20139436,0.74336206,5180000.00000000
0.00000000,Hyderabad,HYD-03|HYD-04|HYD-05|HYD-06|CS-07|CS-08|CS-10,64.08620172,68.28225289,0.18580617,0.74537422,5180000.00000000
0.50000000,Hyderabad,HYD-03|HYD-04|HYD-05|HYD-06|CS-07|CS-08|CS-10,70.01332652,74.20937769,0.18580617,0.74537422,5180000.00000000
1.00000000,Hyderabad,HYD-03|HYD-04|HYD-05|HYD-06|CS-07|CS-08|CS-10,75.94045131,80.13650249,0.18580617,0.74537422,5180000.00000000
1.50000000,Hyderabad,HYD-03|HYD-04|HYD-05|HYD-06|CS-07|CS-08|CS-10,81.86757611,86.06362729,0.18580617,0.74537422,5180000.00000000
2.00000000,Hyderabad,HYD-03|HYD-04|HYD-05|HYD-06|CS-07|CS-08|CS-10,87.79470091,91.99075209,0.18580617,0.74537422,5180000.00000000
0.00000000,Hyderabad,HYD-01|HYD-03|HYD-04|HYD-05|HYD-06|CS-07|CS-08|CS-10,65.59292932,69.78898050,0.18542813,0.74537422,5180000.00000000
0.50000000,Hyderabad,HYD-01|HYD-03|HYD-04|HYD-05|HYD-06|CS-07|CS-08|CS-10,72.49259834,76.68864951,0.18542813,0.74537422,5180000.00000000
1.00000000,Hyderabad,HYD-01|HYD-03|HYD-04|HYD-05|HYD-06|CS-07|CS-08|CS-10,79.39226735,83.58831853,0.18542813,0.74537422,5180000.00000000
1.50000000,Hyderabad,HYD-01|HYD-03|HYD-04|HYD-05|HYD-06|CS-07|CS-08|CS-10,86.29193636,90.48798754,0.18542813,0.74537422,5180000.00000000
2.00000000,Hyderabad,HYD-01|HYD-03|HYD-04|HYD-05|HYD-06|CS-07|CS-08|CS-10,93.19160538,97.38765655,0.18542813,0.74537422,5180000.00000000
0.00000000,Hyderabad,HYD-02|HYD-03|HYD-04|HYD-05|HYD-06|CS-07|CS-08|CS-10,62.17888977,66.37494094,0.13094559,0.82486914,5180000.00000000
0.50000000,Hyderabad,HYD-02|HYD-03|HYD-04|HYD-05|HYD-06|CS-07|CS-08|CS-10,69.04939704,73.24544821,0.13094559,0.82486914,5180000.00000000
1.00000000,Hyderabad,HYD-02|HYD-03|HYD-04|HYD-05|HYD-06|CS-07|CS-08|CS-10,75.91990431,80.11595548,0.13094559,0.82486914,5180000.00000000
1.50000000,Hyderabad,HYD-02|HYD-03|HYD-04|HYD-05|HYD-06|CS-07|CS-08|CS-10,82.79041157,86.98646275,0.13094559,0.82486914,5180000.00000000
2.00000000,Hyderabad,HYD-02|HYD-03|HYD-04|HYD-05|HYD-06|CS-07|CS-08|CS-10,89.66091884,93.85697002,0.13094559,0.82486914,5180000.00000000
0.00000000,Hyderabad,HYD-01|HYD-02|HYD-03|HYD-04|HYD-05|HYD-06|CS-07|CS-08|CS-10,63.68561737,67.88166855,0.13056755,0.82486914,5180000.00000000
0.50000000,Hyderabad,HYD-01|HYD-02|HYD-03|HYD-04|HYD-05|HYD-06|CS-07|CS-08|CS-10,71.52866886,75.72472003,0.13056755,0.82486914,5180000.00000000
1.00000000,Hyderabad,HYD-01|HYD-02|HYD-03|HYD-04|HYD-05|HYD-06|CS-07|CS-08|CS-10,79.37172034,83.56777152,0.13056755,0.82486914,5180000.00000000
1.50000000,Hyderabad,HYD-01|HYD-02|HYD-03|HYD-04|HYD-05|HYD-06|CS-07|CS-08|CS-10,87.21477183,91.41082300,0.13056755,0.82486914,5180000.00000000
2.00000000,Hyderabad,HYD-01|HYD-02|HYD-03|HYD-04|HYD-05|HYD-06|CS-07|CS-08|CS-10,95.05782331,99.25387449,0.13056755,0.82486914,5180000.00000000
0.00000000,Hyderabad,HYD-02|HYD-03|HYD-04|CS-06|CS-07|CS-08|CS-10,67.61486413,73.20419871,0.21854380,0.72456731,6900000.00000000
0.50000000,Hyderabad,HYD-02|HYD-03|HYD-04|CS-06|CS-07|CS-08|CS-10,73.71550131,79.30483589,0.21854380,0.72456731,6900000.00000000
1.00000000,Hyderabad,HYD-02|HYD-03|HYD-04|CS-06|CS-07|CS-08|CS-10,79.81613850,85.40547307,0.21854380,0.72456731,6900000.00000000
1.50000000,Hyderabad,HYD-02|HYD-03|HYD-04|CS-06|CS-07|CS-08|CS-10,85.91677568,91.50611026,0.21854380,0.72456731,6900000.00000000
2.00000000,Hyderabad,HYD-02|HYD-03|HYD-04|CS-06|CS-07|CS-08|CS-10,92.01741287,97.60674744,0.21854380,0.72456731,6900000.00000000
0.00000000,Hyderabad,HYD-01|HYD-02|HYD-03|HYD-04|CS-06|CS-07|CS-08|CS-10,69.10136317,74.69069775,0.21773025,0.72800840,6900000.00000000
0.50000000,Hyderabad,HYD-01|HYD-02|HYD-03|HYD-04|CS-06|CS-07|CS-08|CS-10,76.17454457,81.76387915,0.21773025,0.72800840,6900000.00000000
1.00000000,Hyderabad,HYD-01|HYD-02|HYD-03|HYD-04|CS-06|CS-07|CS-08|CS-10,83.24772597,88.83706055,0.21773025,0.72800840,6900000.00000000
1.50000000,Hyderabad,HYD-01|HYD-02|HYD-03|HYD-04|CS-06|CS-07|CS-08|CS-10,90.32090737,95.91024195,0.21773025,0.72800840,6900000.00000000
2.00000000,Hyderabad,HYD-01|HYD-02|HYD-03|HYD-04|CS-06|CS-07|CS-08|CS-10,97.39408877,102.98342335,0.21773025,0.72800840,6900000.00000000
0.00000000,Hyderabad,HYD-03|HYD-05|CS-06|CS-07|CS-08|CS-10,66.59566268,72.18499726,0.22309411,0.69848213,6900000.00000000
0.50000000,Hyderabad,HYD-03|HYD-05|CS-06|CS-07|CS-08|CS-10,71.67563877,77.26497335,0.22309411,0.69848213,6900000.00000000
1.00000000,Hyderabad,HYD-03|HYD-05|CS-06|CS-07|CS-08|CS-10,76.75561486,82.34494943,0.22309411,0.69848213,6900000.00000000
1.50000000,Hyderabad,HYD-03|HYD-05|CS-06|CS-07|CS-08|CS-10,81.83559094,87.42492552,0.22309411,0.69848213,6900000.00000000
2.00000000,Hyderabad,HYD-03|HYD-05|CS-06|CS-07|CS-08|CS-10,86.91556703,92.50490161,0.22309411,0.69848213,6900000.00000000
0.00000000,Hyderabad,HYD-01|HYD-03|HYD-05|CS-06|CS-07|CS-08|CS-10,67.94063475,73.52996932,0.21969275,0.71231938,6900000.00000000
0.50000000,Hyderabad,HYD-01|HYD-03|HYD-05|CS-06|CS-07|CS-08|CS-10,73.99315505,79.58248963,0.21969275,0.71231938,6900000.00000000
1.00000000,Hyderabad,HYD-01|HYD-03|HYD-05|CS-06|CS-07|CS-08|CS-10,80.04567535,85.63500993,0.21969275,0.71231938,6900000.00000000
1.50000000,Hyderabad,HYD-01|HYD-03|HYD-05|CS-06|CS-07|CS-08|CS-10,86.09819566,91.68753023,0.21969275,0.71231938,6900000.00000000
2.00000000,Hyderabad,HYD-01|HYD-03|HYD-05|CS-06|CS-07|CS-08|CS-10,92.15071596,97.74005054,0.21969275,0.71231938,6900000.00000000
0.00000000,Hyderabad,HYD-02|HYD-03|HYD-05|CS-06|CS-07|CS-08|CS-10,64.68835073,70.27768531,0.16823354,0.77797705,6900000.00000000
0.50000000,Hyderabad,HYD-02|HYD-03|HYD-05|CS-06|CS-07|CS-08|CS-10,70.71170929,76.30104387,0.16823354,0.77797705,6900000.00000000
1.00000000,Hyderabad,HYD-02|HYD-03|HYD-05|CS-06|CS-07|CS-08|CS-10,76.73506785,82.32440243,0.16823354,0.77797705,6900000.00000000
1.50000000,Hyderabad,HYD-02|HYD-03|HYD-05|CS-06|CS-07|CS-08|CS-10,82.75842641,88.34776098,0.16823354,0.77797705,6900000.00000000
2.00000000,Hyderabad,HYD-02|HYD-03|HYD-05|CS-06|CS-07|CS-08|CS-10,88.78178497,94.37111954,0.16823354,0.77797705,6900000.00000000
0.00000000,Hyderabad,HYD-01|HYD-02|HYD-03|HYD-05|CS-06|CS-07|CS-08|CS-10,66.03332280,71.62265737,0.16483217,0.79181430,6900000.00000000
0.50000000,Hyderabad,HYD-01|HYD-02|HYD-03|HYD-05|CS-06|CS-07|CS-08|CS-10,73.02922557,78.61856015,0.16483217,0.79181430,6900000.00000000
1.00000000,Hyderabad,HYD-01|HYD-02|HYD-03|HYD-05|CS-06|CS-07|CS-08|CS-10,80.02512835,85.61446292,0.16483217,0.79181430,6900000.00000000
1.50000000,Hyderabad,HYD-01|HYD-02|HYD-03|HYD-05|CS-06|CS-07|CS-08|CS-10,87.02103112,92.61036570,0.16483217,0.79181430,6900000.00000000
2.00000000,Hyderabad,HYD-01|HYD-02|HYD-03|HYD-05|CS-06|CS-07|CS-08|CS-10,94.01693389,99.60626847,0.16483217,0.79181430,6900000.00000000
0.00000000,Hyderabad,HYD-01|HYD-02|HYD-04|HYD-05|CS-06|CS-07|CS-08|CS-10,69.15728061,74.74661518,0.22313219,0.72147617,6900000.00000000
0.50000000,Hyderabad,HYD-01|HYD-02|HYD-04|HYD-05|CS-06|CS-07|CS-08|CS-10,76.13422825,81.72356282,0.22313219,0.72147617,6900000.00000000
1.00000000,Hyderabad,HYD-01|HYD-02|HYD-04|HYD-05|CS-06|CS-07|CS-08|CS-10,83.11117589,88.70051046,0.22313219,0.72147617,6900000.00000000
1.50000000,Hyderabad,HYD-01|HYD-02|HYD-04|HYD-05|CS-06|CS-07|CS-08|CS-10,90.08812353,95.67745810,0.22313219,0.72147617,6900000.00000000
2.00000000,Hyderabad,HYD-01|HYD-02|HYD-04|HYD-05|CS-06|CS-07|CS-08|CS-10,97.06507117,102.65440574,0.22313219,0.72147617,6900000.00000000
0.00000000,Hyderabad,HYD-03|HYD-04|HYD-05|CS-06|CS-07|CS-08|CS-10,66.53224595,72.12158053,0.20621526,0.72004724,6900000.00000000
0.50000000,Hyderabad,HYD-03|HYD-04|HYD-05|CS-06|CS-07|CS-08|CS-10,72.44916414,78.03849872,0.20621526,0.72004724,6900000.00000000
1.00000000,Hyderabad,HYD-03|HYD-04|HYD-05|CS-06|CS-07|CS-08|CS-10,78.36608233,83.95541690,0.20621526,0.72004724,6900000.00000000
1.50000000,Hyderabad,HYD-03|HYD-04|HYD-05|CS-06|CS-07|CS-08|CS-10,84.28300051,89.87233509,0.20621526,0.72004724,6900000.00000000
2.00000000,Hyderabad,HYD-03|HYD-04|HYD-05|CS-06|CS-07|CS-08|CS-10,90.19991870,95.78925328,0.20621526,0.72004724,6900000.00000000
0.00000000,Hyderabad,HYD-01|HYD-03|HYD-04|HYD-05|CS-06|CS-07|CS-08|CS-10,68.01874500,73.60807957,0.20540172,0.72348833,6900000.00000000
0.50000000,Hyderabad,HYD-01|HYD-03|HYD-04|HYD-05|CS-06|CS-07|CS-08|CS-10,74.90820740,80.49754198,0.20540172,0.72348833,6900000.00000000
1.00000000,Hyderabad,HYD-01|HYD-03|HYD-04|HYD-05|CS-06|CS-07|CS-08|CS-10,81.79766980,87.38700438,0.20540172,0.72348833,6900000.00000000
1.50000000,Hyderabad,HYD-01|HYD-03|HYD-04|HYD-05|CS-06|CS-07|CS-08|CS-10,88.68713220,94.27646678,0.20540172,0.72348833,6900000.00000000
2.00000000,Hyderabad,HYD-01|HYD-03|HYD-04|HYD-05|CS-06|CS-07|CS-08|CS-10,95.57659461,101.16592919,0.20540172,0.72348833,6900000.00000000
0.00000000,Hyderabad,HYD-02|HYD-03|HYD-04|HYD-05|CS-06|CS-07|CS-08|CS-10,64.62493400,70.21426858,0.15135467,0.79954216,6900000.00000000
0.50000000,Hyderabad,HYD-02|HYD-03|HYD-04|HYD-05|CS-06|CS-07|CS-08|CS-10,71.48523466,77.07456924,0.15135467,0.79954216,6900000.00000000
1.00000000,Hyderabad,HYD-02|HYD-03|HYD-04|HYD-05|CS-06|CS-07|CS-08|CS-10,78.34553532,83.93486989,0.15135467,0.79954216,6900000.00000000
1.50000000,Hyderabad,HYD-02|HYD-03|HYD-04|HYD-05|CS-06|CS-07|CS-08|CS-10,85.20583597,90.79517055,0.15135467,0.79954216,6900000.00000000
2.00000000,Hyderabad,HYD-02|HYD-03|HYD-04|HYD-05|CS-06|CS-07|CS-08|CS-10,92.06613663,97.65547121,0.15135467,0.79954216,6900000.00000000
0.00000000,Hyderabad,HYD-01|HYD-02|HYD-03|HYD-04|HYD-05|CS-06|CS-07|CS-08|CS-10,66.11143305,71.70076762,0.15054113,0.80298325,6900000.00000000
0.50000000,Hyderabad,HYD-01|HYD-02|HYD-03|HYD-04|HYD-05|CS-06|CS-07|CS-08|CS-10,73.94427792,79.53361250,0.15054113,0.80298325,6900000.00000000
1.00000000,Hyderabad,HYD-01|HYD-02|HYD-03|HYD-04|HYD-05|CS-06|CS-07|CS-08|CS-10,81.77712279,87.36645737,0.15054113,0.80298325,6900000.00000000
1.50000000,Hyderabad,HYD-01|HYD-02|HYD-03|HYD-04|HYD-05|CS-06|CS-07|CS-08|CS-10,89.60996767,95.19930225,0.15054113,0.80298325,6900000.00000000
2.00000000,Hyderabad,HYD-01|HYD-02|HYD-03|HYD-04|HYD-05|CS-06|CS-07|CS-08|CS-10,97.44281254,103.03214712,0.15054113,0.80298325,6900000.00000000
0.00000000,Hyderabad,HYD-01|HYD-03|HYD-06|CS-06|CS-07|CS-08|CS-10,67.97508400,73.56441857,0.22263400,0.72703148,6900000.00000000
0.50000000,Hyderabad,HYD-01|HYD-03|HYD-06|CS-06|CS-07|CS-08|CS-10,74.14425128,79.73358586,0.22263400,0.72703148,6900000.00000000
1.00000000,Hyderabad,HYD-01|HYD-03|HYD-06|CS-06|CS-07|CS-08|CS-10,80.31341857,85.90275315,0.22263400,0.72703148,6900000.00000000
1.50000000,Hyderabad,HYD-01|HYD-03|HYD-06|CS-06|CS-07|CS-08|CS-10,86.48258586,92.07192043,0.22263400,0.72703148,6900000.00000000
2.00000000,Hyderabad,HYD-01|HYD-03|HYD-06|CS-06|CS-07|CS-08|CS-10,92.65175314,98.24108772,0.22263400,0.72703148,6900000.00000000
0.00000000,Hyderabad,HYD-02|HYD-03|HYD-06|CS-06|CS-07|CS-08|CS-10,64.70253764,70.29187222,0.17073913,0.79613024,6900000.00000000
0.50000000,Hyderabad,HYD-02|HYD-03|HYD-06|CS-06|CS-07|CS-08|CS-10,70.84254318,76.43187776,0.17073913,0.79613024,6900000.00000000
1.00000000,Hyderabad,HYD-02|HYD-03|HYD-06|CS-06|CS-07|CS-08|CS-10,76.98254872,82.57188330,0.17073913,0.79613024,6900000.00000000
1.50000000,Hyderabad,HYD-02|HYD-03|HYD-06|CS-06|CS-07|CS-08|CS-10,83.12255426,88.71188884,0.17073913,0.79613024,6900000.00000000
2.00000000,Hyderabad,HYD-02|HYD-03|HYD-06|CS-06|CS-07|CS-08|CS-10,89.26255980,94.85189438,0.17073913,0.79613024,6900000.00000000
0.00000000,Hyderabad,HYD-01|HYD-02|HYD-03|HYD-06|CS-06|CS-07|CS-08|CS-10,66.06773826,71.65707284,0.16777326,0.80652640,6900000.00000000
0.50000000,Hyderabad,HYD-01|HYD-02|HYD-03|HYD-06|CS-06|CS-07|CS-08|CS-10,73.18028802,78.76962259,0.16777326,0.80652640,6900000.00000000
1.00000000,Hyderabad,HYD-01|HYD-02|HYD-03|HYD-06|CS-06|CS-07|CS-08|CS-10,80.29283777,85.88217235,0.16777326,0.80652640,6900000.00000000
1.50000000,Hyderabad,HYD-01|HYD-02|HYD-03|HYD-06|CS-06|CS-07|CS-08|CS-10,87.40538753,92.99472211,0.16777326,0.80652640,6900000.00000000
2.00000000,Hyderabad,HYD-01|HYD-02|HYD-03|HYD-06|CS-06|CS-07|CS-08|CS-10,94.51793729,100.10727187,0.16777326,0.80652640,6900000.00000000
0.00000000,Hyderabad,HYD-03|HYD-04|HYD-06|CS-06|CS-07|CS-08|CS-10,66.54646664,72.13580122,0.20872103,0.73820043,6900000.00000000
0.50000000,Hyderabad,HYD-03|HYD-04|HYD-06|CS-06|CS-07|CS-08|CS-10,72.58003181,78.16936639,0.20872103,0.73820043,6900000.00000000
1.00000000,Hyderabad,HYD-03|HYD-04|HYD-06|CS-06|CS-07|CS-08|CS-10,78.61359698,84.20293156,0.20872103,0.73820043,6900000.00000000
1.50000000,Hyderabad,HYD-03|HYD-04|HYD-06|CS-06|CS-07|CS-08|CS-10,84.64716215,90.23649673,0.20872103,0.73820043,6900000.00000000
2.00000000,Hyderabad,HYD-03|HYD-04|HYD-06|CS-06|CS-07|CS-08|CS-10,90.68072732,96.27006190,0.20872103,0.73820043,6900000.00000000
0.00000000,Hyderabad,HYD-01|HYD-03|HYD-04|HYD-06|CS-06|CS-07|CS-08|CS-10,68.05319425,73.64252882,0.20834297,0.73820043,6900000.00000000
0.50000000,Hyderabad,HYD-01|HYD-03|HYD-04|HYD-06|CS-06|CS-07|CS-08|CS-10,75.05930363,80.64863821,0.20834297,0.73820043,6900000.00000000
1.00000000,Hyderabad,HYD-01|HYD-03|HYD-04|HYD-06|CS-06|CS-07|CS-08|CS-10,82.06541302,87.65474759,0.20834297,0.73820043,6900000.00000000
1.50000000,Hyderabad,HYD-01|HYD-03|HYD-04|HYD-06|CS-06|CS-07|CS-08|CS-10,89.07152240,94.66085698,0.20834297,0.73820043,6900000.00000000
2.00000000,Hyderabad,HYD-01|HYD-03|HYD-04|HYD-06|CS-06|CS-07|CS-08|CS-10,96.07763179,101.66696637,0.20834297,0.73820043,6900000.00000000
0.00000000,Hyderabad,HYD-02|HYD-03|HYD-04|HYD-06|CS-06|CS-07|CS-08|CS-10,64.63912091,70.22845548,0.15386027,0.81769535,6900000.00000000
0.50000000,Hyderabad,HYD-02|HYD-03|HYD-04|HYD-06|CS-06|CS-07|CS-08|CS-10,71.61606855,77.20540312,0.15386027,0.81769535,6900000.00000000
1.00000000,Hyderabad,HYD-02|HYD-03|HYD-04|HYD-06|CS-06|CS-07|CS-08|CS-10,78.59301619,84.18235076,0.15386027,0.81769535,6900000.00000000
1.50000000,Hyderabad,HYD-02|HYD-03|HYD-04|HYD-06|CS-06|CS-07|CS-08|CS-10,85.56996383,91.15929840,0.15386027,0.81769535,6900000.00000000
2.00000000,Hyderabad,HYD-02|HYD-03|HYD-04|HYD-06|CS-06|CS-07|CS-08|CS-10,92.54691147,98.13624604,0.15386027,0.81769535,6900000.00000000
0.00000000,Hyderabad,HYD-01|HYD-02|HYD-03|HYD-04|HYD-06|CS-06|CS-07|CS-08|CS-10,66.14584851,71.73518309,0.15348223,0.81769535,6900000.00000000
0.50000000,Hyderabad,HYD-01|HYD-02|HYD-03|HYD-04|HYD-06|CS-06|CS-07|CS-08|CS-10,74.09534037,79.68467494,0.15348223,0.81769535,6900000.00000000
1.00000000,Hyderabad,HYD-01|HYD-02|HYD-03|HYD-04|HYD-06|CS-06|CS-07|CS-08|CS-10,82.04483222,87.63416680,0.15348223,0.81769535,6900000.00000000
1.50000000,Hyderabad,HYD-01|HYD-02|HYD-03|HYD-04|HYD-06|CS-06|CS-07|CS-08|CS-10,89.99432408,95.58365866,0.15348223,0.81769535,6900000.00000000
2.00000000,Hyderabad,HYD-01|HYD-02|HYD-03|HYD-04|HYD-06|CS-06|CS-07|CS-08|CS-10,97.94381594,103.53315051,0.15348223,0.81769535,6900000.00000000
0.00000000,Hyderabad,HYD-02|HYD-05|HYD-06|CS-06|CS-07|CS-08|CS-10,64.64549654,70.23483111,0.17437682,0.78959801,6900000.00000000
0.50000000,Hyderabad,HYD-02|HYD-05|HYD-06|CS-06|CS-07|CS-08|CS-10,70.68926832,76.27860289,0.17437682,0.78959801,6900000.00000000
1.00000000,Hyderabad,HYD-02|HYD-05|HYD-06|CS-06|CS-07|CS-08|CS-10,76.73304010,82.32237467,0.17437682,0.78959801,6900000.00000000
1.50000000,Hyderabad,HYD-02|HYD-05|HYD-06|CS-06|CS-07|CS-08|CS-10,82.77681188,88.36614645,0.17437682,0.78959801,6900000.00000000
2.00000000,Hyderabad,HYD-02|HYD-05|HYD-06|CS-06|CS-07|CS-08|CS-10,88.82058366,94.40991823,0.17437682,0.78959801,6900000.00000000
0.00000000,Hyderabad,HYD-01|HYD-02|HYD-05|HYD-06|CS-06|CS-07|CS-08|CS-10,66.01069716,71.60003174,0.17141096,0.79999417,6900000.00000000
0.50000000,Hyderabad,HYD-01|HYD-02|HYD-05|HYD-06|CS-06|CS-07|CS-08|CS-10,73.02701315,78.61634773,0.17141096,0.79999417,6900000.00000000
1.00000000,Hyderabad,HYD-01|HYD-02|HYD-05|HYD-06|CS-06|CS-07|CS-08|CS-10,80.04332915,85.63266373,0.17141096,0.79999417,6900000.00000000
1.50000000,Hyderabad,HYD-01|HYD-02|HYD-05|HYD-06|CS-06|CS-07|CS-08|CS-10,87.05964515,92.64897973,0.17141096,0.79999417,6900000.00000000
2.00000000,Hyderabad,HYD-01|HYD-02|HYD-05|HYD-06|CS-06|CS-07|CS-08|CS-10,94.07596114,99.66529572,0.17141096,0.79999417,6900000.00000000
0.00000000,Hyderabad,HYD-03|HYD-05|HYD-06|CS-06|CS-07|CS-08|CS-10,63.61991946,69.20925404,0.15841058,0.79161017,6900000.00000000
0.50000000,Hyderabad,HYD-03|HYD-05|HYD-06|CS-06|CS-07|CS-08|CS-10,69.57620600,75.16554058,0.15841058,0.79161017,6900000.00000000
1.00000000,Hyderabad,HYD-03|HYD-05|HYD-06|CS-06|CS-07|CS-08|CS-10,75.53249255,81.12182712,0.15841058,0.79161017,6900000.00000000
1.50000000,Hyderabad,HYD-03|HYD-05|HYD-06|CS-06|CS-07|CS-08|CS-10,81.48877909,87.07811367,0.15841058,0.79161017,6900000.00000000
2.00000000,Hyderabad,HYD-03|HYD-05|HYD-06|CS-06|CS-07|CS-08|CS-10,87.44506563,93.03440021,0.15841058,0.79161017,6900000.00000000
0.00000000,Hyderabad,HYD-01|HYD-03|HYD-05|HYD-06|CS-06|CS-07|CS-08|CS-10,64.98512008,70.57445466,0.15544473,0.80200633,6900000.00000000
0.50000000,Hyderabad,HYD-01|HYD-03|HYD-05|HYD-06|CS-06|CS-07|CS-08|CS-10,71.91395084,77.50328542,0.15544473,0.80200633,6900000.00000000
1.00000000,Hyderabad,HYD-01|HYD-03|HYD-05|HYD-06|CS-06|CS-07|CS-08|CS-10,78.84278160,84.43211618,0.15544473,0.80200633,6900000.00000000
1.50000000,Hyderabad,HYD-01|HYD-03|HYD-05|HYD-06|CS-06|CS-07|CS-08|CS-10,85.77161236,91.36094694,0.15544473,0.80200633,6900000.00000000
2.00000000,Hyderabad,HYD-01|HYD-03|HYD-05|HYD-06|CS-06|CS-07|CS-08|CS-10,92.70044312,98.28977770,0.15544473,0.80200633,6900000.00000000
0.00000000,Hyderabad,HYD-02|HYD-03|HYD-05|HYD-06|CS-06|CS-07|CS-08|CS-10,61.71260751,67.30194209,0.10355000,0.87110508,6900000.00000000
0.50000000,Hyderabad,HYD-02|HYD-03|HYD-05|HYD-06|CS-06|CS-07|CS-08|CS-10,68.61227653,74.20161110,0.10355000,0.87110508,6900000.00000000
1.00000000,Hyderabad,HYD-02|HYD-03|HYD-05|HYD-06|CS-06|CS-07|CS-08|CS-10,75.51194554,81.10128012,0.10355000,0.87110508,6900000.00000000
1.50000000,Hyderabad,HYD-02|HYD-03|HYD-05|HYD-06|CS-06|CS-07|CS-08|CS-10,82.41161455,88.00094913,0.10355000,0.87110508,6900000.00000000
2.00000000,Hyderabad,HYD-02|HYD-03|HYD-05|HYD-06|CS-06|CS-07|CS-08|CS-10,89.31128357,94.90061815,0.10355000,0.87110508,6900000.00000000
0.00000000,Hyderabad,HYD-01|HYD-02|HYD-03|HYD-05|HYD-06|CS-06|CS-07|CS-08|CS-10,63.07780813,68.66714271,0.10058414,0.88150125,6900000.00000000
0.50000000,Hyderabad,HYD-01|HYD-02|HYD-03|HYD-05|HYD-06|CS-06|CS-07|CS-08|CS-10,70.95002136,76.53935594,0.10058414,0.88150125,6900000.00000000
1.00000000,Hyderabad,HYD-01|HYD-02|HYD-03|HYD-05|HYD-06|CS-06|CS-07|CS-08|CS-10,78.82223460,84.41156917,0.10058414,0.88150125,6900000.00000000
1.50000000,Hyderabad,HYD-01|HYD-02|HYD-03|HYD-05|HYD-06|CS-06|CS-07|CS-08|CS-10,86.69444783,92.28378240,0.10058414,0.88150125,6900000.00000000
2.00000000,Hyderabad,HYD-01|HYD-02|HYD-03|HYD-05|HYD-06|CS-06|CS-07|CS-08|CS-10,94.56666106,100.15599563,0.10058414,0.88150125,6900000.00000000
0.00000000,Hyderabad,HYD-02|HYD-04|HYD-05|HYD-06|CS-06|CS-07|CS-08|CS-10,64.58207981,70.17141438,0.15749797,0.81116312,6900000.00000000
0.50000000,Hyderabad,HYD-02|HYD-04|HYD-05|HYD-06|CS-06|CS-07|CS-08|CS-10,71.46279368,77.05212826,0.15749797,0.81116312,6900000.00000000
1.00000000,Hyderabad,HYD-02|HYD-04|HYD-05|HYD-06|CS-06|CS-07|CS-08|CS-10,78.34350756,83.93284214,0.15749797,0.81116312,6900000.00000000
1.50000000,Hyderabad,HYD-02|HYD-04|HYD-05|HYD-06|CS-06|CS-07|CS-08|CS-10,85.22422144,90.81355602,0.15749797,0.81116312,6900000.00000000
2.00000000,Hyderabad,HYD-02|HYD-04|HYD-05|HYD-06|CS-06|CS-07|CS-08|CS-10,92.10493532,97.69426990,0.15749797,0.81116312,6900000.00000000
0.00000000,Hyderabad,HYD-01|HYD-02|HYD-04|HYD-05|HYD-06|CS-06|CS-07|CS-08|CS-10,66.08880741,71.67814199,0.15711993,0.81116312,6900000.00000000
0.50000000,Hyderabad,HYD-01|HYD-02|HYD-04|HYD-05|HYD-06|CS-06|CS-07|CS-08|CS-10,73.94206550,79.53140008,0.15711993,0.81116312,6900000.00000000
1.00000000,Hyderabad,HYD-01|HYD-02|HYD-04|HYD-05|HYD-06|CS-06|CS-07|CS-08|CS-10,81.79532360,87.38465818,0.15711993,0.81116312,6900000.00000000
1.50000000,Hyderabad,HYD-01|HYD-02|HYD-04|HYD-05|HYD-06|CS-06|CS-07|CS-08|CS-10,89.64858170,95.23791627,0.15711993,0.81116312,6900000.00000000
2.00000000,Hyderabad,HYD-01|HYD-02|HYD-04|HYD-05|HYD-06|CS-06|CS-07|CS-08|CS-10,97.50183979,103.09117437,0.15711993,0.81116312,6900000.00000000
0.00000000,Hyderabad,HYD-03|HYD-04|HYD-05|HYD-06|CS-06|CS-07|CS-08|CS-10,63.55650273,69.14583731,0.14153172,0.81317528,6900000.00000000
0.50000000,Hyderabad,HYD-03|HYD-04|HYD-05|HYD-06|CS-06|CS-07|CS-08|CS-10,70.34973137,75.93906595,0.14153172,0.81317528,6900000.00000000
1.00000000,Hyderabad,HYD-03|HYD-04|HYD-05|HYD-06|CS-06|CS-07|CS-08|CS-10,77.14296002,82.73229459,0.14153172,0.81317528,6900000.00000000
1.50000000,Hyderabad,HYD-03|HYD-04|HYD-05|HYD-06|CS-06|CS-07|CS-08|CS-10,83.93618866,89.52552324,0.14153172,0.81317528,6900000.00000000
2.00000000,Hyderabad,HYD-03|HYD-04|HYD-05|HYD-06|CS-06|CS-07|CS-08|CS-10,90.72941730,96.31875188,0.14153172,0.81317528,6900000.00000000
0.00000000,Hyderabad,HYD-01|HYD-03|HYD-04|HYD-05|HYD-06|CS-06|CS-07|CS-08|CS-10,65.06323033,70.65256491,0.14115366,0.81317528,6900000.00000000
0.50000000,Hyderabad,HYD-01|HYD-03|HYD-04|HYD-05|HYD-06|CS-06|CS-07|CS-08|CS-10,72.82900319,78.41833777,0.14115366,0.81317528,6900000.00000000
1.00000000,Hyderabad,HYD-01|HYD-03|HYD-04|HYD-05|HYD-06|CS-06|CS-07|CS-08|CS-10,80.59477605,86.18411063,0.14115366,0.81317528,6900000.00000000
1.50000000,Hyderabad,HYD-01|HYD-03|HYD-04|HYD-05|HYD-06|CS-06|CS-07|CS-08|CS-10,88.36054891,93.94988349,0.14115366,0.81317528,6900000.00000000
2.00000000,Hyderabad,HYD-01|HYD-03|HYD-04|HYD-05|HYD-06|CS-06|CS-07|CS-08|CS-10,96.12632177,101.71565635,0.14115366,0.81317528,6900000.00000000
0.00000000,Hyderabad,HYD-02|HYD-03|HYD-04|HYD-05|HYD-06|CS-06|CS-07|CS-08|CS-10,61.64919078,67.23852536,0.08667115,0.89267020,6900000.00000000
0.50000000,Hyderabad,HYD-02|HYD-03|HYD-04|HYD-05|HYD-06|CS-06|CS-07|CS-08|CS-10,69.38580189,74.97513647,0.08667115,0.89267020,6900000.00000000
1.00000000,Hyderabad,HYD-02|HYD-03|HYD-04|HYD-05|HYD-06|CS-06|CS-07|CS-08|CS-10,77.12241301,82.71174759,0.08667115,0.89267020,6900000.00000000
1.50000000,Hyderabad,HYD-02|HYD-03|HYD-04|HYD-05|HYD-06|CS-06|CS-07|CS-08|CS-10,84.85902412,90.44835870,0.08667115,0.89267020,6900000.00000000
2.00000000,Hyderabad,HYD-02|HYD-03|HYD-04|HYD-05|HYD-06|CS-06|CS-07|CS-08|CS-10,92.59563523,98.18496981,0.08667115,0.89267020,6900000.00000000
0.00000000,Hyderabad,HYD-01|HYD-02|HYD-03|HYD-04|HYD-05|HYD-06|CS-06|CS-07|CS-08|CS-10,63.15591838,68.74525296,0.08629311,0.89267020,6900000.00000000
0.50000000,Hyderabad,HYD-01|HYD-02|HYD-03|HYD-04|HYD-05|HYD-06|CS-06|CS-07|CS-08|CS-10,71.86507371,77.45440829,0.08629311,0.89267020,6900000.00000000
1.00000000,Hyderabad,HYD-01|HYD-02|HYD-03|HYD-04|HYD-05|HYD-06|CS-06|CS-07|CS-08|CS-10,80.57422904,86.16356362,0.08629311,0.89267020,6900000.00000000
1.50000000,Hyderabad,HYD-01|HYD-02|HYD-03|HYD-04|HYD-05|HYD-06|CS-06|CS-07|CS-08|CS-10,89.28338437,94.87271895,0.08629311,0.89267020,6900000.00000000
2.00000000,Hyderabad,HYD-01|HYD-02|HYD-03|HYD-04|HYD-05|HYD-06|CS-06|CS-07|CS-08|CS-10,97.99253970,103.58187428,0.08629311,0.89267020,6900000.00000000
0.00000000,Hyderabad,HYD-02|HYD-03|HYD-04|HYD-05|HYD-06|CS-09|CS-10,67.00764260,70.66906177,0.19958973,0.73637782,4520000.00000000
0.50000000,Hyderabad,HYD-02|HYD-03|HYD-04|HYD-05|HYD-06|CS-09|CS-10,73.01204602,76.67346520,0.19958973,0.73637782,4520000.00000000
1.00000000,Hyderabad,HYD-02|HYD-03|HYD-04|HYD-05|HYD-06|CS-09|CS-10,79.01644945,82.67786862,0.19958973,0.73637782,4520000.00000000
1.50000000,Hyderabad,HYD-02|HYD-03|HYD-04|HYD-05|HYD-06|CS-09|CS-10,85.02085287,88.68227204,0.19958973,0.73637782,4520000.00000000
2.00000000,Hyderabad,HYD-02|HYD-03|HYD-04|HYD-05|HYD-06|CS-09|CS-10,91.02525629,94.68667547,0.19958973,0.73637782,4520000.00000000
0.00000000,Hyderabad,HYD-01|HYD-02|HYD-03|HYD-04|HYD-05|HYD-06|CS-09|CS-10,67.63843849,71.29985767,0.19091238,0.73769010,4520000.00000000
0.50000000,Hyderabad,HYD-01|HYD-02|HYD-03|HYD-04|HYD-05|HYD-06|CS-09|CS-10,74.61538613,78.27680531,0.19091238,0.73769010,4520000.00000000
1.00000000,Hyderabad,HYD-01|HYD-02|HYD-03|HYD-04|HYD-05|HYD-06|CS-09|CS-10,81.59233377,85.25375295,0.19091238,0.73769010,4520000.00000000
1.50000000,Hyderabad,HYD-01|HYD-02|HYD-03|HYD-04|HYD-05|HYD-06|CS-09|CS-10,88.56928141,92.23070059,0.19091238,0.73769010,4520000.00000000
2.00000000,Hyderabad,HYD-01|HYD-02|HYD-03|HYD-04|HYD-05|HYD-06|CS-09|CS-10,95.54622905,99.20764823,0.19091238,0.73769010,4520000.00000000
0.00000000,Hyderabad,HYD-01|HYD-03|HYD-06|CS-06|CS-09|CS-10,68.54574422,73.60044680,0.21885902,0.69855504,6240000.00000000
0.50000000,Hyderabad,HYD-01|HYD-03|HYD-06|CS-06|CS-09|CS-10,73.84880766,78.90351024,0.21885902,0.69855504,6240000.00000000
1.00000000,Hyderabad,HYD-01|HYD-03|HYD-06|CS-06|CS-09|CS-10,79.15187110,84.20657368,0.21885902,0.69855504,6240000.00000000
1.50000000,Hyderabad,HYD-01|HYD-03|HYD-06|CS-06|CS-09|CS-10,84.45493454,89.50963712,0.21885902,0.69855504,6240000.00000000
2.00000000,Hyderabad,HYD-01|HYD-03|HYD-06|CS-06|CS-09|CS-10,89.75799799,94.81270056,0.21885902,0.69855504,6240000.00000000
0.00000000,Hyderabad,HYD-02|HYD-03|HYD-06|CS-06|CS-09|CS-10,67.98914229,73.04384487,0.21198125,0.70709943,6240000.00000000
0.50000000,Hyderabad,HYD-02|HYD-03|HYD-06|CS-06|CS-09|CS-10,73.26304399,78.31774656,0.21198125,0.70709943,6240000.00000000
1.00000000,Hyderabad,HYD-02|HYD-03|HYD-06|CS-06|CS-09|CS-10,78.53694569,83.59164826,0.21198125,0.70709943,6240000.00000000
1.50000000,Hyderabad,HYD-02|HYD-03|HYD-06|CS-06|CS-09|CS-10,83.81084738,88.86554996,0.21198125,0.70709943,6240000.00000000
2.00000000,Hyderabad,HYD-02|HYD-03|HYD-06|CS-06|CS-09|CS-10,89.08474908,94.13945165,0.21198125,0.70709943,6240000.00000000
0.00000000,Hyderabad,HYD-01|HYD-02|HYD-03|HYD-06|CS-06|CS-09|CS-10,67.71616449,72.77086706,0.18557636,0.75652859,6240000.00000000
0.50000000,Hyderabad,HYD-01|HYD-02|HYD-03|HYD-06|CS-06|CS-09|CS-10,73.96261040,79.01731298,0.18557636,0.75652859,6240000.00000000
1.00000000,Hyderabad,HYD-01|HYD-02|HYD-03|HYD-06|CS-06|CS-09|CS-10,80.20905631,85.26375889,0.18557636,0.75652859,6240000.00000000
1.50000000,Hyderabad,HYD-01|HYD-02|HYD-03|HYD-06|CS-06|CS-09|CS-10,86.45550223,91.51020480,0.18557636,0.75652859,6240000.00000000
2.00000000,Hyderabad,HYD-01|HYD-02|HYD-03|HYD-06|CS-06|CS-09|CS-10,92.70194814,97.75665071,0.18557636,0.75652859,6240000.00000000
0.00000000,Hyderabad,HYD-03|HYD-04|HYD-06|CS-06|CS-09|CS-10,67.99305858,73.04776115,0.21324532,0.70841171,6240000.00000000
0.50000000,Hyderabad,HYD-03|HYD-04|HYD-06|CS-06|CS-09|CS-10,73.16051990,78.21522247,0.21324532,0.70841171,6240000.00000000
1.00000000,Hyderabad,HYD-03|HYD-04|HYD-06|CS-06|CS-09|CS-10,78.32798122,83.38268380,0.21324532,0.70841171,6240000.00000000
1.50000000,Hyderabad,HYD-03|HYD-04|HYD-06|CS-06|CS-09|CS-10,83.49544255,88.55014512,0.21324532,0.70841171,6240000.00000000
2.00000000,Hyderabad,HYD-03|HYD-04|HYD-06|CS-06|CS-09|CS-10,88.66290387,93.71760645,0.21324532,0.70841171,6240000.00000000
0.00000000,Hyderabad,HYD-01|HYD-03|HYD-04|HYD-06|CS-06|CS-09|CS-10,68.62385447,73.67855705,0.20456797,0.70972398,6240000.00000000
0.50000000,Hyderabad,HYD-01|HYD-03|HYD-04|HYD-06|CS-06|CS-09|CS-10,74.76386001,79.81856259,0.20456797,0.70972398,6240000.00000000
1.00000000,Hyderabad,HYD-01|HYD-03|HYD-04|HYD-06|CS-06|CS-09|CS-10,80.90386555,85.95856813,0.20456797,0.70972398,6240000.00000000
1.50000000,Hyderabad,HYD-01|HYD-03|HYD-04|HYD-06|CS-06|CS-09|CS-10,87.04387109,92.09857367,0.20456797,0.70972398,6240000.00000000
2.00000000,Hyderabad,HYD-01|HYD-03|HYD-04|HYD-06|CS-06|CS-09|CS-10,93.18387663,98.23857921,0.20456797,0.70972398,6240000.00000000
0.00000000,Hyderabad,HYD-02|HYD-03|HYD-04|HYD-06|CS-06|CS-09|CS-10,67.16347884,72.21818142,0.17996268,0.76638526,6240000.00000000
0.50000000,Hyderabad,HYD-02|HYD-03|HYD-04|HYD-06|CS-06|CS-09|CS-10,73.27432264,78.32902521,0.17996268,0.76638526,6240000.00000000
1.00000000,Hyderabad,HYD-02|HYD-03|HYD-04|HYD-06|CS-06|CS-09|CS-10,79.38516644,84.43986901,0.17996268,0.76638526,6240000.00000000
1.50000000,Hyderabad,HYD-02|HYD-03|HYD-04|HYD-06|CS-06|CS-09|CS-10,85.49601023,90.55071280,0.17996268,0.76638526,6240000.00000000
2.00000000,Hyderabad,HYD-02|HYD-03|HYD-04|HYD-06|CS-06|CS-09|CS-10,91.60685403,96.66155660,0.17996268,0.76638526,6240000.00000000
0.00000000,Hyderabad,HYD-01|HYD-02|HYD-03|HYD-04|HYD-06|CS-06|CS-09|CS-10,67.79427474,72.84897731,0.17128533,0.76769753,6240000.00000000
0.50000000,Hyderabad,HYD-01|HYD-02|HYD-03|HYD-04|HYD-06|CS-06|CS-09|CS-10,74.87766275,79.93236533,0.17128533,0.76769753,6240000.00000000
1.00000000,Hyderabad,HYD-01|HYD-02|HYD-03|HYD-04|HYD-06|CS-06|CS-09|CS-10,81.96105076,87.01575334,0.17128533,0.76769753,6240000.00000000
1.50000000,Hyderabad,HYD-01|HYD-02|HYD-03|HYD-04|HYD-06|CS-06|CS-09|CS-10,89.04443877,94.09914135,0.17128533,0.76769753,6240000.00000000
2.00000000,Hyderabad,HYD-01|HYD-02|HYD-03|HYD-04|HYD-06|CS-06|CS-09|CS-10,96.12782679,101.18252936,0.17128533,0.76769753,6240000.00000000
0.00000000,Hyderabad,HYD-01|HYD-02|HYD-05|HYD-06|CS-06|CS-09|CS-10,68.48056162,73.53526420,0.20226558,0.74710934,6240000.00000000
0.50000000,Hyderabad,HYD-01|HYD-02|HYD-05|HYD-06|CS-06|CS-09|CS-10,74.63077377,79.68547635,0.20226558,0.74710934,6240000.00000000
1.00000000,Hyderabad,HYD-01|HYD-02|HYD-05|HYD-06|CS-06|CS-09|CS-10,80.78098593,85.83568850,0.20226558,0.74710934,6240000.00000000
1.50000000,Hyderabad,HYD-01|HYD-02|HYD-05|HYD-06|CS-06|CS-09|CS-10,86.93119808,91.98590065,0.20226558,0.74710934,6240000.00000000
2.00000000,Hyderabad,HYD-01|HYD-02|HYD-05|HYD-06|CS-06|CS-09|CS-10,93.08141023,98.13611280,0.20226558,0.74710934,6240000.00000000
0.00000000,Hyderabad,HYD-03|HYD-05|HYD-06|CS-06|CS-09|CS-10,66.65406539,71.70876797,0.19120325,0.72121371,6240000.00000000
0.50000000,Hyderabad,HYD-03|HYD-05|HYD-06|CS-06|CS-09|CS-10,71.74424809,76.79895066,0.19120325,0.72121371,6240000.00000000
1.00000000,Hyderabad,HYD-03|HYD-05|HYD-06|CS-06|CS-09|CS-10,76.83443079,81.88913336,0.19120325,0.72121371,6240000.00000000
1.50000000,Hyderabad,HYD-03|HYD-05|HYD-06|CS-06|CS-09|CS-10,81.92461349,86.97931606,0.19120325,0.72121371,6240000.00000000
2.00000000,Hyderabad,HYD-03|HYD-05|HYD-06|CS-06|CS-09|CS-10,87.01479619,92.06949876,0.19120325,0.72121371,6240000.00000000
0.00000000,Hyderabad,HYD-01|HYD-03|HYD-05|HYD-06|CS-06|CS-09|CS-10,66.38108759,71.43579016,0.16479838,0.77064287,6240000.00000000
0.50000000,Hyderabad,HYD-01|HYD-03|HYD-05|HYD-06|CS-06|CS-09|CS-10,72.44381450,77.49851708,0.16479838,0.77064287,6240000.00000000
1.00000000,Hyderabad,HYD-01|HYD-03|HYD-05|HYD-06|CS-06|CS-09|CS-10,78.50654142,83.56124399,0.16479838,0.77064287,6240000.00000000
1.50000000,Hyderabad,HYD-01|HYD-03|HYD-05|HYD-06|CS-06|CS-09|CS-10,84.56926833,89.62397091,0.16479838,0.77064287,6240000.00000000
2.00000000,Hyderabad,HYD-01|HYD-03|HYD-05|HYD-06|CS-06|CS-09|CS-10,90.63199525,95.68669782,0.16479838,0.77064287,6240000.00000000
0.00000000,Hyderabad,HYD-02|HYD-03|HYD-05|HYD-06|CS-06|CS-09|CS-10,65.82448566,70.87918824,0.15792061,0.77918726,6240000.00000000
0.50000000,Hyderabad,HYD-02|HYD-03|HYD-05|HYD-06|CS-06|CS-09|CS-10,71.85805083,76.91275340,0.15792061,0.77918726,6240000.00000000
1.00000000,Hyderabad,HYD-02|HYD-03|HYD-05|HYD-06|CS-06|CS-09|CS-10,77.89161600,82.94631857,0.15792061,0.77918726,6240000.00000000
1.50000000,Hyderabad,HYD-02|HYD-03|HYD-05|HYD-06|CS-06|CS-09|CS-10,83.92518117,88.97988374,0.15792061,0.77918726,6240000.00000000
2.00000000,Hyderabad,HYD-02|HYD-03|HYD-05|HYD-06|CS-06|CS-09|CS-10,89.95874634,95.01344891,0.15792061,0.77918726,6240000.00000000
0.00000000,Hyderabad,HYD-01|HYD-02|HYD-03|HYD-05|HYD-06|CS-06|CS-09|CS-10,65.55150786,70.60621043,0.13151571,0.82861642,6240000.00000000
0.50000000,Hyderabad,HYD-01|HYD-02|HYD-03|HYD-05|HYD-06|CS-06|CS-09|CS-10,72.55761724,77.61231982,0.13151571,0.82861642,6240000.00000000
1.00000000,Hyderabad,HYD-01|HYD-02|HYD-03|HYD-05|HYD-06|CS-06|CS-09|CS-10,79.56372663,84.61842920,0.13151571,0.82861642,6240000.00000000
1.50000000,Hyderabad,HYD-01|HYD-02|HYD-03|HYD-05|HYD-06|CS-06|CS-09|CS-10,86.56983601,91.62453859,0.13151571,0.82861642,6240000.00000000
2.00000000,Hyderabad,HYD-01|HYD-02|HYD-03|HYD-05|HYD-06|CS-06|CS-09|CS-10,93.57594540,98.63064797,0.13151571,0.82861642,6240000.00000000
0.00000000,Hyderabad,HYD-02|HYD-04|HYD-05|HYD-06|CS-06|CS-09|CS-10,67.92787598,72.98257855,0.19665191,0.75696601,6240000.00000000
0.50000000,Hyderabad,HYD-02|HYD-04|HYD-05|HYD-06|CS-06|CS-09|CS-10,73.94248601,78.99718859,0.19665191,0.75696601,6240000.00000000
1.00000000,Hyderabad,HYD-02|HYD-04|HYD-05|HYD-06|CS-06|CS-09|CS-10,79.95709605,85.01179862,0.19665191,0.75696601,6240000.00000000
1.50000000,Hyderabad,HYD-02|HYD-04|HYD-05|HYD-06|CS-06|CS-09|CS-10,85.97170608,91.02640866,0.19665191,0.75696601,6240000.00000000
2.00000000,Hyderabad,HYD-02|HYD-04|HYD-05|HYD-06|CS-06|CS-09|CS-10,91.98631612,97.04101869,0.19665191,0.75696601,6240000.00000000
0.00000000,Hyderabad,HYD-01|HYD-02|HYD-04|HYD-05|HYD-06|CS-06|CS-09|CS-10,68.55867187,73.61337445,0.18797454,0.75827829,6240000.00000000
0.50000000,Hyderabad,HYD-01|HYD-02|HYD-04|HYD-05|HYD-06|CS-06|CS-09|CS-10,75.54582612,80.60052870,0.18797454,0.75827829,6240000.00000000
1.00000000,Hyderabad,HYD-01|HYD-02|HYD-04|HYD-05|HYD-06|CS-06|CS-09|CS-10,82.53298037,87.58768295,0.18797454,0.75827829,6240000.00000000
1.50000000,Hyderabad,HYD-01|HYD-02|HYD-04|HYD-05|HYD-06|CS-06|CS-09|CS-10,89.52013463,94.57483720,0.18797454,0.75827829,6240000.00000000
2.00000000,Hyderabad,HYD-01|HYD-02|HYD-04|HYD-05|HYD-06|CS-06|CS-09|CS-10,96.50728888,101.56199145,0.18797454,0.75827829,6240000.00000000
0.00000000,Hyderabad,HYD-03|HYD-04|HYD-05|HYD-06|CS-06|CS-09|CS-10,65.82840194,70.88310452,0.15918469,0.78049954,6240000.00000000
0.50000000,Hyderabad,HYD-03|HYD-04|HYD-05|HYD-06|CS-06|CS-09|CS-10,71.75552674,76.81022932,0.15918469,0.78049954,6240000.00000000
1.00000000,Hyderabad,HYD-03|HYD-04|HYD-05|HYD-06|CS-06|CS-09|CS-10,77.68265154,82.73735411,0.15918469,0.78049954,6240000.00000000
1.50000000,Hyderabad,HYD-03|HYD-04|HYD-05|HYD-06|CS-06|CS-09|CS-10,83.60977634,88.66447891,0.15918469,0.78049954,6240000.00000000
2.00000000,Hyderabad,HYD-03|HYD-04|HYD-05|HYD-06|CS-06|CS-09|CS-10,89.53690113,94.59160371,0.15918469,0.78049954,6240000.00000000
0.00000000,Hyderabad,HYD-01|HYD-03|HYD-04|HYD-05|HYD-06|CS-06|CS-09|CS-10,66.45919784,71.51390041,0.15050735,0.78181182,6240000.00000000
0.50000000,Hyderabad,HYD-01|HYD-03|HYD-04|HYD-05|HYD-06|CS-06|CS-09|CS-10,73.35886685,78.41356943,0.15050735,0.78181182,6240000.00000000
1.00000000,Hyderabad,HYD-01|HYD-03|HYD-04|HYD-05|HYD-06|CS-06|CS-09|CS-10,80.25853587,85.31323844,0.15050735,0.78181182,6240000.00000000
1.50000000,Hyderabad,HYD-01|HYD-03|HYD-04|HYD-05|HYD-06|CS-06|CS-09|CS-10,87.15820488,92.21290745,0.15050735,0.78181182,6240000.00000000
2.00000000,Hyderabad,HYD-01|HYD-03|HYD-04|HYD-05|HYD-06|CS-06|CS-09|CS-10,94.05787389,99.11257647,0.15050735,0.78181182,6240000.00000000
0.00000000,Hyderabad,HYD-02|HYD-03|HYD-04|HYD-05|HYD-06|CS-06|CS-09|CS-10,64.99882221,70.05352479,0.12590204,0.83847309,6240000.00000000
0.50000000,Hyderabad,HYD-02|HYD-03|HYD-04|HYD-05|HYD-06|CS-06|CS-09|CS-10,71.86932948,76.92403206,0.12590204,0.83847309,6240000.00000000
1.00000000,Hyderabad,HYD-02|HYD-03|HYD-04|HYD-05|HYD-06|CS-06|CS-09|CS-10,78.73983675,83.79453932,0.12590204,0.83847309,6240000.00000000
1.50000000,Hyderabad,HYD-02|HYD-03|HYD-04|HYD-05|HYD-06|CS-06|CS-09|CS-10,85.61034402,90.66504659,0.12590204,0.83847309,6240000.00000000
2.00000000,Hyderabad,HYD-02|HYD-03|HYD-04|HYD-05|HYD-06|CS-06|CS-09|CS-10,92.48085129,97.53555386,0.12590204,0.83847309,6240000.00000000
0.00000000,Hyderabad,HYD-01|HYD-02|HYD-03|HYD-04|HYD-05|HYD-06|CS-06|CS-09|CS-10,65.62961811,70.68432068,0.11722469,0.83978537,6240000.00000000
0.50000000,Hyderabad,HYD-01|HYD-02|HYD-03|HYD-04|HYD-05|HYD-06|CS-06|CS-09|CS-10,73.47266959,78.52737217,0.11722469,0.83978537,6240000.00000000
1.00000000,Hyderabad,HYD-01|HYD-02|HYD-03|HYD-04|HYD-05|HYD-06|CS-06|CS-09|CS-10,81.31572108,86.37042365,0.11722469,0.83978537,6240000.00000000
1.50000000,Hyderabad,HYD-01|HYD-02|HYD-03|HYD-04|HYD-05|HYD-06|CS-06|CS-09|CS-10,89.15877256,94.21347514,0.11722469,0.83978537,6240000.00000000
2.00000000,Hyderabad,HYD-01|HYD-02|HYD-03|HYD-04|HYD-05|HYD-06|CS-06|CS-09|CS-10,97.00182405,102.05652662,0.11722469,0.83978537,6240000.00000000
0.00000000,Hyderabad,HYD-01|HYD-02|HYD-03|HYD-05|CS-07|CS-09|CS-10,69.28808560,74.22938139,0.21784155,0.71148827,6100000.00000000
0.50000000,Hyderabad,HYD-01|HYD-02|HYD-03|HYD-05|CS-07|CS-09|CS-10,75.41788453,80.35918032,0.21784155,0.71148827,6100000.00000000
1.00000000,Hyderabad,HYD-01|HYD-02|HYD-03|HYD-05|CS-07|CS-09|CS-10,81.54768346,86.48897925,0.21784155,0.71148827,6100000.00000000
1.50000000,Hyderabad,HYD-01|HYD-02|HYD-03|HYD-05|CS-07|CS-09|CS-10,87.67748239,92.61877818,0.21784155,0.71148827,6100000.00000000
2.00000000,Hyderabad,HYD-01|HYD-02|HYD-03|HYD-05|CS-07|CS-09|CS-10,93.80728132,98.74857711,0.21784155,0.71148827,6100000.00000000
0.00000000,Hyderabad,HYD-02|HYD-03|HYD-04|HYD-05|CS-07|CS-09|CS-10,68.06482768,73.00612346,0.19880530,0.73280551,6100000.00000000
0.50000000,Hyderabad,HYD-02|HYD-03|HYD-04|HYD-05|CS-07|CS-09|CS-10,74.05902449,79.00032028,0.19880530,0.73280551,6100000.00000000
1.00000000,Hyderabad,HYD-02|HYD-03|HYD-04|HYD-05|CS-07|CS-09|CS-10,80.05322130,84.99451709,0.19880530,0.73280551,6100000.00000000
1.50000000,Hyderabad,HYD-02|HYD-03|HYD-04|HYD-05|CS-07|CS-09|CS-10,86.04741811,90.98871390,0.19880530,0.73280551,6100000.00000000
2.00000000,Hyderabad,HYD-02|HYD-03|HYD-04|HYD-05|CS-07|CS-09|CS-10,92.04161493,96.98291071,0.19880530,0.73280551,6100000.00000000
0.00000000,Hyderabad,HYD-01|HYD-02|HYD-03|HYD-04|HYD-05|CS-07|CS-09|CS-10,68.53302023,73.47431601,0.18692556,0.73755887,6100000.00000000
0.50000000,Hyderabad,HYD-01|HYD-02|HYD-03|HYD-04|HYD-05|CS-07|CS-09|CS-10,75.49976125,80.44105704,0.18692556,0.73755887,6100000.00000000
1.00000000,Hyderabad,HYD-01|HYD-02|HYD-03|HYD-04|HYD-05|CS-07|CS-09|CS-10,82.46650228,87.40779807,0.18692556,0.73755887,6100000.00000000
1.50000000,Hyderabad,HYD-01|HYD-02|HYD-03|HYD-04|HYD-05|CS-07|CS-09|CS-10,89.43324331,94.37453910,0.18692556,0.73755887,6100000.00000000
2.00000000,Hyderabad,HYD-01|HYD-02|HYD-03|HYD-04|HYD-05|CS-07|CS-09|CS-10,96.39998434,101.34128013,0.18692556,0.73755887,6100000.00000000
0.00000000,Hyderabad,HYD-01|HYD-02|HYD-03|HYD-06|CS-07|CS-09|CS-10,68.47618948,73.41748527,0.20724204,0.72908738,6100000.00000000
0.50000000,Hyderabad,HYD-01|HYD-02|HYD-03|HYD-06|CS-07|CS-09|CS-10,74.72263539,79.66393118,0.20724204,0.72908738,6100000.00000000
1.00000000,Hyderabad,HYD-01|HYD-02|HYD-03|HYD-06|CS-07|CS-09|CS-10,80.96908131,85.91037709,0.20724204,0.72908738,6100000.00000000
1.50000000,Hyderabad,HYD-01|HYD-02|HYD-03|HYD-06|CS-07|CS-09|CS-10,87.21552722,92.15682300,0.20724204,0.72908738,6100000.00000000
2.00000000,Hyderabad,HYD-01|HYD-02|HYD-03|HYD-06|CS-07|CS-09|CS-10,93.46197313,98.40326892,0.20724204,0.72908738,6100000.00000000
0.00000000,Hyderabad,HYD-02|HYD-03|HYD-04|HYD-06|CS-07|CS-09|CS-10,67.09032821,72.03162400,0.18500343,0.75384571,6100000.00000000
0.50000000,Hyderabad,HYD-02|HYD-03|HYD-04|HYD-06|CS-07|CS-09|CS-10,73.20117201,78.14246779,0.18500343,0.75384571,6100000.00000000
1.00000000,Hyderabad,HYD-02|HYD-03|HYD-04|HYD-06|CS-07|CS-09|CS-10,79.31201580,84.25331159,0.18500343,0.75384571,6100000.00000000
1.50000000,Hyderabad,HYD-02|HYD-03|HYD-04|HYD-06|CS-07|CS-09|CS-10,85.42285960,90.36415538,0.18500343,0.75384571,6100000.00000000
2.00000000,Hyderabad,HYD-02|HYD-03|HYD-04|HYD-06|CS-07|CS-09|CS-10,91.53370339,96.47499918,0.18500343,0.75384571,6100000.00000000
0.00000000,Hyderabad,HYD-01|HYD-02|HYD-03|HYD-04|HYD-06|CS-07|CS-09|CS-10,67.72112410,72.66241989,0.17632607,0.75515798,6100000.00000000
0.50000000,Hyderabad,HYD-01|HYD-02|HYD-03|HYD-04|HYD-06|CS-07|CS-09|CS-10,74.80451212,79.74580790,0.17632607,0.75515798,6100000.00000000
1.00000000,Hyderabad,HYD-01|HYD-02|HYD-03|HYD-04|HYD-06|CS-07|CS-09|CS-10,81.88790013,86.82919591,0.17632607,0.75515798,6100000.00000000
1.50000000,Hyderabad,HYD-01|HYD-02|HYD-03|HYD-04|HYD-06|CS-07|CS-09|CS-10,88.97128814,93.91258393,0.17632607,0.75515798,6100000.00000000
2.00000000,Hyderabad,HYD-01|HYD-02|HYD-03|HYD-04|HYD-06|CS-07|CS-09|CS-10,96.05467615,100.99597194,0.17632607,0.75515798,6100000.00000000
0.00000000,Hyderabad,HYD-01|HYD-03|HYD-05|HYD-06|CS-07|CS-09|CS-10,67.14111258,72.08240837,0.18646406,0.74320167,6100000.00000000
0.50000000,Hyderabad,HYD-01|HYD-03|HYD-05|HYD-06|CS-07|CS-09|CS-10,73.20383949,78.14513528,0.18646406,0.74320167,6100000.00000000
1.00000000,Hyderabad,HYD-01|HYD-03|HYD-05|HYD-06|CS-07|CS-09|CS-10,79.26656641,84.20786219,0.18646406,0.74320167,6100000.00000000
1.50000000,Hyderabad,HYD-01|HYD-03|HYD-05|HYD-06|CS-07|CS-09|CS-10,85.32929332,90.27058911,0.18646406,0.74320167,6100000.00000000
2.00000000,Hyderabad,HYD-01|HYD-03|HYD-05|HYD-06|CS-07|CS-09|CS-10,91.39202024,96.33331602,0.18646406,0.74320167,6100000.00000000
0.00000000,Hyderabad,HYD-02|HYD-03|HYD-05|HYD-06|CS-07|CS-09|CS-10,66.67187630,71.61317208,0.18143483,0.74934022,6100000.00000000
0.50000000,Hyderabad,HYD-02|HYD-03|HYD-05|HYD-06|CS-07|CS-09|CS-10,72.70544147,77.64673725,0.18143483,0.74934022,6100000.00000000
1.00000000,Hyderabad,HYD-02|HYD-03|HYD-05|HYD-06|CS-07|CS-09|CS-10,78.73900664,83.68030242,0.18143483,0.74934022,6100000.00000000
1.50000000,Hyderabad,HYD-02|HYD-03|HYD-05|HYD-06|CS-07|CS-09|CS-10,84.77257181,89.71386759,0.18143483,0.74934022,6100000.00000000
2.00000000,Hyderabad,HYD-02|HYD-03|HYD-05|HYD-06|CS-07|CS-09|CS-10,90.80613697,95.74743276,0.18143483,0.74934022,6100000.00000000
0.00000000,Hyderabad,HYD-01|HYD-02|HYD-03|HYD-05|HYD-06|CS-07|CS-09|CS-10,66.31153285,71.25282863,0.15318140,0.80117522,6100000.00000000
0.50000000,Hyderabad,HYD-01|HYD-02|HYD-03|HYD-05|HYD-06|CS-07|CS-09|CS-10,73.31764223,78.25893802,0.15318140,0.80117522,6100000.00000000
1.00000000,Hyderabad,HYD-01|HYD-02|HYD-03|HYD-05|HYD-06|CS-07|CS-09|CS-10,80.32375162,85.26504741,0.15318140,0.80117522,6100000.00000000
1.50000000,Hyderabad,HYD-01|HYD-02|HYD-03|HYD-05|HYD-06|CS-07|CS-09|CS-10,87.32986101,92.27115679,0.15318140,0.80117522,6100000.00000000
2.00000000,Hyderabad,HYD-01|HYD-02|HYD-03|HYD-05|HYD-06|CS-07|CS-09|CS-10,94.33597039,99.27726618,0.15318140,0.80117522,6100000.00000000
0.00000000,Hyderabad,HYD-02|HYD-04|HYD-05|HYD-06|CS-07|CS-09|CS-10,67.85472534,72.79602113,0.20169264,0.74442646,6100000.00000000
0.50000000,Hyderabad,HYD-02|HYD-04|HYD-05|HYD-06|CS-07|CS-09|CS-10,73.86933538,78.81063116,0.20169264,0.74442646,6100000.00000000
1.00000000,Hyderabad,HYD-02|HYD-04|HYD-05|HYD-06|CS-07|CS-09|CS-10,79.88394541,84.82524120,0.20169264,0.74442646,6100000.00000000
1.50000000,Hyderabad,HYD-02|HYD-04|HYD-05|HYD-06|CS-07|CS-09|CS-10,85.89855545,90.83985123,0.20169264,0.74442646,6100000.00000000
2.00000000,Hyderabad,HYD-02|HYD-04|HYD-05|HYD-06|CS-07|CS-09|CS-10,91.91316548,96.85446127,0.20169264,0.74442646,6100000.00000000
0.00000000,Hyderabad,HYD-01|HYD-02|HYD-04|HYD-05|HYD-06|CS-07|CS-09|CS-10,68.48552124,73.42681702,0.19301528,0.74573874,6100000.00000000
0.50000000,Hyderabad,HYD-01|HYD-02|HYD-04|HYD-05|HYD-06|CS-07|CS-09|CS-10,75.47267549,80.41397127,0.19301528,0.74573874,6100000.00000000
1.00000000,Hyderabad,HYD-01|HYD-02|HYD-04|HYD-05|HYD-06|CS-07|CS-09|CS-10,82.45982974,87.40112553,0.19301528,0.74573874,6100000.00000000
1.50000000,Hyderabad,HYD-01|HYD-02|HYD-04|HYD-05|HYD-06|CS-07|CS-09|CS-10,89.44698399,94.38827978,0.19301528,0.74573874,6100000.00000000
2.00000000,Hyderabad,HYD-01|HYD-02|HYD-04|HYD-05|HYD-06|CS-07|CS-09|CS-10,96.43413824,101.37543403,0.19301528,0.74573874,6100000.00000000
0.00000000,Hyderabad,HYD-03|HYD-04|HYD-05|HYD-06|CS-07|CS-09|CS-10,65.75525131,70.69654709,0.16422543,0.76795999,6100000.00000000
0.50000000,Hyderabad,HYD-03|HYD-04|HYD-05|HYD-06|CS-07|CS-09|CS-10,71.68237611,76.62367189,0.16422543,0.76795999,6100000.00000000
1.00000000,Hyderabad,HYD-03|HYD-04|HYD-05|HYD-06|CS-07|CS-09|CS-10,77.60950090,82.55079669,0.16422543,0.76795999,6100000.00000000
1.50000000,Hyderabad,HYD-03|HYD-04|HYD-05|HYD-06|CS-07|CS-09|CS-10,83.53662570,88.47792149,0.16422543,0.76795999,6100000.00000000
2.00000000,Hyderabad,HYD-03|HYD-04|HYD-05|HYD-06|CS-07|CS-09|CS-10,89.46375050,94.40504628,0.16422543,0.76795999,6100000.00000000
0.00000000,Hyderabad,HYD-01|HYD-03|HYD-04|HYD-05|HYD-06|CS-07|CS-09|CS-10,66.38604720,71.32734299,0.15554807,0.76927227,6100000.00000000
0.50000000,Hyderabad,HYD-01|HYD-03|HYD-04|HYD-05|HYD-06|CS-07|CS-09|CS-10,73.28571622,78.22701200,0.15554807,0.76927227,6100000.00000000
1.00000000,Hyderabad,HYD-01|HYD-03|HYD-04|HYD-05|HYD-06|CS-07|CS-09|CS-10,80.18538523,85.12668102,0.15554807,0.76927227,6100000.00000000
1.50000000,Hyderabad,HYD-01|HYD-03|HYD-04|HYD-05|HYD-06|CS-07|CS-09|CS-10,87.08505425,92.02635003,0.15554807,0.76927227,6100000.00000000
2.00000000,Hyderabad,HYD-01|HYD-03|HYD-04|HYD-05|HYD-06|CS-07|CS-09|CS-10,93.98472326,98.92601905,0.15554807,0.76927227,6100000.00000000
0.00000000,Hyderabad,HYD-02|HYD-03|HYD-04|HYD-05|HYD-06|CS-07|CS-09|CS-10,64.92567158,69.86696736,0.13094279,0.82593354,6100000.00000000
0.50000000,Hyderabad,HYD-02|HYD-03|HYD-04|HYD-05|HYD-06|CS-07|CS-09|CS-10,71.79617885,76.73747463,0.13094279,0.82593354,6100000.00000000
1.00000000,Hyderabad,HYD-02|HYD-03|HYD-04|HYD-05|HYD-06|CS-07|CS-09|CS-10,78.66668611,83.60798190,0.13094279,0.82593354,6100000.00000000
1.50000000,Hyderabad,HYD-02|HYD-03|HYD-04|HYD-05|HYD-06|CS-07|CS-09|CS-10,85.53719338,90.47848917,0.13094279,0.82593354,6100000.00000000
2.00000000,Hyderabad,HYD-02|HYD-03|HYD-04|HYD-05|HYD-06|CS-07|CS-09|CS-10,92.40770065,97.34899644,0.13094279,0.82593354,6100000.00000000
0.00000000,Hyderabad,HYD-01|HYD-02|HYD-03|HYD-04|HYD-05|HYD-06|CS-07|CS-09|CS-10,65.55646747,70.49776326,0.12226541,0.82724582,6100000.00000000
0.50000000,Hyderabad,HYD-01|HYD-02|HYD-03|HYD-04|HYD-05|HYD-06|CS-07|CS-09|CS-10,73.39951896,78.34081474,0.12226541,0.82724582,6100000.00000000
1.00000000,Hyderabad,HYD-01|HYD-02|HYD-03|HYD-04|HYD-05|HYD-06|CS-07|CS-09|CS-10,81.24257044,86.18386623,0.12226541,0.82724582,6100000.00000000
1.50000000,Hyderabad,HYD-01|HYD-02|HYD-03|HYD-04|HYD-05|HYD-06|CS-07|CS-09|CS-10,89.08562193,94.02691771,0.12226541,0.82724582,6100000.00000000
2.00000000,Hyderabad,HYD-01|HYD-02|HYD-03|HYD-04|HYD-05|HYD-06|CS-07|CS-09|CS-10,96.92867341,101.86996920,0.12226541,0.82724582,6100000.00000000
0.00000000,Hyderabad,HYD-01|HYD-02|HYD-03|CS-06|CS-07|CS-09|CS-10,70.08986762,76.42444681,0.21100280,0.72210315,7820000.00000000
0.50000000,Hyderabad,HYD-01|HYD-02|HYD-03|CS-06|CS-07|CS-09|CS-10,76.32610692,82.66068611,0.21100280,0.72210315,7820000.00000000
1.00000000,Hyderabad,HYD-01|HYD-02|HYD-03|CS-06|CS-07|CS-09|CS-10,82.56234622,88.89692541,0.21100280,0.72210315,7820000.00000000
1.50000000,Hyderabad,HYD-01|HYD-02|HYD-03|CS-06|CS-07|CS-09|CS-10,88.79858552,95.13316471,0.21100280,0.72210315,7820000.00000000
2.00000000,Hyderabad,HYD-01|HYD-02|HYD-03|CS-06|CS-07|CS-09|CS-10,95.03482482,101.36940401,0.21100280,0.72210315,7820000.00000000
0.00000000,Hyderabad,HYD-02|HYD-03|HYD-04|CS-06|CS-07|CS-09|CS-10,69.69978532,76.03436451,0.20859149,0.72851873,7820000.00000000
0.50000000,Hyderabad,HYD-02|HYD-03|HYD-04|CS-06|CS-07|CS-09|CS-10,75.80042251,82.13500169,0.20859149,0.72851873,7820000.00000000
1.00000000,Hyderabad,HYD-02|HYD-03|HYD-04|CS-06|CS-07|CS-09|CS-10,81.90105969,88.23563888,0.20859149,0.72851873,7820000.00000000
1.50000000,Hyderabad,HYD-02|HYD-03|HYD-04|CS-06|CS-07|CS-09|CS-10,88.00169687,94.33627606,0.20859149,0.72851873,7820000.00000000
2.00000000,Hyderabad,HYD-02|HYD-03|HYD-04|CS-06|CS-07|CS-09|CS-10,94.10233406,100.43691325,0.20859149,0.72851873,7820000.00000000
0.00000000,Hyderabad,HYD-01|HYD-02|HYD-03|HYD-04|CS-06|CS-07|CS-09|CS-10,70.16797787,76.50255706,0.19671176,0.73327209,7820000.00000000
0.50000000,Hyderabad,HYD-01|HYD-02|HYD-03|HYD-04|CS-06|CS-07|CS-09|CS-10,77.24115927,83.57573846,0.19671176,0.73327209,7820000.00000000
1.00000000,Hyderabad,HYD-01|HYD-02|HYD-03|HYD-04|CS-06|CS-07|CS-09|CS-10,84.31434067,90.64891986,0.19671176,0.73327209,7820000.00000000
1.50000000,Hyderabad,HYD-01|HYD-02|HYD-03|HYD-04|CS-06|CS-07|CS-09|CS-10,91.38752207,97.72210126,0.19671176,0.73327209,7820000.00000000
2.00000000,Hyderabad,HYD-01|HYD-02|HYD-03|HYD-04|CS-06|CS-07|CS-09|CS-10,98.46070347,104.79528266,0.19671176,0.73327209,7820000.00000000
0.00000000,Hyderabad,HYD-01|HYD-03|HYD-05|CS-06|CS-07|CS-09|CS-10,68.75479072,75.08936991,0.19022481,0.73621743,7820000.00000000
0.50000000,Hyderabad,HYD-01|HYD-03|HYD-05|CS-06|CS-07|CS-09|CS-10,74.80731102,81.14189021,0.19022481,0.73621743,7820000.00000000
1.00000000,Hyderabad,HYD-01|HYD-03|HYD-05|CS-06|CS-07|CS-09|CS-10,80.85983133,87.19441051,0.19022481,0.73621743,7820000.00000000
1.50000000,Hyderabad,HYD-01|HYD-03|HYD-05|CS-06|CS-07|CS-09|CS-10,86.91235163,93.24693082,0.19022481,0.73621743,7820000.00000000
2.00000000,Hyderabad,HYD-01|HYD-03|HYD-05|CS-06|CS-07|CS-09|CS-10,92.96487193,99.29945112,0.19022481,0.73621743,7820000.00000000
0.00000000,Hyderabad,HYD-02|HYD-03|HYD-05|CS-06|CS-07|CS-09|CS-10,68.36272301,74.69730220,0.18659137,0.74132074,7820000.00000000
0.50000000,Hyderabad,HYD-02|HYD-03|HYD-05|CS-06|CS-07|CS-09|CS-10,74.38608157,80.72066076,0.18659137,0.74132074,7820000.00000000
1.00000000,Hyderabad,HYD-02|HYD-03|HYD-05|CS-06|CS-07|CS-09|CS-10,80.40944013,86.74401931,0.18659137,0.74132074,7820000.00000000
1.50000000,Hyderabad,HYD-02|HYD-03|HYD-05|CS-06|CS-07|CS-09|CS-10,86.43279869,92.76737787,0.18659137,0.74132074,7820000.00000000
2.00000000,Hyderabad,HYD-02|HYD-03|HYD-05|CS-06|CS-07|CS-09|CS-10,92.45615724,98.79073643,0.18659137,0.74132074,7820000.00000000
0.00000000,Hyderabad,HYD-01|HYD-02|HYD-03|HYD-05|CS-06|CS-07|CS-09|CS-10,67.92521099,74.25979017,0.15694216,0.79419098,7820000.00000000
0.50000000,Hyderabad,HYD-01|HYD-02|HYD-03|HYD-05|CS-06|CS-07|CS-09|CS-10,74.92111376,81.25569295,0.15694216,0.79419098,7820000.00000000
1.00000000,Hyderabad,HYD-01|HYD-02|HYD-03|HYD-05|CS-06|CS-07|CS-09|CS-10,81.91701654,88.25159572,0.15694216,0.79419098,7820000.00000000
1.50000000,Hyderabad,HYD-01|HYD-02|HYD-03|HYD-05|CS-06|CS-07|CS-09|CS-10,88.91291931,95.24749850,0.15694216,0.79419098,7820000.00000000
2.00000000,Hyderabad,HYD-01|HYD-02|HYD-03|HYD-05|CS-06|CS-07|CS-09|CS-10,95.90882209,102.24340127,0.15694216,0.79419098,7820000.00000000
0.00000000,Hyderabad,HYD-01|HYD-02|HYD-04|HYD-05|CS-06|CS-07|CS-09|CS-10,71.05026585,77.38484504,0.21521556,0.72385285,7820000.00000000
0.50000000,Hyderabad,HYD-01|HYD-02|HYD-04|HYD-05|CS-06|CS-07|CS-09|CS-10,78.02721349,84.36179268,0.21521556,0.72385285,7820000.00000000
1.00000000,Hyderabad,HYD-01|HYD-02|HYD-04|HYD-05|CS-06|CS-07|CS-09|CS-10,85.00416113,91.33874032,0.21521556,0.72385285,7820000.00000000
1.50000000,Hyderabad,HYD-01|HYD-02|HYD-04|HYD-05|CS-06|CS-07|CS-09|CS-10,91.98110877,98.31568796,0.21521556,0.72385285,7820000.00000000
2.00000000,Hyderabad,HYD-01|HYD-02|HYD-04|HYD-05|CS-06|CS-07|CS-09|CS-10,98.95805641,105.29263560,0.21521556,0.72385285,7820000.00000000
0.00000000,Hyderabad,HYD-03|HYD-04|HYD-05|CS-06|CS-07|CS-09|CS-10,68.36470842,74.69928761,0.18781351,0.74263301,7820000.00000000
0.50000000,Hyderabad,HYD-03|HYD-04|HYD-05|CS-06|CS-07|CS-09|CS-10,74.28162661,80.61620579,0.18781351,0.74263301,7820000.00000000
1.00000000,Hyderabad,HYD-03|HYD-04|HYD-05|CS-06|CS-07|CS-09|CS-10,80.19854479,86.53312398,0.18781351,0.74263301,7820000.00000000
1.50000000,Hyderabad,HYD-03|HYD-04|HYD-05|CS-06|CS-07|CS-09|CS-10,86.11546298,92.45004217,0.18781351,0.74263301,7820000.00000000
2.00000000,Hyderabad,HYD-03|HYD-04|HYD-05|CS-06|CS-07|CS-09|CS-10,92.03238117,98.36696035,0.18781351,0.74263301,7820000.00000000
0.00000000,Hyderabad,HYD-01|HYD-03|HYD-04|HYD-05|CS-06|CS-07|CS-09|CS-10,68.83290097,75.16748016,0.17593375,0.74738638,7820000.00000000
0.50000000,Hyderabad,HYD-01|HYD-03|HYD-04|HYD-05|CS-06|CS-07|CS-09|CS-10,75.72236337,82.05694256,0.17593375,0.74738638,7820000.00000000
1.00000000,Hyderabad,HYD-01|HYD-03|HYD-04|HYD-05|CS-06|CS-07|CS-09|CS-10,82.61182577,88.94640496,0.17593375,0.74738638,7820000.00000000
1.50000000,Hyderabad,HYD-01|HYD-03|HYD-04|HYD-05|CS-06|CS-07|CS-09|CS-10,89.50128818,95.83586737,0.17593375,0.74738638,7820000.00000000
2.00000000,Hyderabad,HYD-01|HYD-03|HYD-04|HYD-05|CS-06|CS-07|CS-09|CS-10,96.39075058,102.72532977,0.17593375,0.74738638,7820000.00000000
0.00000000,Hyderabad,HYD-02|HYD-03|HYD-04|HYD-05|CS-06|CS-07|CS-09|CS-10,67.53512869,73.86970788,0.15453085,0.80060656,7820000.00000000
0.50000000,Hyderabad,HYD-02|HYD-03|HYD-04|HYD-05|CS-06|CS-07|CS-09|CS-10,74.39542935,80.73000853,0.15453085,0.80060656,7820000.00000000
1.00000000,Hyderabad,HYD-02|HYD-03|HYD-04|HYD-05|CS-06|CS-07|CS-09|CS-10,81.25573000,87.59030919,0.15453085,0.80060656,7820000.00000000
1.50000000,Hyderabad,HYD-02|HYD-03|HYD-04|HYD-05|CS-06|CS-07|CS-09|CS-10,88.11603066,94.45060985,0.15453085,0.80060656,7820000.00000000
2.00000000,Hyderabad,HYD-02|HYD-03|HYD-04|HYD-05|CS-06|CS-07|CS-09|CS-10,94.97633132,101.31091051,0.15453085,0.80060656,7820000.00000000
0.00000000,Hyderabad,HYD-01|HYD-02|HYD-03|HYD-04|HYD-05|CS-06|CS-07|CS-09|CS-10,68.00332124,74.33790042,0.14265113,0.80535993,7820000.00000000
0.50000000,Hyderabad,HYD-01|HYD-02|HYD-03|HYD-04|HYD-05|CS-06|CS-07|CS-09|CS-10,75.83616611,82.17074530,0.14265113,0.80535993,7820000.00000000
1.00000000,Hyderabad,HYD-01|HYD-02|HYD-03|HYD-04|HYD-05|CS-06|CS-07|CS-09|CS-10,83.66901099,90.00359017,0.14265113,0.80535993,7820000.00000000
1.50000000,Hyderabad,HYD-01|HYD-02|HYD-03|HYD-04|HYD-05|CS-06|CS-07|CS-09|CS-10,91.50185586,97.83643505,0.14265113,0.80535993,7820000.00000000
2.00000000,Hyderabad,HYD-01|HYD-02|HYD-03|HYD-04|HYD-05|CS-06|CS-07|CS-09|CS-10,99.33470073,105.66927992,0.14265113,0.80535993,7820000.00000000
0.00000000,Hyderabad,HYD-01|HYD-02|HYD-06|CS-06|CS-07|CS-09|CS-10,70.04236863,76.37694782,0.21709251,0.73028301,7820000.00000000
0.50000000,Hyderabad,HYD-01|HYD-02|HYD-06|CS-06|CS-07|CS-09|CS-10,76.29902116,82.63360034,0.21709251,0.73028301,7820000.00000000
1.00000000,Hyderabad,HYD-01|HYD-02|HYD-06|CS-06|CS-07|CS-09|CS-10,82.55567368,88.89025287,0.21709251,0.73028301,7820000.00000000
1.50000000,Hyderabad,HYD-01|HYD-02|HYD-06|CS-06|CS-07|CS-09|CS-10,88.81232620,95.14690539,0.21709251,0.73028301,7820000.00000000
2.00000000,Hyderabad,HYD-01|HYD-02|HYD-06|CS-06|CS-07|CS-09|CS-10,95.06897873,101.40355791,0.21709251,0.73028301,7820000.00000000
0.00000000,Hyderabad,HYD-03|HYD-06|CS-06|CS-07|CS-09|CS-10,68.21587240,74.55045159,0.20603018,0.70438738,7820000.00000000
0.50000000,Hyderabad,HYD-03|HYD-06|CS-06|CS-07|CS-09|CS-10,73.41249547,79.74707466,0.20603018,0.70438738,7820000.00000000
1.00000000,Hyderabad,HYD-03|HYD-06|CS-06|CS-07|CS-09|CS-10,78.60911854,84.94369773,0.20603018,0.70438738,7820000.00000000
1.50000000,Hyderabad,HYD-03|HYD-06|CS-06|CS-07|CS-09|CS-10,83.80574161,90.14032080,0.20603018,0.70438738,7820000.00000000
2.00000000,Hyderabad,HYD-03|HYD-06|CS-06|CS-07|CS-09|CS-10,89.00236468,95.33694387,0.20603018,0.70438738,7820000.00000000
0.00000000,Hyderabad,HYD-01|HYD-03|HYD-06|CS-06|CS-07|CS-09|CS-10,67.94289460,74.27747379,0.17962530,0.75381654,7820000.00000000
0.50000000,Hyderabad,HYD-01|HYD-03|HYD-06|CS-06|CS-07|CS-09|CS-10,74.11206188,80.44664107,0.17962530,0.75381654,7820000.00000000
1.00000000,Hyderabad,HYD-01|HYD-03|HYD-06|CS-06|CS-07|CS-09|CS-10,80.28122917,86.61580836,0.17962530,0.75381654,7820000.00000000
1.50000000,Hyderabad,HYD-01|HYD-03|HYD-06|CS-06|CS-07|CS-09|CS-10,86.45039646,92.78497564,0.17962530,0.75381654,7820000.00000000
2.00000000,Hyderabad,HYD-01|HYD-03|HYD-06|CS-06|CS-07|CS-09|CS-10,92.61956374,98.95414293,0.17962530,0.75381654,7820000.00000000
0.00000000,Hyderabad,HYD-02|HYD-03|HYD-06|CS-06|CS-07|CS-09|CS-10,67.38629267,73.72087186,0.17274755,0.76236093,7820000.00000000
0.50000000,Hyderabad,HYD-02|HYD-03|HYD-06|CS-06|CS-07|CS-09|CS-10,73.52629821,79.86087740,0.17274755,0.76236093,7820000.00000000
1.00000000,Hyderabad,HYD-02|HYD-03|HYD-06|CS-06|CS-07|CS-09|CS-10,79.66630375,86.00088294,0.17274755,0.76236093,7820000.00000000
1.50000000,Hyderabad,HYD-02|HYD-03|HYD-06|CS-06|CS-07|CS-09|CS-10,85.80630929,92.14088848,0.17274755,0.76236093,7820000.00000000
2.00000000,Hyderabad,HYD-02|HYD-03|HYD-06|CS-06|CS-07|CS-09|CS-10,91.94631483,98.28089402,0.17274755,0.76236093,7820000.00000000
0.00000000,Hyderabad,HYD-01|HYD-02|HYD-03|HYD-06|CS-06|CS-07|CS-09|CS-10,67.11331487,73.44789405,0.14634265,0.81179009,7820000.00000000
0.50000000,Hyderabad,HYD-01|HYD-02|HYD-03|HYD-06|CS-06|CS-07|CS-09|CS-10,74.22586462,80.56044381,0.14634265,0.81179009,7820000.00000000
1.00000000,Hyderabad,HYD-01|HYD-02|HYD-03|HYD-06|CS-06|CS-07|CS-09|CS-10,81.33841438,87.67299357,0.14634265,0.81179009,7820000.00000000
1.50000000,Hyderabad,HYD-01|HYD-02|HYD-03|HYD-06|CS-06|CS-07|CS-09|CS-10,88.45096414,94.78554333,0.14634265,0.81179009,7820000.00000000
2.00000000,Hyderabad,HYD-01|HYD-02|HYD-03|HYD-06|CS-06|CS-07|CS-09|CS-10,95.56351390,101.89809308,0.14634265,0.81179009,7820000.00000000
0.00000000,Hyderabad,HYD-02|HYD-04|HYD-06|CS-06|CS-07|CS-09|CS-10,69.48968299,75.82426218,0.21147884,0.74013968,7820000.00000000
0.50000000,Hyderabad,HYD-02|HYD-04|HYD-06|CS-06|CS-07|CS-09|CS-10,75.61073339,81.94531258,0.21147884,0.74013968,7820000.00000000
1.00000000,Hyderabad,HYD-02|HYD-04|HYD-06|CS-06|CS-07|CS-09|CS-10,81.73178380,88.06636299,0.21147884,0.74013968,7820000.00000000
1.50000000,Hyderabad,HYD-02|HYD-04|HYD-06|CS-06|CS-07|CS-09|CS-10,87.85283421,94.18741339,0.21147884,0.74013968,7820000.00000000
2.00000000,Hyderabad,HYD-02|HYD-04|HYD-06|CS-06|CS-07|CS-09|CS-10,93.97388461,100.30846380,0.21147884,0.74013968,7820000.00000000
0.00000000,Hyderabad,HYD-01|HYD-02|HYD-04|HYD-06|CS-06|CS-07|CS-09|CS-10,70.12047888,76.45505807,0.20280148,0.74145196,7820000.00000000
0.50000000,Hyderabad,HYD-01|HYD-02|HYD-04|HYD-06|CS-06|CS-07|CS-09|CS-10,77.21407350,83.54865269,0.20280148,0.74145196,7820000.00000000
1.00000000,Hyderabad,HYD-01|HYD-02|HYD-04|HYD-06|CS-06|CS-07|CS-09|CS-10,84.30766813,90.64224732,0.20280148,0.74145196,7820000.00000000
1.50000000,Hyderabad,HYD-01|HYD-02|HYD-04|HYD-06|CS-06|CS-07|CS-09|CS-10,91.40126275,97.73584194,0.20280148,0.74145196,7820000.00000000
2.00000000,Hyderabad,HYD-01|HYD-02|HYD-04|HYD-06|CS-06|CS-07|CS-09|CS-10,98.49485737,104.82943656,0.20280148,0.74145196,7820000.00000000
0.00000000,Hyderabad,HYD-03|HYD-04|HYD-06|CS-06|CS-07|CS-09|CS-10,67.39020895,73.72478814,0.17401163,0.76367321,7820000.00000000
0.50000000,Hyderabad,HYD-03|HYD-04|HYD-06|CS-06|CS-07|CS-09|CS-10,73.42377412,79.75835331,0.17401163,0.76367321,7820000.00000000
1.00000000,Hyderabad,HYD-03|HYD-04|HYD-06|CS-06|CS-07|CS-09|CS-10,79.45733929,85.79191848,0.17401163,0.76367321,7820000.00000000
1.50000000,Hyderabad,HYD-03|HYD-04|HYD-06|CS-06|CS-07|CS-09|CS-10,85.49090446,91.82548365,0.17401163,0.76367321,7820000.00000000
2.00000000,Hyderabad,HYD-03|HYD-04|HYD-06|CS-06|CS-07|CS-09|CS-10,91.52446963,97.85904882,0.17401163,0.76367321,7820000.00000000
0.00000000,Hyderabad,HYD-01|HYD-03|HYD-04|HYD-06|CS-06|CS-07|CS-09|CS-10,68.02100485,74.35558404,0.16533425,0.76498549,7820000.00000000
0.50000000,Hyderabad,HYD-01|HYD-03|HYD-04|HYD-06|CS-06|CS-07|CS-09|CS-10,75.02711423,81.36169342,0.16533425,0.76498549,7820000.00000000
1.00000000,Hyderabad,HYD-01|HYD-03|HYD-04|HYD-06|CS-06|CS-07|CS-09|CS-10,82.03322362,88.36780281,0.16533425,0.76498549,7820000.00000000
1.50000000,Hyderabad,HYD-01|HYD-03|HYD-04|HYD-06|CS-06|CS-07|CS-09|CS-10,89.03933300,95.37391219,0.16533425,0.76498549,7820000.00000000
2.00000000,Hyderabad,HYD-01|HYD-03|HYD-04|HYD-06|CS-06|CS-07|CS-09|CS-10,96.04544239,102.38002158,0.16533425,0.76498549,7820000.00000000
0.00000000,Hyderabad,HYD-02|HYD-03|HYD-04|HYD-06|CS-06|CS-07|CS-09|CS-10,66.56062922,72.89520841,0.14072898,0.82164676,7820000.00000000
0.50000000,Hyderabad,HYD-02|HYD-03|HYD-04|HYD-06|CS-06|CS-07|CS-09|CS-10,73.53757686,79.87215605,0.14072898,0.82164676,7820000.00000000
1.00000000,Hyderabad,HYD-02|HYD-03|HYD-04|HYD-06|CS-06|CS-07|CS-09|CS-10,80.51452450,86.84910369,0.14072898,0.82164676,7820000.00000000
1.50000000,Hyderabad,HYD-02|HYD-03|HYD-04|HYD-06|CS-06|CS-07|CS-09|CS-10,87.49147214,93.82605133,0.14072898,0.82164676,7820000.00000000
2.00000000,Hyderabad,HYD-02|HYD-03|HYD-04|HYD-06|CS-06|CS-07|CS-09|CS-10,94.46841978,100.80299897,0.14072898,0.82164676,7820000.00000000
0.00000000,Hyderabad,HYD-01|HYD-02|HYD-03|HYD-04|HYD-06|CS-06|CS-07|CS-09|CS-10,67.19142512,73.52600430,0.13205162,0.82295904,7820000.00000000
0.50000000,Hyderabad,HYD-01|HYD-02|HYD-03|HYD-04|HYD-06|CS-06|CS-07|CS-09|CS-10,75.14091697,81.47549616,0.13205162,0.82295904,7820000.00000000
1.00000000,Hyderabad,HYD-01|HYD-02|HYD-03|HYD-04|HYD-06|CS-06|CS-07|CS-09|CS-10,83.09040883,89.42498802,0.13205162,0.82295904,7820000.00000000
1.50000000,Hyderabad,HYD-01|HYD-02|HYD-03|HYD-04|HYD-06|CS-06|CS-07|CS-09|CS-10,91.03990069,97.37447987,0.13205162,0.82295904,7820000.00000000
2.00000000,Hyderabad,HYD-01|HYD-02|HYD-03|HYD-04|HYD-06|CS-06|CS-07|CS-09|CS-10,98.98939254,105.32397173,0.13205162,0.82295904,7820000.00000000
0.00000000,Hyderabad,HYD-02|HYD-05|HYD-06|CS-06|CS-07|CS-09|CS-10,68.15068980,74.48526899,0.18943675,0.75294169,7820000.00000000
0.50000000,Hyderabad,HYD-02|HYD-05|HYD-06|CS-06|CS-07|CS-09|CS-10,74.19446158,80.52904077,0.18943675,0.75294169,7820000.00000000
1.00000000,Hyderabad,HYD-02|HYD-05|HYD-06|CS-06|CS-07|CS-09|CS-10,80.23823336,86.57281255,0.18943675,0.75294169,7820000.00000000
1.50000000,Hyderabad,HYD-02|HYD-05|HYD-06|CS-06|CS-07|CS-09|CS-10,86.28200514,92.61658433,0.18943675,0.75294169,7820000.00000000
2.00000000,Hyderabad,HYD-02|HYD-05|HYD-06|CS-06|CS-07|CS-09|CS-10,92.32577692,98.66035611,0.18943675,0.75294169,7820000.00000000
0.00000000,Hyderabad,HYD-01|HYD-02|HYD-05|HYD-06|CS-06|CS-07|CS-09|CS-10,67.87771200,74.21229119,0.16303188,0.80237085,7820000.00000000
0.50000000,Hyderabad,HYD-01|HYD-02|HYD-05|HYD-06|CS-06|CS-07|CS-09|CS-10,74.89402800,81.22860718,0.16303188,0.80237085,7820000.00000000
1.00000000,Hyderabad,HYD-01|HYD-02|HYD-05|HYD-06|CS-06|CS-07|CS-09|CS-10,81.91034399,88.24492318,0.16303188,0.80237085,7820000.00000000
1.50000000,Hyderabad,HYD-01|HYD-02|HYD-05|HYD-06|CS-06|CS-07|CS-09|CS-10,88.92665999,95.26123918,0.16303188,0.80237085,7820000.00000000
2.00000000,Hyderabad,HYD-01|HYD-02|HYD-05|HYD-06|CS-06|CS-07|CS-09|CS-10,95.94297599,102.27755517,0.16303188,0.80237085,7820000.00000000
0.00000000,Hyderabad,HYD-03|HYD-05|HYD-06|CS-06|CS-07|CS-09|CS-10,66.05121577,72.38579496,0.15196955,0.77647522,7820000.00000000
0.50000000,Hyderabad,HYD-03|HYD-05|HYD-06|CS-06|CS-07|CS-09|CS-10,72.00750231,78.34208150,0.15196955,0.77647522,7820000.00000000
1.00000000,Hyderabad,HYD-03|HYD-05|HYD-06|CS-06|CS-07|CS-09|CS-10,77.96378886,84.29836804,0.15196955,0.77647522,7820000.00000000
1.50000000,Hyderabad,HYD-03|HYD-05|HYD-06|CS-06|CS-07|CS-09|CS-10,83.92007540,90.25465459,0.15196955,0.77647522,7820000.00000000
2.00000000,Hyderabad,HYD-03|HYD-05|HYD-06|CS-06|CS-07|CS-09|CS-10,89.87636194,96.21094113,0.15196955,0.77647522,7820000.00000000
0.00000000,Hyderabad,HYD-01|HYD-03|HYD-05|HYD-06|CS-06|CS-07|CS-09|CS-10,65.77823796,72.11281715,0.12556466,0.82590438,7820000.00000000
0.50000000,Hyderabad,HYD-01|HYD-03|HYD-05|HYD-06|CS-06|CS-07|CS-09|CS-10,72.70706872,79.04164791,0.12556466,0.82590438,7820000.00000000
1.00000000,Hyderabad,HYD-01|HYD-03|HYD-05|HYD-06|CS-06|CS-07|CS-09|CS-10,79.63589948,85.97047867,0.12556466,0.82590438,7820000.00000000
1.50000000,Hyderabad,HYD-01|HYD-03|HYD-05|HYD-06|CS-06|CS-07|CS-09|CS-10,86.56473024,92.89930943,0.12556466,0.82590438,7820000.00000000
2.00000000,Hyderabad,HYD-01|HYD-03|HYD-05|HYD-06|CS-06|CS-07|CS-09|CS-10,93.49356100,99.82814019,0.12556466,0.82590438,7820000.00000000
0.00000000,Hyderabad,HYD-02|HYD-03|HYD-05|HYD-06|CS-06|CS-07|CS-09|CS-10,65.22163604,71.55621523,0.11868690,0.83444877,7820000.00000000
0.50000000,Hyderabad,HYD-02|HYD-03|HYD-05|HYD-06|CS-06|CS-07|CS-09|CS-10,72.12130505,78.45588424,0.11868690,0.83444877,7820000.00000000
1.00000000,Hyderabad,HYD-02|HYD-03|HYD-05|HYD-06|CS-06|CS-07|CS-09|CS-10,79.02097407,85.35555325,0.11868690,0.83444877,7820000.00000000
1.50000000,Hyderabad,HYD-02|HYD-03|HYD-05|HYD-06|CS-06|CS-07|CS-09|CS-10,85.92064308,92.25522227,0.11868690,0.83444877,7820000.00000000
2.00000000,Hyderabad,HYD-02|HYD-03|HYD-05|HYD-06|CS-06|CS-07|CS-09|CS-10,92.82031209,99.15489128,0.11868690,0.83444877,7820000.00000000
0.00000000,Hyderabad,HYD-01|HYD-02|HYD-03|HYD-05|HYD-06|CS-06|CS-07|CS-09|CS-10,64.94865823,71.28323742,0.09228202,0.88387793,7820000.00000000
0.50000000,Hyderabad,HYD-01|HYD-02|HYD-03|HYD-05|HYD-06|CS-06|CS-07|CS-09|CS-10,72.82087146,79.15545065,0.09228202,0.88387793,7820000.00000000
1.00000000,Hyderabad,HYD-01|HYD-02|HYD-03|HYD-05|HYD-06|CS-06|CS-07|CS-09|CS-10,80.69308470,87.02766388,0.09228202,0.88387793,7820000.00000000
1.50000000,Hyderabad,HYD-01|HYD-02|HYD-03|HYD-05|HYD-06|CS-06|CS-07|CS-09|CS-10,88.56529793,94.89987711,0.09228202,0.88387793,7820000.00000000
2.00000000,Hyderabad,HYD-01|HYD-02|HYD-03|HYD-05|HYD-06|CS-06|CS-07|CS-09|CS-10,96.43751116,102.77209034,0.09228202,0.88387793,7820000.00000000
0.00000000,Hyderabad,HYD-04|HYD-05|HYD-06|CS-06|CS-07|CS-09|CS-10,71.22775907,77.56233826,0.22317001,0.75208142,7820000.00000000
0.50000000,Hyderabad,HYD-04|HYD-05|HYD-06|CS-06|CS-07|CS-09|CS-10,77.16509048,83.49966967,0.22317001,0.75208142,7820000.00000000
1.00000000,Hyderabad,HYD-04|HYD-05|HYD-06|CS-06|CS-07|CS-09|CS-10,83.10242189,89.43700108,0.22317001,0.75208142,7820000.00000000
1.50000000,Hyderabad,HYD-04|HYD-05|HYD-06|CS-06|CS-07|CS-09|CS-10,89.03975330,95.37433249,0.22317001,0.75208142,7820000.00000000
2.00000000,Hyderabad,HYD-04|HYD-05|HYD-06|CS-06|CS-07|CS-09|CS-10,94.97708471,101.31166389,0.22317001,0.75208142,7820000.00000000
0.00000000,Hyderabad,HYD-01|HYD-04|HYD-05|HYD-06|CS-06|CS-07|CS-09|CS-10,71.85855497,78.19313415,0.21449265,0.75339370,7820000.00000000
0.50000000,Hyderabad,HYD-01|HYD-04|HYD-05|HYD-06|CS-06|CS-07|CS-09|CS-10,78.76843059,85.10300978,0.21449265,0.75339370,7820000.00000000
1.00000000,Hyderabad,HYD-01|HYD-04|HYD-05|HYD-06|CS-06|CS-07|CS-09|CS-10,85.67830622,92.01288540,0.21449265,0.75339370,7820000.00000000
1.50000000,Hyderabad,HYD-01|HYD-04|HYD-05|HYD-06|CS-06|CS-07|CS-09|CS-10,92.58818184,98.92276103,0.21449265,0.75339370,7820000.00000000
2.00000000,Hyderabad,HYD-01|HYD-04|HYD-05|HYD-06|CS-06|CS-07|CS-09|CS-10,99.49805747,105.83263665,0.21449265,0.75339370,7820000.00000000
0.00000000,Hyderabad,HYD-02|HYD-04|HYD-05|HYD-06|CS-06|CS-07|CS-09|CS-10,67.32502635,73.65960554,0.15741821,0.81222752,7820000.00000000
0.50000000,Hyderabad,HYD-02|HYD-04|HYD-05|HYD-06|CS-06|CS-07|CS-09|CS-10,74.20574023,80.54031942,0.15741821,0.81222752,7820000.00000000
1.00000000,Hyderabad,HYD-02|HYD-04|HYD-05|HYD-06|CS-06|CS-07|CS-09|CS-10,81.08645411,87.42103330,0.15741821,0.81222752,7820000.00000000
1.50000000,Hyderabad,HYD-02|HYD-04|HYD-05|HYD-06|CS-06|CS-07|CS-09|CS-10,87.96716799,94.30174718,0.15741821,0.81222752,7820000.00000000
2.00000000,Hyderabad,HYD-02|HYD-04|HYD-05|HYD-06|CS-06|CS-07|CS-09|CS-10,94.84788187,101.18246106,0.15741821,0.81222752,7820000.00000000
0.00000000,Hyderabad,HYD-01|HYD-02|HYD-04|HYD-05|HYD-06|CS-06|CS-07|CS-09|CS-10,67.95582225,74.29040144,0.14874084,0.81353980,7820000.00000000
0.50000000,Hyderabad,HYD-01|HYD-02|HYD-04|HYD-05|HYD-06|CS-06|CS-07|CS-09|CS-10,75.80908035,82.14365953,0.14874084,0.81353980,7820000.00000000
1.00000000,Hyderabad,HYD-01|HYD-02|HYD-04|HYD-05|HYD-06|CS-06|CS-07|CS-09|CS-10,83.66233844,89.99691763,0.14874084,0.81353980,7820000.00000000
1.50000000,Hyderabad,HYD-01|HYD-02|HYD-04|HYD-05|HYD-06|CS-06|CS-07|CS-09|CS-10,91.51559654,97.85017573,0.14874084,0.81353980,7820000.00000000
2.00000000,Hyderabad,HYD-01|HYD-02|HYD-04|HYD-05|HYD-06|CS-06|CS-07|CS-09|CS-10,99.36885463,105.70343382,0.14874084,0.81353980,7820000.00000000
0.00000000,Hyderabad,HYD-03|HYD-04|HYD-05|HYD-06|CS-06|CS-07|CS-09|CS-10,65.22555232,71.56013151,0.11995099,0.83576105,7820000.00000000
0.50000000,Hyderabad,HYD-03|HYD-04|HYD-05|HYD-06|CS-06|CS-07|CS-09|CS-10,72.01878096,78.35336015,0.11995099,0.83576105,7820000.00000000
1.00000000,Hyderabad,HYD-03|HYD-04|HYD-05|HYD-06|CS-06|CS-07|CS-09|CS-10,78.81200961,85.14658879,0.11995099,0.83576105,7820000.00000000
1.50000000,Hyderabad,HYD-03|HYD-04|HYD-05|HYD-06|CS-06|CS-07|CS-09|CS-10,85.60523825,91.93981744,0.11995099,0.83576105,7820000.00000000
2.00000000,Hyderabad,HYD-03|HYD-04|HYD-05|HYD-06|CS-06|CS-07|CS-09|CS-10,92.39846689,98.73304608,0.11995099,0.83576105,7820000.00000000
0.00000000,Hyderabad,HYD-01|HYD-03|HYD-04|HYD-05|HYD-06|CS-06|CS-07|CS-09|CS-10,65.85634821,72.19092740,0.11127363,0.83707333,7820000.00000000
0.50000000,Hyderabad,HYD-01|HYD-03|HYD-04|HYD-05|HYD-06|CS-06|CS-07|CS-09|CS-10,73.62212107,79.95670026,0.11127363,0.83707333,7820000.00000000
1.00000000,Hyderabad,HYD-01|HYD-03|HYD-04|HYD-05|HYD-06|CS-06|CS-07|CS-09|CS-10,81.38789393,87.72247312,0.11127363,0.83707333,7820000.00000000
1.50000000,Hyderabad,HYD-01|HYD-03|HYD-04|HYD-05|HYD-06|CS-06|CS-07|CS-09|CS-10,89.15366679,95.48824598,0.11127363,0.83707333,7820000.00000000
2.00000000,Hyderabad,HYD-01|HYD-03|HYD-04|HYD-05|HYD-06|CS-06|CS-07|CS-09|CS-10,96.91943965,103.25401884,0.11127363,0.83707333,7820000.00000000
0.00000000,Hyderabad,HYD-02|HYD-03|HYD-04|HYD-05|HYD-06|CS-06|CS-07|CS-09|CS-10,64.39597259,70.73055178,0.08666834,0.89373460,7820000.00000000
0.50000000,Hyderabad,HYD-02|HYD-03|HYD-04|HYD-05|HYD-06|CS-06|CS-07|CS-09|CS-10,72.13258370,78.46716289,0.08666834,0.89373460,7820000.00000000
1.00000000,Hyderabad,HYD-02|HYD-03|HYD-04|HYD-05|HYD-06|CS-06|CS-07|CS-09|CS-10,79.86919482,86.20377400,0.08666834,0.89373460,7820000.00000000
1.50000000,Hyderabad,HYD-02|HYD-03|HYD-04|HYD-05|HYD-06|CS-06|CS-07|CS-09|CS-10,87.60580593,93.94038512,0.08666834,0.89373460,7820000.00000000
2.00000000,Hyderabad,HYD-02|HYD-03|HYD-04|HYD-05|HYD-06|CS-06|CS-07|CS-09|CS-10,95.34241704,101.67699623,0.08666834,0.89373460,7820000.00000000
0.00000000,Hyderabad,HYD-01|HYD-02|HYD-03|HYD-04|HYD-05|HYD-06|CS-06|CS-07|CS-09|CS-10,65.02676848,71.36134767,0.07799098,0.89504688,7820000.00000000
0.50000000,Hyderabad,HYD-01|HYD-02|HYD-03|HYD-04|HYD-05|HYD-06|CS-06|CS-07|CS-09|CS-10,73.73592381,80.07050300,0.07799098,0.89504688,7820000.00000000
1.00000000,Hyderabad,HYD-01|HYD-02|HYD-03|HYD-04|HYD-05|HYD-06|CS-06|CS-07|CS-09|CS-10,82.44507914,88.77965833,0.07799098,0.89504688,7820000.00000000
1.50000000,Hyderabad,HYD-01|HYD-02|HYD-03|HYD-04|HYD-05|HYD-06|CS-06|CS-07|CS-09|CS-10,91.15423447,97.48881366,0.07799098,0.89504688,7820000.00000000
2.00000000,Hyderabad,HYD-01|HYD-02|HYD-03|HYD-04|HYD-05|HYD-06|CS-06|CS-07|CS-09|CS-10,99.86338980,106.19796899,0.07799098,0.89504688,7820000.00000000
0.00000000,Hyderabad,HYD-02|HYD-03|HYD-04|HYD-05|HYD-06|CS-08|CS-09|CS-10,68.88104091,73.72513088,0.19110532,0.73769010,5980000.00000000
0.50000000,Hyderabad,HYD-02|HYD-03|HYD-04|HYD-05|HYD-06|CS-08|CS-09|CS-10,75.75154818,80.59563815,0.19110532,0.73769010,5980000.00000000
1.00000000,Hyderabad,HYD-02|HYD-03|HYD-04|HYD-05|HYD-06|CS-08|CS-09|CS-10,82.62205545,87.46614542,0.19110532,0.73769010,5980000.00000000
1.50000000,Hyderabad,HYD-02|HYD-03|HYD-04|HYD-05|HYD-06|CS-08|CS-09|CS-10,89.49256272,94.33665269,0.19110532,0.73769010,5980000.00000000
2.00000000,Hyderabad,HYD-02|HYD-03|HYD-04|HYD-05|HYD-06|CS-08|CS-09|CS-10,96.36306999,101.20715996,0.19110532,0.73769010,5980000.00000000
0.00000000,Hyderabad,HYD-01|HYD-02|HYD-03|HYD-04|HYD-05|HYD-06|CS-08|CS-09|CS-10,70.38776852,75.23185848,0.19072728,0.73769010,5980000.00000000
0.50000000,Hyderabad,HYD-01|HYD-02|HYD-03|HYD-04|HYD-05|HYD-06|CS-08|CS-09|CS-10,78.23082000,83.07490997,0.19072728,0.73769010,5980000.00000000
1.00000000,Hyderabad,HYD-01|HYD-02|HYD-03|HYD-04|HYD-05|HYD-06|CS-08|CS-09|CS-10,86.07387149,90.91796145,0.19072728,0.73769010,5980000.00000000
1.50000000,Hyderabad,HYD-01|HYD-02|HYD-03|HYD-04|HYD-05|HYD-06|CS-08|CS-09|CS-10,93.91692297,98.76101294,0.19072728,0.73769010,5980000.00000000
2.00000000,Hyderabad,HYD-01|HYD-02|HYD-03|HYD-04|HYD-05|HYD-06|CS-08|CS-09|CS-10,101.75997446,106.60406442,0.19072728,0.73769010,5980000.00000000
0.00000000,Hyderabad,HYD-01|HYD-03|HYD-06|CS-06|CS-08|CS-09|CS-10,71.29507424,77.53244761,0.21867388,0.69855504,7700000.00000000
0.50000000,Hyderabad,HYD-01|HYD-03|HYD-06|CS-06|CS-08|CS-09|CS-10,77.46424153,83.70161490,0.21867388,0.69855504,7700000.00000000
1.00000000,Hyderabad,HYD-01|HYD-03|HYD-06|CS-06|CS-08|CS-09|CS-10,83.63340882,89.87078218,0.21867388,0.69855504,7700000.00000000
1.50000000,Hyderabad,HYD-01|HYD-03|HYD-06|CS-06|CS-08|CS-09|CS-10,89.80257610,96.03994947,0.21867388,0.69855504,7700000.00000000
2.00000000,Hyderabad,HYD-01|HYD-03|HYD-06|CS-06|CS-08|CS-09|CS-10,95.97174339,102.20911676,0.21867388,0.69855504,7700000.00000000
0.00000000,Hyderabad,HYD-02|HYD-03|HYD-06|CS-06|CS-08|CS-09|CS-10,69.10029389,75.33766726,0.18835711,0.74613242,7700000.00000000
0.50000000,Hyderabad,HYD-02|HYD-03|HYD-06|CS-06|CS-08|CS-09|CS-10,75.24029943,81.47767280,0.18835711,0.74613242,7700000.00000000
1.00000000,Hyderabad,HYD-02|HYD-03|HYD-06|CS-06|CS-08|CS-09|CS-10,81.38030497,87.61767834,0.18835711,0.74613242,7700000.00000000
1.50000000,Hyderabad,HYD-02|HYD-03|HYD-06|CS-06|CS-08|CS-09|CS-10,87.52031051,93.75768388,0.18835711,0.74613242,7700000.00000000
2.00000000,Hyderabad,HYD-02|HYD-03|HYD-06|CS-06|CS-08|CS-09|CS-10,93.66031605,99.89768942,0.18835711,0.74613242,7700000.00000000
0.00000000,Hyderabad,HYD-01|HYD-02|HYD-03|HYD-06|CS-06|CS-08|CS-09|CS-10,70.46549451,76.70286788,0.18539125,0.75652859,7700000.00000000
0.50000000,Hyderabad,HYD-01|HYD-02|HYD-03|HYD-06|CS-06|CS-08|CS-09|CS-10,77.57804427,83.81541764,0.18539125,0.75652859,7700000.00000000
1.00000000,Hyderabad,HYD-01|HYD-02|HYD-03|HYD-06|CS-06|CS-08|CS-09|CS-10,84.69059403,90.92796740,0.18539125,0.75652859,7700000.00000000
1.50000000,Hyderabad,HYD-01|HYD-02|HYD-03|HYD-06|CS-06|CS-08|CS-09|CS-10,91.80314378,98.04051715,0.18539125,0.75652859,7700000.00000000
2.00000000,Hyderabad,HYD-01|HYD-02|HYD-03|HYD-06|CS-06|CS-08|CS-09|CS-10,98.91569354,105.15306691,0.18539125,0.75652859,7700000.00000000
0.00000000,Hyderabad,HYD-03|HYD-04|HYD-06|CS-06|CS-08|CS-09|CS-10,69.86645689,76.10383026,0.20476091,0.70972398,7700000.00000000
0.50000000,Hyderabad,HYD-03|HYD-04|HYD-06|CS-06|CS-08|CS-09|CS-10,75.90002206,82.13739543,0.20476091,0.70972398,7700000.00000000
1.00000000,Hyderabad,HYD-03|HYD-04|HYD-06|CS-06|CS-08|CS-09|CS-10,81.93358723,88.17096060,0.20476091,0.70972398,7700000.00000000
1.50000000,Hyderabad,HYD-03|HYD-04|HYD-06|CS-06|CS-08|CS-09|CS-10,87.96715240,94.20452577,0.20476091,0.70972398,7700000.00000000
2.00000000,Hyderabad,HYD-03|HYD-04|HYD-06|CS-06|CS-08|CS-09|CS-10,94.00071757,100.23809094,0.20476091,0.70972398,7700000.00000000
0.00000000,Hyderabad,HYD-01|HYD-03|HYD-04|HYD-06|CS-06|CS-08|CS-09|CS-10,71.37318449,77.61055786,0.20438285,0.70972398,7700000.00000000
0.50000000,Hyderabad,HYD-01|HYD-03|HYD-04|HYD-06|CS-06|CS-08|CS-09|CS-10,78.37929388,84.61666725,0.20438285,0.70972398,7700000.00000000
1.00000000,Hyderabad,HYD-01|HYD-03|HYD-04|HYD-06|CS-06|CS-08|CS-09|CS-10,85.38540326,91.62277663,0.20438285,0.70972398,7700000.00000000
1.50000000,Hyderabad,HYD-01|HYD-03|HYD-04|HYD-06|CS-06|CS-08|CS-09|CS-10,92.39151265,98.62888602,0.20438285,0.70972398,7700000.00000000
2.00000000,Hyderabad,HYD-01|HYD-03|HYD-04|HYD-06|CS-06|CS-08|CS-09|CS-10,99.39762204,105.63499540,0.20438285,0.70972398,7700000.00000000
0.00000000,Hyderabad,HYD-02|HYD-03|HYD-04|HYD-06|CS-06|CS-08|CS-09|CS-10,69.03687716,75.27425053,0.17147827,0.76769753,7700000.00000000
0.50000000,Hyderabad,HYD-02|HYD-03|HYD-04|HYD-06|CS-06|CS-08|CS-09|CS-10,76.01382480,82.25119817,0.17147827,0.76769753,7700000.00000000
1.00000000,Hyderabad,HYD-02|HYD-03|HYD-04|HYD-06|CS-06|CS-08|CS-09|CS-10,82.99077244,89.22814581,0.17147827,0.76769753,7700000.00000000
1.50000000,Hyderabad,HYD-02|HYD-03|HYD-04|HYD-06|CS-06|CS-08|CS-09|CS-10,89.96772008,96.20509345,0.17147827,0.76769753,7700000.00000000
2.00000000,Hyderabad,HYD-02|HYD-03|HYD-04|HYD-06|CS-06|CS-08|CS-09|CS-10,96.94466772,103.18204109,0.17147827,0.76769753,7700000.00000000
0.00000000,Hyderabad,HYD-01|HYD-02|HYD-03|HYD-04|HYD-06|CS-06|CS-08|CS-09|CS-10,70.54360476,76.78097813,0.17110020,0.76769753,7700000.00000000
0.50000000,Hyderabad,HYD-01|HYD-02|HYD-03|HYD-04|HYD-06|CS-06|CS-08|CS-09|CS-10,78.49309662,84.73046999,0.17110020,0.76769753,7700000.00000000
1.00000000,Hyderabad,HYD-01|HYD-02|HYD-03|HYD-04|HYD-06|CS-06|CS-08|CS-09|CS-10,86.44258848,92.67996184,0.17110020,0.76769753,7700000.00000000
1.50000000,Hyderabad,HYD-01|HYD-02|HYD-03|HYD-04|HYD-06|CS-06|CS-08|CS-09|CS-10,94.39208033,100.62945370,0.17110020,0.76769753,7700000.00000000
2.00000000,Hyderabad,HYD-01|HYD-02|HYD-03|HYD-04|HYD-06|CS-06|CS-08|CS-09|CS-10,102.34157219,108.57894556,0.17110020,0.76769753,7700000.00000000
0.00000000,Hyderabad,HYD-02|HYD-05|HYD-06|CS-06|CS-08|CS-09|CS-10,69.86469102,76.10206439,0.20504633,0.73671318,7700000.00000000
0.50000000,Hyderabad,HYD-02|HYD-05|HYD-06|CS-06|CS-08|CS-09|CS-10,75.90846280,82.14583617,0.20504633,0.73671318,7700000.00000000
1.00000000,Hyderabad,HYD-02|HYD-05|HYD-06|CS-06|CS-08|CS-09|CS-10,81.95223458,88.18960795,0.20504633,0.73671318,7700000.00000000
1.50000000,Hyderabad,HYD-02|HYD-05|HYD-06|CS-06|CS-08|CS-09|CS-10,87.99600636,94.23337973,0.20504633,0.73671318,7700000.00000000
2.00000000,Hyderabad,HYD-02|HYD-05|HYD-06|CS-06|CS-08|CS-09|CS-10,94.03977814,100.27715151,0.20504633,0.73671318,7700000.00000000
0.00000000,Hyderabad,HYD-01|HYD-02|HYD-05|HYD-06|CS-06|CS-08|CS-09|CS-10,71.22989164,77.46726501,0.20208047,0.74710934,7700000.00000000
0.50000000,Hyderabad,HYD-01|HYD-02|HYD-05|HYD-06|CS-06|CS-08|CS-09|CS-10,78.24620764,84.48358101,0.20208047,0.74710934,7700000.00000000
1.00000000,Hyderabad,HYD-01|HYD-02|HYD-05|HYD-06|CS-06|CS-08|CS-09|CS-10,85.26252364,91.49989701,0.20208047,0.74710934,7700000.00000000
1.50000000,Hyderabad,HYD-01|HYD-02|HYD-05|HYD-06|CS-06|CS-08|CS-09|CS-10,92.27883963,98.51621300,0.20208047,0.74710934,7700000.00000000
2.00000000,Hyderabad,HYD-01|HYD-02|HYD-05|HYD-06|CS-06|CS-08|CS-09|CS-10,99.29515563,105.53252900,0.20208047,0.74710934,7700000.00000000
0.00000000,Hyderabad,HYD-03|HYD-05|HYD-06|CS-06|CS-08|CS-09|CS-10,67.76521699,74.00259036,0.16757911,0.76024671,7700000.00000000
0.50000000,Hyderabad,HYD-03|HYD-05|HYD-06|CS-06|CS-08|CS-09|CS-10,73.72150353,79.95887690,0.16757911,0.76024671,7700000.00000000
1.00000000,Hyderabad,HYD-03|HYD-05|HYD-06|CS-06|CS-08|CS-09|CS-10,79.67779007,85.91516344,0.16757911,0.76024671,7700000.00000000
1.50000000,Hyderabad,HYD-03|HYD-05|HYD-06|CS-06|CS-08|CS-09|CS-10,85.63407662,91.87144999,0.16757911,0.76024671,7700000.00000000
2.00000000,Hyderabad,HYD-03|HYD-05|HYD-06|CS-06|CS-08|CS-09|CS-10,91.59036316,97.82773653,0.16757911,0.76024671,7700000.00000000
0.00000000,Hyderabad,HYD-01|HYD-03|HYD-05|HYD-06|CS-06|CS-08|CS-09|CS-10,69.13041761,75.36779098,0.16461326,0.77064287,7700000.00000000
0.50000000,Hyderabad,HYD-01|HYD-03|HYD-05|HYD-06|CS-06|CS-08|CS-09|CS-10,76.05924837,82.29662174,0.16461326,0.77064287,7700000.00000000
1.00000000,Hyderabad,HYD-01|HYD-03|HYD-05|HYD-06|CS-06|CS-08|CS-09|CS-10,82.98807913,89.22545250,0.16461326,0.77064287,7700000.00000000
1.50000000,Hyderabad,HYD-01|HYD-03|HYD-05|HYD-06|CS-06|CS-08|CS-09|CS-10,89.91690989,96.15428326,0.16461326,0.77064287,7700000.00000000
2.00000000,Hyderabad,HYD-01|HYD-03|HYD-05|HYD-06|CS-06|CS-08|CS-09|CS-10,96.84574065,103.08311402,0.16461326,0.77064287,7700000.00000000
0.00000000,Hyderabad,HYD-02|HYD-03|HYD-05|HYD-06|CS-06|CS-08|CS-09|CS-10,66.93563726,73.17301063,0.13429648,0.81822026,7700000.00000000
0.50000000,Hyderabad,HYD-02|HYD-03|HYD-05|HYD-06|CS-06|CS-08|CS-09|CS-10,73.83530627,80.07267964,0.13429648,0.81822026,7700000.00000000
1.00000000,Hyderabad,HYD-02|HYD-03|HYD-05|HYD-06|CS-06|CS-08|CS-09|CS-10,80.73497529,86.97234865,0.13429648,0.81822026,7700000.00000000
1.50000000,Hyderabad,HYD-02|HYD-03|HYD-05|HYD-06|CS-06|CS-08|CS-09|CS-10,87.63464430,93.87201767,0.13429648,0.81822026,7700000.00000000
2.00000000,Hyderabad,HYD-02|HYD-03|HYD-05|HYD-06|CS-06|CS-08|CS-09|CS-10,94.53431331,100.77168668,0.13429648,0.81822026,7700000.00000000
0.00000000,Hyderabad,HYD-01|HYD-02|HYD-03|HYD-05|HYD-06|CS-06|CS-08|CS-09|CS-10,68.30083788,74.53821125,0.13133061,0.82861642,7700000.00000000
0.50000000,Hyderabad,HYD-01|HYD-02|HYD-03|HYD-05|HYD-06|CS-06|CS-08|CS-09|CS-10,76.17305111,82.41042448,0.13133061,0.82861642,7700000.00000000
1.00000000,Hyderabad,HYD-01|HYD-02|HYD-03|HYD-05|HYD-06|CS-06|CS-08|CS-09|CS-10,84.04526434,90.28263771,0.13133061,0.82861642,7700000.00000000
1.50000000,Hyderabad,HYD-01|HYD-02|HYD-03|HYD-05|HYD-06|CS-06|CS-08|CS-09|CS-10,91.91747757,98.15485094,0.13133061,0.82861642,7700000.00000000
2.00000000,Hyderabad,HYD-01|HYD-02|HYD-03|HYD-05|HYD-06|CS-06|CS-08|CS-09|CS-10,99.78969080,106.02706417,0.13133061,0.82861642,7700000.00000000
0.00000000,Hyderabad,HYD-02|HYD-04|HYD-05|HYD-06|CS-06|CS-08|CS-09|CS-10,69.80127429,76.03864766,0.18816747,0.75827829,7700000.00000000
0.50000000,Hyderabad,HYD-02|HYD-04|HYD-05|HYD-06|CS-06|CS-08|CS-09|CS-10,76.68198817,82.91936154,0.18816747,0.75827829,7700000.00000000
1.00000000,Hyderabad,HYD-02|HYD-04|HYD-05|HYD-06|CS-06|CS-08|CS-09|CS-10,83.56270205,89.80007542,0.18816747,0.75827829,7700000.00000000
1.50000000,Hyderabad,HYD-02|HYD-04|HYD-05|HYD-06|CS-06|CS-08|CS-09|CS-10,90.44341593,96.68078930,0.18816747,0.75827829,7700000.00000000
2.00000000,Hyderabad,HYD-02|HYD-04|HYD-05|HYD-06|CS-06|CS-08|CS-09|CS-10,97.32412981,103.56150318,0.18816747,0.75827829,7700000.00000000
0.00000000,Hyderabad,HYD-01|HYD-02|HYD-04|HYD-05|HYD-06|CS-06|CS-08|CS-09|CS-10,71.30800189,77.54537526,0.18778943,0.75827829,7700000.00000000
0.50000000,Hyderabad,HYD-01|HYD-02|HYD-04|HYD-05|HYD-06|CS-06|CS-08|CS-09|CS-10,79.16125999,85.39863336,0.18778943,0.75827829,7700000.00000000
1.00000000,Hyderabad,HYD-01|HYD-02|HYD-04|HYD-05|HYD-06|CS-06|CS-08|CS-09|CS-10,87.01451809,93.25189146,0.18778943,0.75827829,7700000.00000000
1.50000000,Hyderabad,HYD-01|HYD-02|HYD-04|HYD-05|HYD-06|CS-06|CS-08|CS-09|CS-10,94.86777618,101.10514955,0.18778943,0.75827829,7700000.00000000
2.00000000,Hyderabad,HYD-01|HYD-02|HYD-04|HYD-05|HYD-06|CS-06|CS-08|CS-09|CS-10,102.72103428,108.95840765,0.18778943,0.75827829,7700000.00000000
0.00000000,Hyderabad,HYD-03|HYD-04|HYD-05|HYD-06|CS-06|CS-08|CS-09|CS-10,67.70180026,73.93917363,0.15070027,0.78181182,7700000.00000000
0.50000000,Hyderabad,HYD-03|HYD-04|HYD-05|HYD-06|CS-06|CS-08|CS-09|CS-10,74.49502890,80.73240227,0.15070027,0.78181182,7700000.00000000
1.00000000,Hyderabad,HYD-03|HYD-04|HYD-05|HYD-06|CS-06|CS-08|CS-09|CS-10,81.28825754,87.52563091,0.15070027,0.78181182,7700000.00000000
1.50000000,Hyderabad,HYD-03|HYD-04|HYD-05|HYD-06|CS-06|CS-08|CS-09|CS-10,88.08148619,94.31885955,0.15070027,0.78181182,7700000.00000000
2.00000000,Hyderabad,HYD-03|HYD-04|HYD-05|HYD-06|CS-06|CS-08|CS-09|CS-10,94.87471483,101.11208820,0.15070027,0.78181182,7700000.00000000
0.00000000,Hyderabad,HYD-01|HYD-03|HYD-04|HYD-05|HYD-06|CS-06|CS-08|CS-09|CS-10,69.20852786,75.44590123,0.15032221,0.78181182,7700000.00000000
0.50000000,Hyderabad,HYD-01|HYD-03|HYD-04|HYD-05|HYD-06|CS-06|CS-08|CS-09|CS-10,76.97430072,83.21167409,0.15032221,0.78181182,7700000.00000000
1.00000000,Hyderabad,HYD-01|HYD-03|HYD-04|HYD-05|HYD-06|CS-06|CS-08|CS-09|CS-10,84.74007358,90.97744695,0.15032221,0.78181182,7700000.00000000
1.50000000,Hyderabad,HYD-01|HYD-03|HYD-04|HYD-05|HYD-06|CS-06|CS-08|CS-09|CS-10,92.50584644,98.74321981,0.15032221,0.78181182,7700000.00000000
2.00000000,Hyderabad,HYD-01|HYD-03|HYD-04|HYD-05|HYD-06|CS-06|CS-08|CS-09|CS-10,100.27161930,106.50899267,0.15032221,0.78181182,7700000.00000000
0.00000000,Hyderabad,HYD-02|HYD-03|HYD-04|HYD-05|HYD-06|CS-06|CS-08|CS-09|CS-10,66.87222053,73.10959390,0.11741762,0.83978537,7700000.00000000
0.50000000,Hyderabad,HYD-02|HYD-03|HYD-04|HYD-05|HYD-06|CS-06|CS-08|CS-09|CS-10,74.60883164,80.84620501,0.11741762,0.83978537,7700000.00000000
1.00000000,Hyderabad,HYD-02|HYD-03|HYD-04|HYD-05|HYD-06|CS-06|CS-08|CS-09|CS-10,82.34544275,88.58281612,0.11741762,0.83978537,7700000.00000000
1.50000000,Hyderabad,HYD-02|HYD-03|HYD-04|HYD-05|HYD-06|CS-06|CS-08|CS-09|CS-10,90.08205387,96.31942724,0.11741762,0.83978537,7700000.00000000
2.00000000,Hyderabad,HYD-02|HYD-03|HYD-04|HYD-05|HYD-06|CS-06|CS-08|CS-09|CS-10,97.81866498,104.05603835,0.11741762,0.83978537,7700000.00000000
0.00000000,Hyderabad,HYD-01|HYD-02|HYD-03|HYD-04|HYD-05|HYD-06|CS-06|CS-08|CS-09|CS-10,68.37894813,74.61632150,0.11703958,0.83978537,7700000.00000000
0.50000000,Hyderabad,HYD-01|HYD-02|HYD-03|HYD-04|HYD-05|HYD-06|CS-06|CS-08|CS-09|CS-10,77.08810346,83.32547683,0.11703958,0.83978537,7700000.00000000
1.00000000,Hyderabad,HYD-01|HYD-02|HYD-03|HYD-04|HYD-05|HYD-06|CS-06|CS-08|CS-09|CS-10,85.79725879,92.03463216,0.11703958,0.83978537,7700000.00000000
1.50000000,Hyderabad,HYD-01|HYD-02|HYD-03|HYD-04|HYD-05|HYD-06|CS-06|CS-08|CS-09|CS-10,94.50641412,100.74378749,0.11703958,0.83978537,7700000.00000000
2.00000000,Hyderabad,HYD-01|HYD-02|HYD-03|HYD-04|HYD-05|HYD-06|CS-06|CS-08|CS-09|CS-10,103.21556945,109.45294282,0.11703958,0.83978537,7700000.00000000
0.00000000,Hyderabad,HYD-01|HYD-02|HYD-03|HYD-05|CS-07|CS-08|CS-09|CS-10,72.01604706,78.14001364,0.21723777,0.71148827,7560000.00000000
0.50000000,Hyderabad,HYD-01|HYD-02|HYD-03|HYD-05|CS-07|CS-08|CS-09|CS-10,79.01194983,85.13591641,0.21723777,0.71148827,7560000.00000000
1.00000000,Hyderabad,HYD-01|HYD-02|HYD-03|HYD-05|CS-07|CS-08|CS-09|CS-10,86.00785261,92.13181919,0.21723777,0.71148827,7560000.00000000
1.50000000,Hyderabad,HYD-01|HYD-02|HYD-03|HYD-05|CS-07|CS-08|CS-09|CS-10,93.00375538,99.12772196,0.21723777,0.71148827,7560000.00000000
2.00000000,Hyderabad,HYD-01|HYD-02|HYD-03|HYD-05|CS-07|CS-08|CS-09|CS-10,99.99965816,106.12362474,0.21723777,0.71148827,7560000.00000000
0.00000000,Hyderabad,HYD-02|HYD-03|HYD-04|HYD-05|CS-07|CS-08|CS-09|CS-10,69.77448264,75.89844922,0.18713534,0.73411778,7560000.00000000
0.50000000,Hyderabad,HYD-02|HYD-03|HYD-04|HYD-05|CS-07|CS-08|CS-09|CS-10,76.63478330,82.75874988,0.18713534,0.73411778,7560000.00000000
1.00000000,Hyderabad,HYD-02|HYD-03|HYD-04|HYD-05|CS-07|CS-08|CS-09|CS-10,83.49508395,89.61905053,0.18713534,0.73411778,7560000.00000000
1.50000000,Hyderabad,HYD-02|HYD-03|HYD-04|HYD-05|CS-07|CS-08|CS-09|CS-10,90.35538461,96.47935119,0.18713534,0.73411778,7560000.00000000
2.00000000,Hyderabad,HYD-02|HYD-03|HYD-04|HYD-05|CS-07|CS-08|CS-09|CS-10,97.21568527,103.33965185,0.18713534,0.73411778,7560000.00000000
0.00000000,Hyderabad,HYD-01|HYD-02|HYD-03|HYD-04|HYD-05|CS-07|CS-08|CS-09|CS-10,71.26098168,77.38494826,0.18632179,0.73755887,7560000.00000000
0.50000000,Hyderabad,HYD-01|HYD-02|HYD-03|HYD-04|HYD-05|CS-07|CS-08|CS-09|CS-10,79.09382656,85.21779314,0.18632179,0.73755887,7560000.00000000
1.00000000,Hyderabad,HYD-01|HYD-02|HYD-03|HYD-04|HYD-05|CS-07|CS-08|CS-09|CS-10,86.92667143,93.05063801,0.18632179,0.73755887,7560000.00000000
1.50000000,Hyderabad,HYD-01|HYD-02|HYD-03|HYD-04|HYD-05|CS-07|CS-08|CS-09|CS-10,94.75951630,100.88348289,0.18632179,0.73755887,7560000.00000000
2.00000000,Hyderabad,HYD-01|HYD-02|HYD-03|HYD-04|HYD-05|CS-07|CS-08|CS-09|CS-10,102.59236118,108.71632776,0.18632179,0.73755887,7560000.00000000
0.00000000,Hyderabad,HYD-02|HYD-03|HYD-06|CS-07|CS-08|CS-09|CS-10,69.89930883,76.02327541,0.21086329,0.71628538,7560000.00000000
0.50000000,Hyderabad,HYD-02|HYD-03|HYD-06|CS-07|CS-08|CS-09|CS-10,76.03931437,82.16328095,0.21086329,0.71628538,7560000.00000000
1.00000000,Hyderabad,HYD-02|HYD-03|HYD-06|CS-07|CS-08|CS-09|CS-10,82.17931991,88.30328649,0.21086329,0.71628538,7560000.00000000
1.50000000,Hyderabad,HYD-02|HYD-03|HYD-06|CS-07|CS-08|CS-09|CS-10,88.31932545,94.44329203,0.21086329,0.71628538,7560000.00000000
2.00000000,Hyderabad,HYD-02|HYD-03|HYD-06|CS-07|CS-08|CS-09|CS-10,94.45933099,100.58329757,0.21086329,0.71628538,7560000.00000000
0.00000000,Hyderabad,HYD-01|HYD-02|HYD-03|HYD-06|CS-07|CS-08|CS-09|CS-10,71.22551950,77.34948608,0.20705692,0.72908738,7560000.00000000
0.50000000,Hyderabad,HYD-01|HYD-02|HYD-03|HYD-06|CS-07|CS-08|CS-09|CS-10,78.33806926,84.46203584,0.20705692,0.72908738,7560000.00000000
1.00000000,Hyderabad,HYD-01|HYD-02|HYD-03|HYD-06|CS-07|CS-08|CS-09|CS-10,85.45061902,91.57458560,0.20705692,0.72908738,7560000.00000000
1.50000000,Hyderabad,HYD-01|HYD-02|HYD-03|HYD-06|CS-07|CS-08|CS-09|CS-10,92.56316877,98.68713536,0.20705692,0.72908738,7560000.00000000
2.00000000,Hyderabad,HYD-01|HYD-02|HYD-03|HYD-06|CS-07|CS-08|CS-09|CS-10,99.67571853,105.79968511,0.20705692,0.72908738,7560000.00000000
0.00000000,Hyderabad,HYD-02|HYD-03|HYD-04|HYD-06|CS-07|CS-08|CS-09|CS-10,68.96372652,75.08769311,0.17651898,0.75515798,7560000.00000000
0.50000000,Hyderabad,HYD-02|HYD-03|HYD-04|HYD-06|CS-07|CS-08|CS-09|CS-10,75.94067416,82.06464075,0.17651898,0.75515798,7560000.00000000
1.00000000,Hyderabad,HYD-02|HYD-03|HYD-04|HYD-06|CS-07|CS-08|CS-09|CS-10,82.91762180,89.04158839,0.17651898,0.75515798,7560000.00000000
1.50000000,Hyderabad,HYD-02|HYD-03|HYD-04|HYD-06|CS-07|CS-08|CS-09|CS-10,89.89456944,96.01853603,0.17651898,0.75515798,7560000.00000000
2.00000000,Hyderabad,HYD-02|HYD-03|HYD-04|HYD-06|CS-07|CS-08|CS-09|CS-10,96.87151708,102.99548367,0.17651898,0.75515798,7560000.00000000
0.00000000,Hyderabad,HYD-01|HYD-02|HYD-03|HYD-04|HYD-06|CS-07|CS-08|CS-09|CS-10,70.47045413,76.59442071,0.17614095,0.75515798,7560000.00000000
0.50000000,Hyderabad,HYD-01|HYD-02|HYD-03|HYD-04|HYD-06|CS-07|CS-08|CS-09|CS-10,78.41994598,84.54391256,0.17614095,0.75515798,7560000.00000000
1.00000000,Hyderabad,HYD-01|HYD-02|HYD-03|HYD-04|HYD-06|CS-07|CS-08|CS-09|CS-10,86.36943784,92.49340442,0.17614095,0.75515798,7560000.00000000
1.50000000,Hyderabad,HYD-01|HYD-02|HYD-03|HYD-04|HYD-06|CS-07|CS-08|CS-09|CS-10,94.31892970,100.44289628,0.17614095,0.75515798,7560000.00000000
2.00000000,Hyderabad,HYD-01|HYD-02|HYD-03|HYD-04|HYD-06|CS-07|CS-08|CS-09|CS-10,102.26842155,108.39238813,0.17614095,0.75515798,7560000.00000000
0.00000000,Hyderabad,HYD-03|HYD-05|HYD-06|CS-07|CS-08|CS-09|CS-10,68.56423192,74.68819850,0.19008531,0.73039966,7560000.00000000
0.50000000,Hyderabad,HYD-03|HYD-05|HYD-06|CS-07|CS-08|CS-09|CS-10,74.52051847,80.64448505,0.19008531,0.73039966,7560000.00000000
1.00000000,Hyderabad,HYD-03|HYD-05|HYD-06|CS-07|CS-08|CS-09|CS-10,80.47680501,86.60077159,0.19008531,0.73039966,7560000.00000000
1.50000000,Hyderabad,HYD-03|HYD-05|HYD-06|CS-07|CS-08|CS-09|CS-10,86.43309155,92.55705813,0.19008531,0.73039966,7560000.00000000
2.00000000,Hyderabad,HYD-03|HYD-05|HYD-06|CS-07|CS-08|CS-09|CS-10,92.38937810,98.51334468,0.19008531,0.73039966,7560000.00000000
0.00000000,Hyderabad,HYD-01|HYD-03|HYD-05|HYD-06|CS-07|CS-08|CS-09|CS-10,69.89044260,76.01440918,0.18627894,0.74320167,7560000.00000000
0.50000000,Hyderabad,HYD-01|HYD-03|HYD-05|HYD-06|CS-07|CS-08|CS-09|CS-10,76.81927336,82.94323994,0.18627894,0.74320167,7560000.00000000
1.00000000,Hyderabad,HYD-01|HYD-03|HYD-05|HYD-06|CS-07|CS-08|CS-09|CS-10,83.74810412,89.87207070,0.18627894,0.74320167,7560000.00000000
1.50000000,Hyderabad,HYD-01|HYD-03|HYD-05|HYD-06|CS-07|CS-08|CS-09|CS-10,90.67693488,96.80090146,0.18627894,0.74320167,7560000.00000000
2.00000000,Hyderabad,HYD-01|HYD-03|HYD-05|HYD-06|CS-07|CS-08|CS-09|CS-10,97.60576564,103.72973222,0.18627894,0.74320167,7560000.00000000
0.00000000,Hyderabad,HYD-02|HYD-03|HYD-05|HYD-06|CS-07|CS-08|CS-09|CS-10,67.73465219,73.85861877,0.15680265,0.78837321,7560000.00000000
0.50000000,Hyderabad,HYD-02|HYD-03|HYD-05|HYD-06|CS-07|CS-08|CS-09|CS-10,74.63432121,80.75828779,0.15680265,0.78837321,7560000.00000000
1.00000000,Hyderabad,HYD-02|HYD-03|HYD-05|HYD-06|CS-07|CS-08|CS-09|CS-10,81.53399022,87.65795680,0.15680265,0.78837321,7560000.00000000
1.50000000,Hyderabad,HYD-02|HYD-03|HYD-05|HYD-06|CS-07|CS-08|CS-09|CS-10,88.43365924,94.55762582,0.15680265,0.78837321,7560000.00000000
2.00000000,Hyderabad,HYD-02|HYD-03|HYD-05|HYD-06|CS-07|CS-08|CS-09|CS-10,95.33332825,101.45729483,0.15680265,0.78837321,7560000.00000000
0.00000000,Hyderabad,HYD-01|HYD-02|HYD-03|HYD-05|HYD-06|CS-07|CS-08|CS-09|CS-10,69.06086287,75.18482945,0.15299629,0.80117522,7560000.00000000
0.50000000,Hyderabad,HYD-01|HYD-02|HYD-03|HYD-05|HYD-06|CS-07|CS-08|CS-09|CS-10,76.93307610,83.05704268,0.15299629,0.80117522,7560000.00000000
1.00000000,Hyderabad,HYD-01|HYD-02|HYD-03|HYD-05|HYD-06|CS-07|CS-08|CS-09|CS-10,84.80528933,90.92925591,0.15299629,0.80117522,7560000.00000000
1.50000000,Hyderabad,HYD-01|HYD-02|HYD-03|HYD-05|HYD-06|CS-07|CS-08|CS-09|CS-10,92.67750256,98.80146914,0.15299629,0.80117522,7560000.00000000
2.00000000,Hyderabad,HYD-01|HYD-02|HYD-03|HYD-05|HYD-06|CS-07|CS-08|CS-09|CS-10,100.54971579,106.67368237,0.15299629,0.80117522,7560000.00000000
0.00000000,Hyderabad,HYD-02|HYD-04|HYD-05|HYD-06|CS-07|CS-08|CS-09|CS-10,69.72812366,75.85209024,0.19320822,0.74573874,7560000.00000000
0.50000000,Hyderabad,HYD-02|HYD-04|HYD-05|HYD-06|CS-07|CS-08|CS-09|CS-10,76.60883754,82.73280412,0.19320822,0.74573874,7560000.00000000
1.00000000,Hyderabad,HYD-02|HYD-04|HYD-05|HYD-06|CS-07|CS-08|CS-09|CS-10,83.48955142,89.61351800,0.19320822,0.74573874,7560000.00000000
1.50000000,Hyderabad,HYD-02|HYD-04|HYD-05|HYD-06|CS-07|CS-08|CS-09|CS-10,90.37026530,96.49423188,0.19320822,0.74573874,7560000.00000000
2.00000000,Hyderabad,HYD-02|HYD-04|HYD-05|HYD-06|CS-07|CS-08|CS-09|CS-10,97.25097918,103.37494576,0.19320822,0.74573874,7560000.00000000
0.00000000,Hyderabad,HYD-01|HYD-02|HYD-04|HYD-05|HYD-06|CS-07|CS-08|CS-09|CS-10,71.23485126,77.35881784,0.19283016,0.74573874,7560000.00000000
0.50000000,Hyderabad,HYD-01|HYD-02|HYD-04|HYD-05|HYD-06|CS-07|CS-08|CS-09|CS-10,79.08810936,85.21207594,0.19283016,0.74573874,7560000.00000000
1.00000000,Hyderabad,HYD-01|HYD-02|HYD-04|HYD-05|HYD-06|CS-07|CS-08|CS-09|CS-10,86.94136745,93.06533403,0.19283016,0.74573874,7560000.00000000
1.50000000,Hyderabad,HYD-01|HYD-02|HYD-04|HYD-05|HYD-06|CS-07|CS-08|CS-09|CS-10,94.79462555,100.91859213,0.19283016,0.74573874,7560000.00000000
2.00000000,Hyderabad,HYD-01|HYD-02|HYD-04|HYD-05|HYD-06|CS-07|CS-08|CS-09|CS-10,102.64788364,108.77185022,0.19283016,0.74573874,7560000.00000000
0.00000000,Hyderabad,HYD-03|HYD-04|HYD-05|HYD-06|CS-07|CS-08|CS-09|CS-10,67.62864962,73.75261620,0.15574101,0.76927227,7560000.00000000
0.50000000,Hyderabad,HYD-03|HYD-04|HYD-05|HYD-06|CS-07|CS-08|CS-09|CS-10,74.42187827,80.54584485,0.15574101,0.76927227,7560000.00000000
1.00000000,Hyderabad,HYD-03|HYD-04|HYD-05|HYD-06|CS-07|CS-08|CS-09|CS-10,81.21510691,87.33907349,0.15574101,0.76927227,7560000.00000000
1.50000000,Hyderabad,HYD-03|HYD-04|HYD-05|HYD-06|CS-07|CS-08|CS-09|CS-10,88.00833555,94.13230213,0.15574101,0.76927227,7560000.00000000
2.00000000,Hyderabad,HYD-03|HYD-04|HYD-05|HYD-06|CS-07|CS-08|CS-09|CS-10,94.80156419,100.92553077,0.15574101,0.76927227,7560000.00000000
0.00000000,Hyderabad,HYD-01|HYD-03|HYD-04|HYD-05|HYD-06|CS-07|CS-08|CS-09|CS-10,69.13537723,75.25934381,0.15536296,0.76927227,7560000.00000000
0.50000000,Hyderabad,HYD-01|HYD-03|HYD-04|HYD-05|HYD-06|CS-07|CS-08|CS-09|CS-10,76.90115008,83.02511666,0.15536296,0.76927227,7560000.00000000
1.00000000,Hyderabad,HYD-01|HYD-03|HYD-04|HYD-05|HYD-06|CS-07|CS-08|CS-09|CS-10,84.66692294,90.79088952,0.15536296,0.76927227,7560000.00000000
1.50000000,Hyderabad,HYD-01|HYD-03|HYD-04|HYD-05|HYD-06|CS-07|CS-08|CS-09|CS-10,92.43269580,98.55666238,0.15536296,0.76927227,7560000.00000000
2.00000000,Hyderabad,HYD-01|HYD-03|HYD-04|HYD-05|HYD-06|CS-07|CS-08|CS-09|CS-10,100.19846866,106.32243524,0.15536296,0.76927227,7560000.00000000
0.00000000,Hyderabad,HYD-02|HYD-03|HYD-04|HYD-05|HYD-06|CS-07|CS-08|CS-09|CS-10,66.79906989,72.92303647,0.12245836,0.82724582,7560000.00000000
0.50000000,Hyderabad,HYD-02|HYD-03|HYD-04|HYD-05|HYD-06|CS-07|CS-08|CS-09|CS-10,74.53568101,80.65964759,0.12245836,0.82724582,7560000.00000000
1.00000000,Hyderabad,HYD-02|HYD-03|HYD-04|HYD-05|HYD-06|CS-07|CS-08|CS-09|CS-10,82.27229212,88.39625870,0.12245836,0.82724582,7560000.00000000
1.50000000,Hyderabad,HYD-02|HYD-03|HYD-04|HYD-05|HYD-06|CS-07|CS-08|CS-09|CS-10,90.00890323,96.13286981,0.12245836,0.82724582,7560000.00000000
2.00000000,Hyderabad,HYD-02|HYD-03|HYD-04|HYD-05|HYD-06|CS-07|CS-08|CS-09|CS-10,97.74551435,103.86948093,0.12245836,0.82724582,7560000.00000000
0.00000000,Hyderabad,HYD-01|HYD-02|HYD-03|HYD-04|HYD-05|HYD-06|CS-07|CS-08|CS-09|CS-10,68.30579749,74.42976407,0.12208030,0.82724582,7560000.00000000
0.50000000,Hyderabad,HYD-01|HYD-02|HYD-03|HYD-04|HYD-05|HYD-06|CS-07|CS-08|CS-09|CS-10,77.01495282,83.13891940,0.12208030,0.82724582,7560000.00000000
1.00000000,Hyderabad,HYD-01|HYD-02|HYD-03|HYD-04|HYD-05|HYD-06|CS-07|CS-08|CS-09|CS-10,85.72410815,91.84807474,0.12208030,0.82724582,7560000.00000000
1.50000000,Hyderabad,HYD-01|HYD-02|HYD-03|HYD-04|HYD-05|HYD-06|CS-07|CS-08|CS-09|CS-10,94.43326348,100.55723007,0.12208030,0.82724582,7560000.00000000
2.00000000,Hyderabad,HYD-01|HYD-02|HYD-03|HYD-04|HYD-05|HYD-06|CS-07|CS-08|CS-09|CS-10,103.14241881,109.26638540,0.12208030,0.82724582,7560000.00000000
0.00000000,Hyderabad,HYD-02|HYD-03|CS-06|CS-07|CS-08|CS-09|CS-10,71.47285701,78.99010700,0.21380039,0.70826590,9280000.00000000
0.50000000,Hyderabad,HYD-02|HYD-03|CS-06|CS-07|CS-08|CS-09|CS-10,77.60265594,85.11990593,0.21380039,0.70826590,9280000.00000000
1.00000000,Hyderabad,HYD-02|HYD-03|CS-06|CS-07|CS-08|CS-09|CS-10,83.73245487,91.24970486,0.21380039,0.70826590,9280000.00000000
1.50000000,Hyderabad,HYD-02|HYD-03|CS-06|CS-07|CS-08|CS-09|CS-10,89.86225380,97.37950379,0.21380039,0.70826590,9280000.00000000
2.00000000,Hyderabad,HYD-02|HYD-03|CS-06|CS-07|CS-08|CS-09|CS-10,95.99205273,103.50930272,0.21380039,0.70826590,9280000.00000000
0.00000000,Hyderabad,HYD-01|HYD-02|HYD-03|CS-06|CS-07|CS-08|CS-09|CS-10,72.81782908,80.33507906,0.21039903,0.72210315,9280000.00000000
0.50000000,Hyderabad,HYD-01|HYD-02|HYD-03|CS-06|CS-07|CS-08|CS-09|CS-10,79.92017222,87.43742221,0.21039903,0.72210315,9280000.00000000
1.00000000,Hyderabad,HYD-01|HYD-02|HYD-03|CS-06|CS-07|CS-08|CS-09|CS-10,87.02251537,94.53976535,0.21039903,0.72210315,9280000.00000000
1.50000000,Hyderabad,HYD-01|HYD-02|HYD-03|CS-06|CS-07|CS-08|CS-09|CS-10,94.12485852,101.64210850,0.21039903,0.72210315,9280000.00000000
2.00000000,Hyderabad,HYD-01|HYD-02|HYD-03|CS-06|CS-07|CS-08|CS-09|CS-10,101.22720166,108.74445164,0.21039903,0.72210315,9280000.00000000
0.00000000,Hyderabad,HYD-02|HYD-03|HYD-04|CS-06|CS-07|CS-08|CS-09|CS-10,71.40944028,78.92669027,0.19692154,0.72983101,9280000.00000000
0.50000000,Hyderabad,HYD-02|HYD-03|HYD-04|CS-06|CS-07|CS-08|CS-09|CS-10,78.37618131,85.89343129,0.19692154,0.72983101,9280000.00000000
1.00000000,Hyderabad,HYD-02|HYD-03|HYD-04|CS-06|CS-07|CS-08|CS-09|CS-10,85.34292234,92.86017232,0.19692154,0.72983101,9280000.00000000
1.50000000,Hyderabad,HYD-02|HYD-03|HYD-04|CS-06|CS-07|CS-08|CS-09|CS-10,92.30966337,99.82691335,0.19692154,0.72983101,9280000.00000000
2.00000000,Hyderabad,HYD-02|HYD-03|HYD-04|CS-06|CS-07|CS-08|CS-09|CS-10,99.27640440,106.79365438,0.19692154,0.72983101,9280000.00000000
0.00000000,Hyderabad,HYD-01|HYD-02|HYD-03|HYD-04|CS-06|CS-07|CS-08|CS-09|CS-10,72.89593933,80.41318931,0.19610798,0.73327209,9280000.00000000
0.50000000,Hyderabad,HYD-01|HYD-02|HYD-03|HYD-04|CS-06|CS-07|CS-08|CS-09|CS-10,80.83522457,88.35247455,0.19610798,0.73327209,9280000.00000000
1.00000000,Hyderabad,HYD-01|HYD-02|HYD-03|HYD-04|CS-06|CS-07|CS-08|CS-09|CS-10,88.77450982,96.29175980,0.19610798,0.73327209,9280000.00000000
1.50000000,Hyderabad,HYD-01|HYD-02|HYD-03|HYD-04|CS-06|CS-07|CS-08|CS-09|CS-10,96.71379506,104.23104505,0.19610798,0.73327209,9280000.00000000
2.00000000,Hyderabad,HYD-01|HYD-02|HYD-03|HYD-04|CS-06|CS-07|CS-08|CS-09|CS-10,104.65308031,112.17033029,0.19610798,0.73327209,9280000.00000000
0.00000000,Hyderabad,HYD-03|HYD-05|CS-06|CS-07|CS-08|CS-09|CS-10,70.13778011,77.65503009,0.19302239,0.72238018,9280000.00000000
0.50000000,Hyderabad,HYD-03|HYD-05|CS-06|CS-07|CS-08|CS-09|CS-10,76.08386004,83.60111003,0.19302239,0.72238018,9280000.00000000
1.00000000,Hyderabad,HYD-03|HYD-05|CS-06|CS-07|CS-08|CS-09|CS-10,82.02993998,89.54718996,0.19302239,0.72238018,9280000.00000000
1.50000000,Hyderabad,HYD-03|HYD-05|CS-06|CS-07|CS-08|CS-09|CS-10,87.97601991,95.49326989,0.19302239,0.72238018,9280000.00000000
2.00000000,Hyderabad,HYD-03|HYD-05|CS-06|CS-07|CS-08|CS-09|CS-10,93.92209984,101.43934982,0.19302239,0.72238018,9280000.00000000
0.00000000,Hyderabad,HYD-01|HYD-03|HYD-05|CS-06|CS-07|CS-08|CS-09|CS-10,71.48275217,79.00000216,0.18962103,0.73621743,9280000.00000000
0.50000000,Hyderabad,HYD-01|HYD-03|HYD-05|CS-06|CS-07|CS-08|CS-09|CS-10,78.40137632,85.91862631,0.18962103,0.73621743,9280000.00000000
1.00000000,Hyderabad,HYD-01|HYD-03|HYD-05|CS-06|CS-07|CS-08|CS-09|CS-10,85.32000047,92.83725046,0.18962103,0.73621743,9280000.00000000
1.50000000,Hyderabad,HYD-01|HYD-03|HYD-05|CS-06|CS-07|CS-08|CS-09|CS-10,92.23862462,99.75587460,0.18962103,0.73621743,9280000.00000000
2.00000000,Hyderabad,HYD-01|HYD-03|HYD-05|CS-06|CS-07|CS-08|CS-09|CS-10,99.15724877,106.67449875,0.18962103,0.73621743,9280000.00000000
0.00000000,Hyderabad,HYD-02|HYD-03|HYD-05|CS-06|CS-07|CS-08|CS-09|CS-10,69.30820038,76.82545036,0.15973975,0.78035373,9280000.00000000
0.50000000,Hyderabad,HYD-02|HYD-03|HYD-05|CS-06|CS-07|CS-08|CS-09|CS-10,76.19766278,83.71491277,0.15973975,0.78035373,9280000.00000000
1.00000000,Hyderabad,HYD-02|HYD-03|HYD-05|CS-06|CS-07|CS-08|CS-09|CS-10,83.08712519,90.60437517,0.15973975,0.78035373,9280000.00000000
1.50000000,Hyderabad,HYD-02|HYD-03|HYD-05|CS-06|CS-07|CS-08|CS-09|CS-10,89.97658759,97.49383757,0.15973975,0.78035373,9280000.00000000
2.00000000,Hyderabad,HYD-02|HYD-03|HYD-05|CS-06|CS-07|CS-08|CS-09|CS-10,96.86604999,104.38329998,0.15973975,0.78035373,9280000.00000000
0.00000000,Hyderabad,HYD-01|HYD-02|HYD-03|HYD-05|CS-06|CS-07|CS-08|CS-09|CS-10,70.65317244,78.17042243,0.15633839,0.79419098,9280000.00000000
0.50000000,Hyderabad,HYD-01|HYD-02|HYD-03|HYD-05|CS-06|CS-07|CS-08|CS-09|CS-10,78.51517906,86.03242905,0.15633839,0.79419098,9280000.00000000
1.00000000,Hyderabad,HYD-01|HYD-02|HYD-03|HYD-05|CS-06|CS-07|CS-08|CS-09|CS-10,86.37718568,93.89443567,0.15633839,0.79419098,9280000.00000000
1.50000000,Hyderabad,HYD-01|HYD-02|HYD-03|HYD-05|CS-06|CS-07|CS-08|CS-09|CS-10,94.23919230,101.75644229,0.15633839,0.79419098,9280000.00000000
2.00000000,Hyderabad,HYD-01|HYD-02|HYD-03|HYD-05|CS-06|CS-07|CS-08|CS-09|CS-10,102.10119892,109.61844891,0.15633839,0.79419098,9280000.00000000
0.00000000,Hyderabad,HYD-02|HYD-04|HYD-05|CS-06|CS-07|CS-08|CS-09|CS-10,72.28394116,79.80119114,0.21532626,0.72041176,9280000.00000000
0.50000000,Hyderabad,HYD-02|HYD-04|HYD-05|CS-06|CS-07|CS-08|CS-09|CS-10,79.15444843,86.67169841,0.21532626,0.72041176,9280000.00000000
1.00000000,Hyderabad,HYD-02|HYD-04|HYD-05|CS-06|CS-07|CS-08|CS-09|CS-10,86.02495570,93.54220568,0.21532626,0.72041176,9280000.00000000
1.50000000,Hyderabad,HYD-02|HYD-04|HYD-05|CS-06|CS-07|CS-08|CS-09|CS-10,92.89546297,100.41271295,0.21532626,0.72041176,9280000.00000000
2.00000000,Hyderabad,HYD-02|HYD-04|HYD-05|CS-06|CS-07|CS-08|CS-09|CS-10,99.76597024,107.28322022,0.21532626,0.72041176,9280000.00000000
0.00000000,Hyderabad,HYD-01|HYD-02|HYD-04|HYD-05|CS-06|CS-07|CS-08|CS-09|CS-10,73.77044021,81.28769019,0.21451272,0.72385285,9280000.00000000
0.50000000,Hyderabad,HYD-01|HYD-02|HYD-04|HYD-05|CS-06|CS-07|CS-08|CS-09|CS-10,81.61349169,89.13074167,0.21451272,0.72385285,9280000.00000000
1.00000000,Hyderabad,HYD-01|HYD-02|HYD-04|HYD-05|CS-06|CS-07|CS-08|CS-09|CS-10,89.45654318,96.97379316,0.21451272,0.72385285,9280000.00000000
1.50000000,Hyderabad,HYD-01|HYD-02|HYD-04|HYD-05|CS-06|CS-07|CS-08|CS-09|CS-10,97.29959466,104.81684464,0.21451272,0.72385285,9280000.00000000
2.00000000,Hyderabad,HYD-01|HYD-02|HYD-04|HYD-05|CS-06|CS-07|CS-08|CS-09|CS-10,105.14264615,112.65989613,0.21451272,0.72385285,9280000.00000000
0.00000000,Hyderabad,HYD-03|HYD-04|HYD-05|CS-06|CS-07|CS-08|CS-09|CS-10,70.07436338,77.59161336,0.17614356,0.74394529,9280000.00000000
0.50000000,Hyderabad,HYD-03|HYD-04|HYD-05|CS-06|CS-07|CS-08|CS-09|CS-10,76.85738541,84.37463540,0.17614356,0.74394529,9280000.00000000
1.00000000,Hyderabad,HYD-03|HYD-04|HYD-05|CS-06|CS-07|CS-08|CS-09|CS-10,83.64040744,91.15765743,0.17614356,0.74394529,9280000.00000000
1.50000000,Hyderabad,HYD-03|HYD-04|HYD-05|CS-06|CS-07|CS-08|CS-09|CS-10,90.42342948,97.94067946,0.17614356,0.74394529,9280000.00000000
2.00000000,Hyderabad,HYD-03|HYD-04|HYD-05|CS-06|CS-07|CS-08|CS-09|CS-10,97.20645151,104.72370149,0.17614356,0.74394529,9280000.00000000
0.00000000,Hyderabad,HYD-01|HYD-03|HYD-04|HYD-05|CS-06|CS-07|CS-08|CS-09|CS-10,71.56086242,79.07811241,0.17533000,0.74738638,9280000.00000000
0.50000000,Hyderabad,HYD-01|HYD-03|HYD-04|HYD-05|CS-06|CS-07|CS-08|CS-09|CS-10,79.31642867,86.83367866,0.17533000,0.74738638,9280000.00000000
1.00000000,Hyderabad,HYD-01|HYD-03|HYD-04|HYD-05|CS-06|CS-07|CS-08|CS-09|CS-10,87.07199492,94.58924490,0.17533000,0.74738638,9280000.00000000
1.50000000,Hyderabad,HYD-01|HYD-03|HYD-04|HYD-05|CS-06|CS-07|CS-08|CS-09|CS-10,94.82756117,102.34481115,0.17533000,0.74738638,9280000.00000000
2.00000000,Hyderabad,HYD-01|HYD-03|HYD-04|HYD-05|CS-06|CS-07|CS-08|CS-09|CS-10,102.58312742,110.10037740,0.17533000,0.74738638,9280000.00000000
0.00000000,Hyderabad,HYD-02|HYD-03|HYD-04|HYD-05|CS-06|CS-07|CS-08|CS-09|CS-10,69.24478365,76.76203363,0.14286092,0.80191884,9280000.00000000
0.50000000,Hyderabad,HYD-02|HYD-03|HYD-04|HYD-05|CS-06|CS-07|CS-08|CS-09|CS-10,76.97118815,84.48843814,0.14286092,0.80191884,9280000.00000000
1.00000000,Hyderabad,HYD-02|HYD-03|HYD-04|HYD-05|CS-06|CS-07|CS-08|CS-09|CS-10,84.69759266,92.21484264,0.14286092,0.80191884,9280000.00000000
1.50000000,Hyderabad,HYD-02|HYD-03|HYD-04|HYD-05|CS-06|CS-07|CS-08|CS-09|CS-10,92.42399716,99.94124714,0.14286092,0.80191884,9280000.00000000
2.00000000,Hyderabad,HYD-02|HYD-03|HYD-04|HYD-05|CS-06|CS-07|CS-08|CS-09|CS-10,100.15040166,107.66765164,0.14286092,0.80191884,9280000.00000000
0.00000000,Hyderabad,HYD-01|HYD-02|HYD-03|HYD-04|HYD-05|CS-06|CS-07|CS-08|CS-09|CS-10,70.73128269,78.24853268,0.14204735,0.80535993,9280000.00000000
0.50000000,Hyderabad,HYD-01|HYD-02|HYD-03|HYD-04|HYD-05|CS-06|CS-07|CS-08|CS-09|CS-10,79.43023141,86.94748140,0.14204735,0.80535993,9280000.00000000
1.00000000,Hyderabad,HYD-01|HYD-02|HYD-03|HYD-04|HYD-05|CS-06|CS-07|CS-08|CS-09|CS-10,88.12918013,95.64643011,0.14204735,0.80535993,9280000.00000000
1.50000000,Hyderabad,HYD-01|HYD-02|HYD-03|HYD-04|HYD-05|CS-06|CS-07|CS-08|CS-09|CS-10,96.82812885,104.34537883,0.14204735,0.80535993,9280000.00000000
2.00000000,Hyderabad,HYD-01|HYD-02|HYD-03|HYD-04|HYD-05|CS-06|CS-07|CS-08|CS-09|CS-10,105.52707757,113.04432755,0.14204735,0.80535993,9280000.00000000
0.00000000,Hyderabad,HYD-02|HYD-06|CS-06|CS-07|CS-08|CS-09|CS-10,71.42649803,78.94374801,0.21987325,0.71988685,9280000.00000000
0.50000000,Hyderabad,HYD-02|HYD-06|CS-06|CS-07|CS-08|CS-09|CS-10,77.57671018,85.09396017,0.21987325,0.71988685,9280000.00000000
1.00000000,Hyderabad,HYD-02|HYD-06|CS-06|CS-07|CS-08|CS-09|CS-10,83.72692234,91.24417232,0.21987325,0.71988685,9280000.00000000
1.50000000,Hyderabad,HYD-02|HYD-06|CS-06|CS-07|CS-08|CS-09|CS-10,89.87713449,97.39438447,0.21987325,0.71988685,9280000.00000000
2.00000000,Hyderabad,HYD-02|HYD-06|CS-06|CS-07|CS-08|CS-09|CS-10,96.02734664,103.54459662,0.21987325,0.71988685,9280000.00000000
0.00000000,Hyderabad,HYD-01|HYD-02|HYD-06|CS-06|CS-07|CS-08|CS-09|CS-10,72.79169865,80.30894864,0.21690740,0.73028301,9280000.00000000
0.50000000,Hyderabad,HYD-01|HYD-02|HYD-06|CS-06|CS-07|CS-08|CS-09|CS-10,79.91445502,87.43170501,0.21690740,0.73028301,9280000.00000000
1.00000000,Hyderabad,HYD-01|HYD-02|HYD-06|CS-06|CS-07|CS-08|CS-09|CS-10,87.03721139,94.55446137,0.21690740,0.73028301,9280000.00000000
1.50000000,Hyderabad,HYD-01|HYD-02|HYD-06|CS-06|CS-07|CS-08|CS-09|CS-10,94.15996776,101.67721774,0.21690740,0.73028301,9280000.00000000
2.00000000,Hyderabad,HYD-01|HYD-02|HYD-06|CS-06|CS-07|CS-08|CS-09|CS-10,101.28272413,108.79997411,0.21690740,0.73028301,9280000.00000000
0.00000000,Hyderabad,HYD-03|HYD-06|CS-06|CS-07|CS-08|CS-09|CS-10,69.32702400,76.84427398,0.18240604,0.74342038,9280000.00000000
0.50000000,Hyderabad,HYD-03|HYD-06|CS-06|CS-07|CS-08|CS-09|CS-10,75.38975091,82.90700089,0.18240604,0.74342038,9280000.00000000
1.00000000,Hyderabad,HYD-03|HYD-06|CS-06|CS-07|CS-08|CS-09|CS-10,81.45247783,88.96972781,0.18240604,0.74342038,9280000.00000000
1.50000000,Hyderabad,HYD-03|HYD-06|CS-06|CS-07|CS-08|CS-09|CS-10,87.51520474,95.03245472,0.18240604,0.74342038,9280000.00000000
2.00000000,Hyderabad,HYD-03|HYD-06|CS-06|CS-07|CS-08|CS-09|CS-10,93.57793166,101.09518164,0.18240604,0.74342038,9280000.00000000
0.00000000,Hyderabad,HYD-01|HYD-03|HYD-06|CS-06|CS-07|CS-08|CS-09|CS-10,70.69222462,78.20947460,0.17944019,0.75381654,9280000.00000000
0.50000000,Hyderabad,HYD-01|HYD-03|HYD-06|CS-06|CS-07|CS-08|CS-09|CS-10,77.72749575,85.24474573,0.17944019,0.75381654,9280000.00000000
1.00000000,Hyderabad,HYD-01|HYD-03|HYD-06|CS-06|CS-07|CS-08|CS-09|CS-10,84.76276688,92.28001686,0.17944019,0.75381654,9280000.00000000
1.50000000,Hyderabad,HYD-01|HYD-03|HYD-06|CS-06|CS-07|CS-08|CS-09|CS-10,91.79803801,99.31528800,0.17944019,0.75381654,9280000.00000000
2.00000000,Hyderabad,HYD-01|HYD-03|HYD-06|CS-06|CS-07|CS-08|CS-09|CS-10,98.83330915,106.35055913,0.17944019,0.75381654,9280000.00000000
0.00000000,Hyderabad,HYD-02|HYD-03|HYD-06|CS-06|CS-07|CS-08|CS-09|CS-10,68.49744427,76.01469425,0.14912340,0.80139393,9280000.00000000
0.50000000,Hyderabad,HYD-02|HYD-03|HYD-06|CS-06|CS-07|CS-08|CS-09|CS-10,75.50355365,83.02080363,0.14912340,0.80139393,9280000.00000000
1.00000000,Hyderabad,HYD-02|HYD-03|HYD-06|CS-06|CS-07|CS-08|CS-09|CS-10,82.50966304,90.02691302,0.14912340,0.80139393,9280000.00000000
1.50000000,Hyderabad,HYD-02|HYD-03|HYD-06|CS-06|CS-07|CS-08|CS-09|CS-10,89.51577242,97.03302241,0.14912340,0.80139393,9280000.00000000
2.00000000,Hyderabad,HYD-02|HYD-03|HYD-06|CS-06|CS-07|CS-08|CS-09|CS-10,96.52188181,104.03913179,0.14912340,0.80139393,9280000.00000000
0.00000000,Hyderabad,HYD-01|HYD-02|HYD-03|HYD-06|CS-06|CS-07|CS-08|CS-09|CS-10,69.86264489,77.37989487,0.14615753,0.81179009,9280000.00000000
0.50000000,Hyderabad,HYD-01|HYD-02|HYD-03|HYD-06|CS-06|CS-07|CS-08|CS-09|CS-10,77.84129849,85.35854847,0.14615753,0.81179009,9280000.00000000
1.00000000,Hyderabad,HYD-01|HYD-02|HYD-03|HYD-06|CS-06|CS-07|CS-08|CS-09|CS-10,85.81995209,93.33720208,0.14615753,0.81179009,9280000.00000000
1.50000000,Hyderabad,HYD-01|HYD-02|HYD-03|HYD-06|CS-06|CS-07|CS-08|CS-09|CS-10,93.79860570,101.31585568,0.14615753,0.81179009,9280000.00000000
2.00000000,Hyderabad,HYD-01|HYD-02|HYD-03|HYD-06|CS-06|CS-07|CS-08|CS-09|CS-10,101.77725930,109.29450928,0.14615753,0.81179009,9280000.00000000
0.00000000,Hyderabad,HYD-02|HYD-04|HYD-06|CS-06|CS-07|CS-08|CS-09|CS-10,71.36308130,78.88033128,0.20299439,0.74145196,9280000.00000000
0.50000000,Hyderabad,HYD-02|HYD-04|HYD-06|CS-06|CS-07|CS-08|CS-09|CS-10,78.35023555,85.86748554,0.20299439,0.74145196,9280000.00000000
1.00000000,Hyderabad,HYD-02|HYD-04|HYD-06|CS-06|CS-07|CS-08|CS-09|CS-10,85.33738980,92.85463979,0.20299439,0.74145196,9280000.00000000
1.50000000,Hyderabad,HYD-02|HYD-04|HYD-06|CS-06|CS-07|CS-08|CS-09|CS-10,92.32454405,99.84179404,0.20299439,0.74145196,9280000.00000000
2.00000000,Hyderabad,HYD-02|HYD-04|HYD-06|CS-06|CS-07|CS-08|CS-09|CS-10,99.31169831,106.82894829,0.20299439,0.74145196,9280000.00000000
0.00000000,Hyderabad,HYD-01|HYD-02|HYD-04|HYD-06|CS-06|CS-07|CS-08|CS-09|CS-10,72.86980890,80.38705889,0.20261635,0.74145196,9280000.00000000
0.50000000,Hyderabad,HYD-01|HYD-02|HYD-04|HYD-06|CS-06|CS-07|CS-08|CS-09|CS-10,80.82950737,88.34675735,0.20261635,0.74145196,9280000.00000000
1.00000000,Hyderabad,HYD-01|HYD-02|HYD-04|HYD-06|CS-06|CS-07|CS-08|CS-09|CS-10,88.78920584,96.30645582,0.20261635,0.74145196,9280000.00000000
1.50000000,Hyderabad,HYD-01|HYD-02|HYD-04|HYD-06|CS-06|CS-07|CS-08|CS-09|CS-10,96.74890431,104.26615429,0.20261635,0.74145196,9280000.00000000
2.00000000,Hyderabad,HYD-01|HYD-02|HYD-04|HYD-06|CS-06|CS-07|CS-08|CS-09|CS-10,104.70860277,112.22585276,0.20261635,0.74145196,9280000.00000000
0.00000000,Hyderabad,HYD-03|HYD-04|HYD-06|CS-06|CS-07|CS-08|CS-09|CS-10,69.26360727,76.78085725,0.16552719,0.76498549,9280000.00000000
0.50000000,Hyderabad,HYD-03|HYD-04|HYD-06|CS-06|CS-07|CS-08|CS-09|CS-10,76.16327628,83.68052626,0.16552719,0.76498549,9280000.00000000
1.00000000,Hyderabad,HYD-03|HYD-04|HYD-06|CS-06|CS-07|CS-08|CS-09|CS-10,83.06294530,90.58019528,0.16552719,0.76498549,9280000.00000000
1.50000000,Hyderabad,HYD-03|HYD-04|HYD-06|CS-06|CS-07|CS-08|CS-09|CS-10,89.96261431,97.47986429,0.16552719,0.76498549,9280000.00000000
2.00000000,Hyderabad,HYD-03|HYD-04|HYD-06|CS-06|CS-07|CS-08|CS-09|CS-10,96.86228332,104.37953331,0.16552719,0.76498549,9280000.00000000
0.00000000,Hyderabad,HYD-01|HYD-03|HYD-04|HYD-06|CS-06|CS-07|CS-08|CS-09|CS-10,70.77033487,78.28758485,0.16514915,0.76498549,9280000.00000000
0.50000000,Hyderabad,HYD-01|HYD-03|HYD-04|HYD-06|CS-06|CS-07|CS-08|CS-09|CS-10,78.64254810,86.15979808,0.16514915,0.76498549,9280000.00000000
1.00000000,Hyderabad,HYD-01|HYD-03|HYD-04|HYD-06|CS-06|CS-07|CS-08|CS-09|CS-10,86.51476133,94.03201131,0.16514915,0.76498549,9280000.00000000
1.50000000,Hyderabad,HYD-01|HYD-03|HYD-04|HYD-06|CS-06|CS-07|CS-08|CS-09|CS-10,94.38697456,101.90422454,0.16514915,0.76498549,9280000.00000000
2.00000000,Hyderabad,HYD-01|HYD-03|HYD-04|HYD-06|CS-06|CS-07|CS-08|CS-09|CS-10,102.25918779,109.77643777,0.16514915,0.76498549,9280000.00000000
0.00000000,Hyderabad,HYD-02|HYD-03|HYD-04|HYD-06|CS-06|CS-07|CS-08|CS-09|CS-10,68.43402754,75.95127752,0.13224454,0.82295904,9280000.00000000
0.50000000,Hyderabad,HYD-02|HYD-03|HYD-04|HYD-06|CS-06|CS-07|CS-08|CS-09|CS-10,76.27707902,83.79432900,0.13224454,0.82295904,9280000.00000000
1.00000000,Hyderabad,HYD-02|HYD-03|HYD-04|HYD-06|CS-06|CS-07|CS-08|CS-09|CS-10,84.12013051,91.63738049,0.13224454,0.82295904,9280000.00000000
1.50000000,Hyderabad,HYD-02|HYD-03|HYD-04|HYD-06|CS-06|CS-07|CS-08|CS-09|CS-10,91.96318199,99.48043197,0.13224454,0.82295904,9280000.00000000
2.00000000,Hyderabad,HYD-02|HYD-03|HYD-04|HYD-06|CS-06|CS-07|CS-08|CS-09|CS-10,99.80623348,107.32348346,0.13224454,0.82295904,9280000.00000000
0.00000000,Hyderabad,HYD-01|HYD-02|HYD-03|HYD-04|HYD-06|CS-06|CS-07|CS-08|CS-09|CS-10,69.94075514,77.45800512,0.13186651,0.82295904,9280000.00000000
0.50000000,Hyderabad,HYD-01|HYD-02|HYD-03|HYD-04|HYD-06|CS-06|CS-07|CS-08|CS-09|CS-10,78.75635084,86.27360082,0.13186651,0.82295904,9280000.00000000
1.00000000,Hyderabad,HYD-01|HYD-02|HYD-03|HYD-04|HYD-06|CS-06|CS-07|CS-08|CS-09|CS-10,87.57194654,95.08919652,0.13186651,0.82295904,9280000.00000000
1.50000000,Hyderabad,HYD-01|HYD-02|HYD-03|HYD-04|HYD-06|CS-06|CS-07|CS-08|CS-09|CS-10,96.38754224,103.90479223,0.13186651,0.82295904,9280000.00000000
2.00000000,Hyderabad,HYD-01|HYD-02|HYD-03|HYD-04|HYD-06|CS-06|CS-07|CS-08|CS-09|CS-10,105.20313794,112.72038793,0.13186651,0.82295904,9280000.00000000
0.00000000,Hyderabad,HYD-02|HYD-05|HYD-06|CS-06|CS-07|CS-08|CS-09|CS-10,69.26184140,76.77909138,0.16581261,0.79197469,9280000.00000000
0.50000000,Hyderabad,HYD-02|HYD-05|HYD-06|CS-06|CS-07|CS-08|CS-09|CS-10,76.17171702,83.68896701,0.16581261,0.79197469,9280000.00000000
1.00000000,Hyderabad,HYD-02|HYD-05|HYD-06|CS-06|CS-07|CS-08|CS-09|CS-10,83.08159265,90.59884263,0.16581261,0.79197469,9280000.00000000
1.50000000,Hyderabad,HYD-02|HYD-05|HYD-06|CS-06|CS-07|CS-08|CS-09|CS-10,89.99146827,97.50871826,0.16581261,0.79197469,9280000.00000000
2.00000000,Hyderabad,HYD-02|HYD-05|HYD-06|CS-06|CS-07|CS-08|CS-09|CS-10,96.90134390,104.41859388,0.16581261,0.79197469,9280000.00000000
0.00000000,Hyderabad,HYD-01|HYD-02|HYD-05|HYD-06|CS-06|CS-07|CS-08|CS-09|CS-10,70.62704202,78.14429200,0.16284676,0.80237085,9280000.00000000
0.50000000,Hyderabad,HYD-01|HYD-02|HYD-05|HYD-06|CS-06|CS-07|CS-08|CS-09|CS-10,78.50946186,86.02671185,0.16284676,0.80237085,9280000.00000000
1.00000000,Hyderabad,HYD-01|HYD-02|HYD-05|HYD-06|CS-06|CS-07|CS-08|CS-09|CS-10,86.39188170,93.90913169,0.16284676,0.80237085,9280000.00000000
1.50000000,Hyderabad,HYD-01|HYD-02|HYD-05|HYD-06|CS-06|CS-07|CS-08|CS-09|CS-10,94.27430155,101.79155153,0.16284676,0.80237085,9280000.00000000
2.00000000,Hyderabad,HYD-01|HYD-02|HYD-05|HYD-06|CS-06|CS-07|CS-08|CS-09|CS-10,102.15672139,109.67397137,0.16284676,0.80237085,9280000.00000000
0.00000000,Hyderabad,HYD-03|HYD-05|HYD-06|CS-06|CS-07|CS-08|CS-09|CS-10,67.16236736,74.67961735,0.12834540,0.81550822,9280000.00000000
0.50000000,Hyderabad,HYD-03|HYD-05|HYD-06|CS-06|CS-07|CS-08|CS-09|CS-10,73.98475775,81.50200774,0.12834540,0.81550822,9280000.00000000
1.00000000,Hyderabad,HYD-03|HYD-05|HYD-06|CS-06|CS-07|CS-08|CS-09|CS-10,80.80714814,88.32439812,0.12834540,0.81550822,9280000.00000000
1.50000000,Hyderabad,HYD-03|HYD-05|HYD-06|CS-06|CS-07|CS-08|CS-09|CS-10,87.62953853,95.14678851,0.12834540,0.81550822,9280000.00000000
2.00000000,Hyderabad,HYD-03|HYD-05|HYD-06|CS-06|CS-07|CS-08|CS-09|CS-10,94.45192892,101.96917890,0.12834540,0.81550822,9280000.00000000
0.00000000,Hyderabad,HYD-01|HYD-03|HYD-05|HYD-06|CS-06|CS-07|CS-08|CS-09|CS-10,68.52756799,76.04481797,0.12537956,0.82590438,9280000.00000000
0.50000000,Hyderabad,HYD-01|HYD-03|HYD-05|HYD-06|CS-06|CS-07|CS-08|CS-09|CS-10,76.32250259,83.83975257,0.12537956,0.82590438,9280000.00000000
1.00000000,Hyderabad,HYD-01|HYD-03|HYD-05|HYD-06|CS-06|CS-07|CS-08|CS-09|CS-10,84.11743720,91.63468718,0.12537956,0.82590438,9280000.00000000
1.50000000,Hyderabad,HYD-01|HYD-03|HYD-05|HYD-06|CS-06|CS-07|CS-08|CS-09|CS-10,91.91237180,99.42962178,0.12537956,0.82590438,9280000.00000000
2.00000000,Hyderabad,HYD-01|HYD-03|HYD-05|HYD-06|CS-06|CS-07|CS-08|CS-09|CS-10,99.70730641,107.22455639,0.12537956,0.82590438,9280000.00000000
0.00000000,Hyderabad,HYD-02|HYD-03|HYD-05|HYD-06|CS-06|CS-07|CS-08|CS-09|CS-10,66.33278763,73.85003762,0.09506276,0.87348177,9280000.00000000
0.50000000,Hyderabad,HYD-02|HYD-03|HYD-05|HYD-06|CS-06|CS-07|CS-08|CS-09|CS-10,74.09856049,81.61581048,0.09506276,0.87348177,9280000.00000000
1.00000000,Hyderabad,HYD-02|HYD-03|HYD-05|HYD-06|CS-06|CS-07|CS-08|CS-09|CS-10,81.86433335,89.38158333,0.09506276,0.87348177,9280000.00000000
1.50000000,Hyderabad,HYD-02|HYD-03|HYD-05|HYD-06|CS-06|CS-07|CS-08|CS-09|CS-10,89.63010621,97.14735619,0.09506276,0.87348177,9280000.00000000
2.00000000,Hyderabad,HYD-02|HYD-03|HYD-05|HYD-06|CS-06|CS-07|CS-08|CS-09|CS-10,97.39587907,104.91312905,0.09506276,0.87348177,9280000.00000000
0.00000000,Hyderabad,HYD-01|HYD-02|HYD-03|HYD-05|HYD-06|CS-06|CS-07|CS-08|CS-09|CS-10,67.69798826,75.21523824,0.09209691,0.88387793,9280000.00000000
0.50000000,Hyderabad,HYD-01|HYD-02|HYD-03|HYD-05|HYD-06|CS-06|CS-07|CS-08|CS-09|CS-10,76.43630533,83.95355531,0.09209691,0.88387793,9280000.00000000
1.00000000,Hyderabad,HYD-01|HYD-02|HYD-03|HYD-05|HYD-06|CS-06|CS-07|CS-08|CS-09|CS-10,85.17462241,92.69187239,0.09209691,0.88387793,9280000.00000000
1.50000000,Hyderabad,HYD-01|HYD-02|HYD-03|HYD-05|HYD-06|CS-06|CS-07|CS-08|CS-09|CS-10,93.91293948,101.43018947,0.09209691,0.88387793,9280000.00000000
2.00000000,Hyderabad,HYD-01|HYD-02|HYD-03|HYD-05|HYD-06|CS-06|CS-07|CS-08|CS-09|CS-10,102.65125656,110.16850654,0.09209691,0.88387793,9280000.00000000
0.00000000,Hyderabad,HYD-04|HYD-05|HYD-06|CS-06|CS-07|CS-08|CS-09|CS-10,73.10115739,80.61840737,0.21468559,0.75339370,9280000.00000000
0.50000000,Hyderabad,HYD-04|HYD-05|HYD-06|CS-06|CS-07|CS-08|CS-09|CS-10,79.90459264,87.42184262,0.21468559,0.75339370,9280000.00000000
1.00000000,Hyderabad,HYD-04|HYD-05|HYD-06|CS-06|CS-07|CS-08|CS-09|CS-10,86.70802789,94.22527788,0.21468559,0.75339370,9280000.00000000
1.50000000,Hyderabad,HYD-04|HYD-05|HYD-06|CS-06|CS-07|CS-08|CS-09|CS-10,93.51146315,101.02871313,0.21468559,0.75339370,9280000.00000000
2.00000000,Hyderabad,HYD-04|HYD-05|HYD-06|CS-06|CS-07|CS-08|CS-09|CS-10,100.31489840,107.83214838,0.21468559,0.75339370,9280000.00000000
0.00000000,Hyderabad,HYD-01|HYD-04|HYD-05|HYD-06|CS-06|CS-07|CS-08|CS-09|CS-10,74.60788499,82.12513497,0.21430753,0.75339370,9280000.00000000
0.50000000,Hyderabad,HYD-01|HYD-04|HYD-05|HYD-06|CS-06|CS-07|CS-08|CS-09|CS-10,82.38386446,89.90111444,0.21430753,0.75339370,9280000.00000000
1.00000000,Hyderabad,HYD-01|HYD-04|HYD-05|HYD-06|CS-06|CS-07|CS-08|CS-09|CS-10,90.15984393,97.67709391,0.21430753,0.75339370,9280000.00000000
1.50000000,Hyderabad,HYD-01|HYD-04|HYD-05|HYD-06|CS-06|CS-07|CS-08|CS-09|CS-10,97.93582340,105.45307338,0.21430753,0.75339370,9280000.00000000
2.00000000,Hyderabad,HYD-01|HYD-04|HYD-05|HYD-06|CS-06|CS-07|CS-08|CS-09|CS-10,105.71180287,113.22905285,0.21430753,0.75339370,9280000.00000000
0.00000000,Hyderabad,HYD-02|HYD-04|HYD-05|HYD-06|CS-06|CS-07|CS-08|CS-09|CS-10,69.19842467,76.71567465,0.14893377,0.81353980,9280000.00000000
0.50000000,Hyderabad,HYD-02|HYD-04|HYD-05|HYD-06|CS-06|CS-07|CS-08|CS-09|CS-10,76.94524239,84.46249238,0.14893377,0.81353980,9280000.00000000
1.00000000,Hyderabad,HYD-02|HYD-04|HYD-05|HYD-06|CS-06|CS-07|CS-08|CS-09|CS-10,84.69206012,92.20931010,0.14893377,0.81353980,9280000.00000000
1.50000000,Hyderabad,HYD-02|HYD-04|HYD-05|HYD-06|CS-06|CS-07|CS-08|CS-09|CS-10,92.43887784,99.95612782,0.14893377,0.81353980,9280000.00000000
2.00000000,Hyderabad,HYD-02|HYD-04|HYD-05|HYD-06|CS-06|CS-07|CS-08|CS-09|CS-10,100.18569557,107.70294555,0.14893377,0.81353980,9280000.00000000
0.00000000,Hyderabad,HYD-01|HYD-02|HYD-04|HYD-05|HYD-06|CS-06|CS-07|CS-08|CS-09|CS-10,70.70515227,78.22240225,0.14855573,0.81353980,9280000.00000000
0.50000000,Hyderabad,HYD-01|HYD-02|HYD-04|HYD-05|HYD-06|CS-06|CS-07|CS-08|CS-09|CS-10,79.42451421,86.94176419,0.14855573,0.81353980,9280000.00000000
1.00000000,Hyderabad,HYD-01|HYD-02|HYD-04|HYD-05|HYD-06|CS-06|CS-07|CS-08|CS-09|CS-10,88.14387615,95.66112614,0.14855573,0.81353980,9280000.00000000
1.50000000,Hyderabad,HYD-01|HYD-02|HYD-04|HYD-05|HYD-06|CS-06|CS-07|CS-08|CS-09|CS-10,96.86323809,104.38048808,0.14855573,0.81353980,9280000.00000000
2.00000000,Hyderabad,HYD-01|HYD-02|HYD-04|HYD-05|HYD-06|CS-06|CS-07|CS-08|CS-09|CS-10,105.58260004,113.09985002,0.14855573,0.81353980,9280000.00000000
0.00000000,Hyderabad,HYD-03|HYD-04|HYD-05|HYD-06|CS-06|CS-07|CS-08|CS-09|CS-10,67.09895063,74.61620062,0.11146656,0.83707333,9280000.00000000
0.50000000,Hyderabad,HYD-03|HYD-04|HYD-05|HYD-06|CS-06|CS-07|CS-08|CS-09|CS-10,74.75828312,82.27553310,0.11146656,0.83707333,9280000.00000000
1.00000000,Hyderabad,HYD-03|HYD-04|HYD-05|HYD-06|CS-06|CS-07|CS-08|CS-09|CS-10,82.41761561,89.93486559,0.11146656,0.83707333,9280000.00000000
1.50000000,Hyderabad,HYD-03|HYD-04|HYD-05|HYD-06|CS-06|CS-07|CS-08|CS-09|CS-10,90.07694810,97.59419808,0.11146656,0.83707333,9280000.00000000
2.00000000,Hyderabad,HYD-03|HYD-04|HYD-05|HYD-06|CS-06|CS-07|CS-08|CS-09|CS-10,97.73628058,105.25353057,0.11146656,0.83707333,9280000.00000000
0.00000000,Hyderabad,HYD-01|HYD-03|HYD-04|HYD-05|HYD-06|CS-06|CS-07|CS-08|CS-09|CS-10,68.60567824,76.12292822,0.11108851,0.83707333,9280000.00000000
0.50000000,Hyderabad,HYD-01|HYD-03|HYD-04|HYD-05|HYD-06|CS-06|CS-07|CS-08|CS-09|CS-10,77.23755494,84.75480492,0.11108851,0.83707333,9280000.00000000
1.00000000,Hyderabad,HYD-01|HYD-03|HYD-04|HYD-05|HYD-06|CS-06|CS-07|CS-08|CS-09|CS-10,85.86943165,93.38668163,0.11108851,0.83707333,9280000.00000000
1.50000000,Hyderabad,HYD-01|HYD-03|HYD-04|HYD-05|HYD-06|CS-06|CS-07|CS-08|CS-09|CS-10,94.50130835,102.01855833,0.11108851,0.83707333,9280000.00000000
2.00000000,Hyderabad,HYD-01|HYD-03|HYD-04|HYD-05|HYD-06|CS-06|CS-07|CS-08|CS-09|CS-10,103.13318505,110.65043504,0.11108851,0.83707333,9280000.00000000
0.00000000,Hyderabad,HYD-02|HYD-03|HYD-04|HYD-05|HYD-06|CS-06|CS-07|CS-08|CS-09|CS-10,66.26937090,73.78662089,0.07818391,0.89504688,9280000.00000000
0.50000000,Hyderabad,HYD-02|HYD-03|HYD-04|HYD-05|HYD-06|CS-06|CS-07|CS-08|CS-09|CS-10,74.87208586,82.38933584,0.07818391,0.89504688,9280000.00000000
1.00000000,Hyderabad,HYD-02|HYD-03|HYD-04|HYD-05|HYD-06|CS-06|CS-07|CS-08|CS-09|CS-10,83.47480082,90.99205080,0.07818391,0.89504688,9280000.00000000
1.50000000,Hyderabad,HYD-02|HYD-03|HYD-04|HYD-05|HYD-06|CS-06|CS-07|CS-08|CS-09|CS-10,92.07751578,99.59476576,0.07818391,0.89504688,9280000.00000000
2.00000000,Hyderabad,HYD-02|HYD-03|HYD-04|HYD-05|HYD-06|CS-06|CS-07|CS-08|CS-09|CS-10,100.68023074,108.19748072,0.07818391,0.89504688,9280000.00000000
0.00000000,Hyderabad,HYD-01|HYD-02|HYD-03|HYD-04|HYD-05|HYD-06|CS-06|CS-07|CS-08|CS-09|CS-10,67.77609851,75.29334849,0.07780587,0.89504688,9280000.00000000
0.50000000,Hyderabad,HYD-01|HYD-02|HYD-03|HYD-04|HYD-05|HYD-06|CS-06|CS-07|CS-08|CS-09|CS-10,77.35135768,84.86860766,0.07780587,0.89504688,9280000.00000000
1.00000000,Hyderabad,HYD-01|HYD-02|HYD-03|HYD-04|HYD-05|HYD-06|CS-06|CS-07|CS-08|CS-09|CS-10,86.92661686,94.44386684,0.07780587,0.89504688,9280000.00000000
1.50000000,Hyderabad,HYD-01|HYD-02|HYD-03|HYD-04|HYD-05|HYD-06|CS-06|CS-07|CS-08|CS-09|CS-10,96.50187603,104.01912601,0.07780587,0.89504688,9280000.00000000
2.00000000,Hyderabad,HYD-01|HYD-02|HYD-03|HYD-04|HYD-05|HYD-06|CS-06|CS-07|CS-08|CS-09|CS-10,106.07713521,113.59438519,0.07780587,0.89504688,9280000.00000000
0.00000000,Jaipur,JAI-01|JAI-02|JAI-03|JAI-04|JAI-05|CS-11,60.26581322,62.05392745,0.19929871,0.82513108,1240000.00000000
0.50000000,Jaipur,JAI-01|JAI-02|JAI-03|JAI-04|JAI-05|CS-11,67.49988891,69.28800314,0.19929871,0.82513108,1240000.00000000
1.00000000,Jaipur,JAI-01|JAI-02|JAI-03|JAI-04|JAI-05|CS-11,74.73396460,76.52207883,0.19929871,0.82513108,1240000.00000000
1.50000000,Jaipur,JAI-01|JAI-02|JAI-03|JAI-04|JAI-05|CS-11,81.96804028,83.75615452,0.19929871,0.82513108,1240000.00000000
2.00000000,Jaipur,JAI-01|JAI-02|JAI-03|JAI-04|JAI-05|CS-11,89.20211597,90.99023021,0.19929871,0.82513108,1240000.00000000
0.00000000,Jaipur,JAI-01|JAI-02|JAI-03|JAI-04|JAI-05|CS-12,61.56026947,63.26186205,0.22417897,0.79333437,1180000.00000000
0.50000000,Jaipur,JAI-01|JAI-02|JAI-03|JAI-04|JAI-05|CS-12,68.79434516,70.49593773,0.22417897,0.79333437,1180000.00000000
1.00000000,Jaipur,JAI-01|JAI-02|JAI-03|JAI-04|JAI-05|CS-12,76.02842085,77.73001342,0.22417897,0.79333437,1180000.00000000
1.50000000,Jaipur,JAI-01|JAI-02|JAI-03|JAI-04|JAI-05|CS-12,83.26249654,84.96408911,0.22417897,0.79333437,1180000.00000000
2.00000000,Jaipur,JAI-01|JAI-02|JAI-03|JAI-04|JAI-05|CS-12,90.49657223,92.19816480,0.22417897,0.79333437,1180000.00000000
0.00000000,Jaipur,JAI-01|JAI-02|JAI-03|JAI-04|CS-11|CS-12,63.82747225,67.31717906,0.22514585,0.80971292,2420000.00000000
0.50000000,Jaipur,JAI-01|JAI-02|JAI-03|JAI-04|CS-11|CS-12,71.19911737,74.68882418,0.22514585,0.80971292,2420000.00000000
1.00000000,Jaipur,JAI-01|JAI-02|JAI-03|JAI-04|CS-11|CS-12,78.57076250,82.06046930,0.22514585,0.80971292,2420000.00000000
1.50000000,Jaipur,JAI-01|JAI-02|JAI-03|JAI-04|CS-11|CS-12,85.94240762,89.43211443,0.22514585,0.80971292,2420000.00000000
2.00000000,Jaipur,JAI-01|JAI-02|JAI-03|JAI-04|CS-11|CS-12,93.31405274,96.80375955,0.22514585,0.80971292,2420000.00000000
0.00000000,Jaipur,JAI-01|JAI-02|JAI-03|JAI-05|CS-11|CS-12,64.38042895,67.87013576,0.24797489,0.78178373,2420000.00000000
0.50000000,Jaipur,JAI-01|JAI-02|JAI-03|JAI-05|CS-11|CS-12,71.66641763,75.15612444,0.24797489,0.78178373,2420000.00000000
1.00000000,Jaipur,JAI-01|JAI-02|JAI-03|JAI-05|CS-11|CS-12,78.95240632,82.44211312,0.24797489,0.78178373,2420000.00000000
1.50000000,Jaipur,JAI-01|JAI-02|JAI-03|JAI-05|CS-11|CS-12,86.23839500,89.72810181,0.24797489,0.78178373,2420000.00000000
2.00000000,Jaipur,JAI-01|JAI-02|JAI-03|JAI-05|CS-11|CS-12,93.52438368,97.01409049,0.24797489,0.78178373,2420000.00000000
0.00000000,Jaipur,JAI-01|JAI-03|JAI-04|JAI-05|CS-11|CS-12,62.75340751,66.24311431,0.22595556,0.79278929,2420000.00000000
0.50000000,Jaipur,JAI-01|JAI-03|JAI-04|JAI-05|CS-11|CS-12,69.98748320,73.47719000,0.22595556,0.79278929,2420000.00000000
1.00000000,Jaipur,JAI-01|JAI-03|JAI-04|JAI-05|CS-11|CS-12,77.22155888,80.71126569,0.22595556,0.79278929,2420000.00000000
1.50000000,Jaipur,JAI-01|JAI-03|JAI-04|JAI-05|CS-11|CS-12,84.45563457,87.94534138,0.22595556,0.79278929,2420000.00000000
2.00000000,Jaipur,JAI-01|JAI-03|JAI-04|JAI-05|CS-11|CS-12,91.68971026,95.17941707,0.22595556,0.79278929,2420000.00000000
0.00000000,Jaipur,JAI-02|JAI-03|JAI-04|JAI-05|CS-11|CS-12,62.61626564,66.10597245,0.22404011,0.79982350,2420000.00000000
0.50000000,Jaipur,JAI-02|JAI-03|JAI-04|JAI-05|CS-11|CS-12,69.81659789,73.30630470,0.22404011,0.79982350,2420000.00000000
1.00000000,Jaipur,JAI-02|JAI-03|JAI-04|JAI-05|CS-11|CS-12,77.01693013,80.50663694,0.22404011,0.79982350,2420000.00000000
1.50000000,Jaipur,JAI-02|JAI-03|JAI-04|JAI-05|CS-11|CS-12,84.21726237,87.70696918,0.22404011,0.79982350,2420000.00000000
2.00000000,Jaipur,JAI-02|JAI-03|JAI-04|JAI-05|CS-11|CS-12,91.41759462,94.90730142,0.22404011,0.79982350,2420000.00000000
0.00000000,Jaipur,JAI-01|JAI-02|JAI-03|JAI-04|JAI-05|CS-11|CS-12,59.13602862,62.62573543,0.13708708,0.89295541,2420000.00000000
0.50000000,Jaipur,JAI-01|JAI-02|JAI-03|JAI-04|JAI-05|CS-11|CS-12,67.58746401,71.07717082,0.13708708,0.89295541,2420000.00000000
1.00000000,Jaipur,JAI-01|JAI-02|JAI-03|JAI-04|JAI-05|CS-11|CS-12,76.03889941,79.52860622,0.13708708,0.89295541,2420000.00000000
1.50000000,Jaipur,JAI-01|JAI-02|JAI-03|JAI-04|JAI-05|CS-11|CS-12,84.49033480,87.98004161,0.13708708,0.89295541,2420000.00000000
2.00000000,Jaipur,JAI-01|JAI-02|JAI-03|JAI-04|JAI-05|CS-11|CS-12,92.94177020,96.43147700,0.13708708,0.89295541,2420000.00000000
0.00000000,Jaipur,JAI-01|JAI-02|JAI-03|JAI-04|JAI-05|CS-13,60.79560186,62.36741195,0.21009488,0.83829102,1090000.00000000
0.50000000,Jaipur,JAI-01|JAI-02|JAI-03|JAI-04|JAI-05|CS-13,68.02967755,69.60148764,0.21009488,0.83829102,1090000.00000000
1.00000000,Jaipur,JAI-01|JAI-02|JAI-03|JAI-04|JAI-05|CS-13,75.26375324,76.83556333,0.21009488,0.83829102,1090000.00000000
1.50000000,Jaipur,JAI-01|JAI-02|JAI-03|JAI-04|JAI-05|CS-13,82.49782893,84.06963902,0.21009488,0.83829102,1090000.00000000
2.00000000,Jaipur,JAI-01|JAI-02|JAI-03|JAI-04|JAI-05|CS-13,89.73190461,91.30371471,0.21009488,0.83829102,1090000.00000000
0.00000000,Jaipur,JAI-01|JAI-02|JAI-03|JAI-04|CS-11|CS-13,66.51209984,69.87202416,0.25408682,0.77423039,2330000.00000000
0.50000000,Jaipur,JAI-01|JAI-02|JAI-03|JAI-04|CS-11|CS-13,73.88374496,77.24366928,0.25408682,0.77423039,2330000.00000000
1.00000000,Jaipur,JAI-01|JAI-02|JAI-03|JAI-04|CS-11|CS-13,81.25539008,84.61531440,0.25408682,0.77423039,2330000.00000000
1.50000000,Jaipur,JAI-01|JAI-02|JAI-03|JAI-04|CS-11|CS-13,88.62703520,91.98695953,0.25408682,0.77423039,2330000.00000000
2.00000000,Jaipur,JAI-01|JAI-02|JAI-03|JAI-04|CS-11|CS-13,95.99868033,99.35860465,0.25408682,0.77423039,2330000.00000000
0.00000000,Jaipur,JAI-01|JAI-03|JAI-04|JAI-05|CS-11|CS-13,65.38874890,68.74867323,0.26537323,0.75484089,2330000.00000000
0.50000000,Jaipur,JAI-01|JAI-03|JAI-04|JAI-05|CS-11|CS-13,72.62282459,75.98274891,0.26537323,0.75484089,2330000.00000000
1.00000000,Jaipur,JAI-01|JAI-03|JAI-04|JAI-05|CS-11|CS-13,79.85690028,83.21682460,0.26537323,0.75484089,2330000.00000000
1.50000000,Jaipur,JAI-01|JAI-03|JAI-04|JAI-05|CS-11|CS-13,87.09097597,90.45090029,0.26537323,0.75484089,2330000.00000000
2.00000000,Jaipur,JAI-01|JAI-03|JAI-04|JAI-05|CS-11|CS-13,94.32505166,97.68497598,0.26537323,0.75484089,2330000.00000000
0.00000000,Jaipur,JAI-02|JAI-03|JAI-04|JAI-05|CS-11|CS-13,64.04667345,67.40659777,0.25136200,0.76434096,2330000.00000000
0.50000000,Jaipur,JAI-02|JAI-03|JAI-04|JAI-05|CS-11|CS-13,71.24700569,74.60693001,0.25136200,0.76434096,2330000.00000000
1.00000000,Jaipur,JAI-02|JAI-03|JAI-04|JAI-05|CS-11|CS-13,78.44733794,81.80726226,0.25136200,0.76434096,2330000.00000000
1.50000000,Jaipur,JAI-02|JAI-03|JAI-04|JAI-05|CS-11|CS-13,85.64767018,89.00759450,0.25136200,0.76434096,2330000.00000000
2.00000000,Jaipur,JAI-02|JAI-03|JAI-04|JAI-05|CS-11|CS-13,92.84800242,96.20792674,0.25136200,0.76434096,2330000.00000000
0.00000000,Jaipur,JAI-01|JAI-02|JAI-03|JAI-04|JAI-05|CS-11|CS-13,60.56643642,63.92636075,0.16440895,0.85747288,2330000.00000000
0.50000000,Jaipur,JAI-01|JAI-02|JAI-03|JAI-04|JAI-05|CS-11|CS-13,69.01787182,72.37779614,0.16440895,0.85747288,2330000.00000000
1.00000000,Jaipur,JAI-01|JAI-02|JAI-03|JAI-04|JAI-05|CS-11|CS-13,77.46930721,80.82923154,0.16440895,0.85747288,2330000.00000000
1.50000000,Jaipur,JAI-01|JAI-02|JAI-03|JAI-04|JAI-05|CS-11|CS-13,85.92074261,89.28066693,0.16440895,0.85747288,2330000.00000000
2.00000000,Jaipur,JAI-01|JAI-02|JAI-03|JAI-04|JAI-05|CS-11|CS-13,94.37217800,97.73210232,0.16440895,0.85747288,2330000.00000000
0.00000000,Jaipur,JAI-01|JAI-02|JAI-03|JAI-04|CS-12|CS-13,64.35726089,67.63066356,0.23594202,0.82287287,2270000.00000000
0.50000000,Jaipur,JAI-01|JAI-02|JAI-03|JAI-04|CS-12|CS-13,71.72890602,75.00230868,0.23594202,0.82287287,2270000.00000000
1.00000000,Jaipur,JAI-01|JAI-02|JAI-03|JAI-04|CS-12|CS-13,79.10055114,82.37395380,0.23594202,0.82287287,2270000.00000000
1.50000000,Jaipur,JAI-01|JAI-02|JAI-03|JAI-04|CS-12|CS-13,86.47219626,89.74559893,0.23594202,0.82287287,2270000.00000000
2.00000000,Jaipur,JAI-01|JAI-02|JAI-03|JAI-04|CS-12|CS-13,93.84384138,97.11724405,0.23594202,0.82287287,2270000.00000000
0.00000000,Jaipur,JAI-01|JAI-02|JAI-03|JAI-05|CS-12|CS-13,64.91021759,68.18362026,0.25877103,0.79494367,2270000.00000000
0.50000000,Jaipur,JAI-01|JAI-02|JAI-03|JAI-05|CS-12|CS-13,72.19620627,75.46960894,0.25877103,0.79494367,2270000.00000000
1.00000000,Jaipur,JAI-01|JAI-02|JAI-03|JAI-05|CS-12|CS-13,79.48219496,82.75559762,0.25877103,0.79494367,2270000.00000000
1.50000000,Jaipur,JAI-01|JAI-02|JAI-03|JAI-05|CS-12|CS-13,86.76818364,90.04158631,0.25877103,0.79494367,2270000.00000000
2.00000000,Jaipur,JAI-01|JAI-02|JAI-03|JAI-05|CS-12|CS-13,94.05417232,97.32757499,0.25877103,0.79494367,2270000.00000000
0.00000000,Jaipur,JAI-01|JAI-03|JAI-04|JAI-05|CS-12|CS-13,63.28319615,66.55659881,0.23675175,0.80594923,2270000.00000000
0.50000000,Jaipur,JAI-01|JAI-03|JAI-04|JAI-05|CS-12|CS-13,70.51727184,73.79067450,0.23675175,0.80594923,2270000.00000000
1.00000000,Jaipur,JAI-01|JAI-03|JAI-04|JAI-05|CS-12|CS-13,77.75134752,81.02475019,0.23675175,0.80594923,2270000.00000000
1.50000000,Jaipur,JAI-01|JAI-03|JAI-04|JAI-05|CS-12|CS-13,84.98542321,88.25882588,0.23675175,0.80594923,2270000.00000000
2.00000000,Jaipur,JAI-01|JAI-03|JAI-04|JAI-05|CS-12|CS-13,92.21949890,95.49290157,0.23675175,0.80594923,2270000.00000000
0.00000000,Jaipur,JAI-01|JAI-02|JAI-03|JAI-04|JAI-05|CS-12|CS-13,59.66581726,62.93921993,0.14788325,0.90611535,2270000.00000000
0.50000000,Jaipur,JAI-01|JAI-02|JAI-03|JAI-04|JAI-05|CS-12|CS-13,68.11725265,71.39065532,0.14788325,0.90611535,2270000.00000000
1.00000000,Jaipur,JAI-01|JAI-02|JAI-03|JAI-04|JAI-05|CS-12|CS-13,76.56868805,79.84209072,0.14788325,0.90611535,2270000.00000000
1.50000000,Jaipur,JAI-01|JAI-02|JAI-03|JAI-04|JAI-05|CS-12|CS-13,85.02012344,88.29352611,0.14788325,0.90611535,2270000.00000000
2.00000000,Jaipur,JAI-01|JAI-02|JAI-03|JAI-04|JAI-05|CS-12|CS-13,93.47155884,96.74496150,0.14788325,0.90611535,2270000.00000000
0.00000000,Jaipur,JAI-01|JAI-02|JAI-03|JAI-04|CS-11|CS-12|CS-13,64.12809546,69.18961236,0.19025607,0.84205472,3510000.00000000
0.50000000,Jaipur,JAI-01|JAI-02|JAI-03|JAI-04|CS-11|CS-12|CS-13,72.71710029,77.77861718,0.19025607,0.84205472,3510000.00000000
1.00000000,Jaipur,JAI-01|JAI-02|JAI-03|JAI-04|CS-11|CS-12|CS-13,81.30610511,86.36762201,0.19025607,0.84205472,3510000.00000000
1.50000000,Jaipur,JAI-01|JAI-02|JAI-03|JAI-04|CS-11|CS-12|CS-13,89.89510994,94.95662684,0.19025607,0.84205472,3510000.00000000
2.00000000,Jaipur,JAI-01|JAI-02|JAI-03|JAI-04|CS-11|CS-12|CS-13,98.48411477,103.54563167,0.19025607,0.84205472,3510000.00000000
0.00000000,Jaipur,JAI-01|JAI-02|JAI-03|JAI-05|CS-11|CS-12|CS-13,64.68105216,69.74256905,0.21308511,0.81412553,3510000.00000000
0.50000000,Jaipur,JAI-01|JAI-02|JAI-03|JAI-05|CS-11|CS-12|CS-13,73.18440055,78.24591744,0.21308511,0.81412553,3510000.00000000
1.00000000,Jaipur,JAI-01|JAI-02|JAI-03|JAI-05|CS-11|CS-12|CS-13,81.68774893,86.74926583,0.21308511,0.81412553,3510000.00000000
1.50000000,Jaipur,JAI-01|JAI-02|JAI-03|JAI-05|CS-11|CS-12|CS-13,90.19109732,95.25261422,0.21308511,0.81412553,3510000.00000000
2.00000000,Jaipur,JAI-01|JAI-02|JAI-03|JAI-05|CS-11|CS-12|CS-13,98.69444571,103.75596261,0.21308511,0.81412553,3510000.00000000
0.00000000,Jaipur,JAI-01|JAI-02|JAI-04|JAI-05|CS-11|CS-12|CS-13,66.47684581,71.53836271,0.24779081,0.77230961,3510000.00000000
0.50000000,Jaipur,JAI-01|JAI-02|JAI-04|JAI-05|CS-11|CS-12|CS-13,74.84262476,79.90414166,0.24779081,0.77230961,3510000.00000000
1.00000000,Jaipur,JAI-01|JAI-02|JAI-04|JAI-05|CS-11|CS-12|CS-13,83.20840372,88.26992062,0.24779081,0.77230961,3510000.00000000
1.50000000,Jaipur,JAI-01|JAI-02|JAI-04|JAI-05|CS-11|CS-12|CS-13,91.57418267,96.63569957,0.24779081,0.77230961,3510000.00000000
2.00000000,Jaipur,JAI-01|JAI-02|JAI-04|JAI-05|CS-11|CS-12|CS-13,99.93996163,105.00147853,0.24779081,0.77230961,3510000.00000000
0.00000000,Jaipur,JAI-01|JAI-03|JAI-04|JAI-05|CS-11|CS-12|CS-13,63.05403071,68.11554761,0.19106582,0.82513108,3510000.00000000
0.50000000,Jaipur,JAI-01|JAI-03|JAI-04|JAI-05|CS-11|CS-12|CS-13,71.50546611,76.56698300,0.19106582,0.82513108,3510000.00000000
1.00000000,Jaipur,JAI-01|JAI-03|JAI-04|JAI-05|CS-11|CS-12|CS-13,79.95690150,85.01841840,0.19106582,0.82513108,3510000.00000000
1.50000000,Jaipur,JAI-01|JAI-03|JAI-04|JAI-05|CS-11|CS-12|CS-13,88.40833690,93.46985379,0.19106582,0.82513108,3510000.00000000
2.00000000,Jaipur,JAI-01|JAI-03|JAI-04|JAI-05|CS-11|CS-12|CS-13,96.85977229,101.92128919,0.19106582,0.82513108,3510000.00000000
0.00000000,Jaipur,JAI-02|JAI-03|JAI-04|JAI-05|CS-11|CS-12|CS-13,62.91688885,67.97840575,0.18915035,0.83216529,3510000.00000000
0.50000000,Jaipur,JAI-02|JAI-03|JAI-04|JAI-05|CS-11|CS-12|CS-13,71.33458080,76.39609770,0.18915035,0.83216529,3510000.00000000
1.00000000,Jaipur,JAI-02|JAI-03|JAI-04|JAI-05|CS-11|CS-12|CS-13,79.75227275,84.81378965,0.18915035,0.83216529,3510000.00000000
1.50000000,Jaipur,JAI-02|JAI-03|JAI-04|JAI-05|CS-11|CS-12|CS-13,88.16996470,93.23148159,0.18915035,0.83216529,3510000.00000000
2.00000000,Jaipur,JAI-02|JAI-03|JAI-04|JAI-05|CS-11|CS-12|CS-13,96.58765664,101.64917354,0.18915035,0.83216529,3510000.00000000
0.00000000,Jaipur,JAI-01|JAI-02|JAI-03|JAI-04|JAI-05|CS-11|CS-12|CS-13,59.43665183,64.49816872,0.10219732,0.92529720,3510000.00000000
0.50000000,Jaipur,JAI-01|JAI-02|JAI-03|JAI-04|JAI-05|CS-11|CS-12|CS-13,69.10544693,74.16696382,0.10219732,0.92529720,3510000.00000000
1.00000000,Jaipur,JAI-01|JAI-02|JAI-03|JAI-04|JAI-05|CS-11|CS-12|CS-13,78.77424203,83.83575892,0.10219732,0.92529720,3510000.00000000
1.50000000,Jaipur,JAI-01|JAI-02|JAI-03|JAI-04|JAI-05|CS-11|CS-12|CS-13,88.44303712,93.50455402,0.10219732,0.92529720,3510000.00000000
2.00000000,Jaipur,JAI-01|JAI-02|JAI-03|JAI-04|JAI-05|CS-11|CS-12|CS-13,98.11183222,103.17334912,0.10219732,0.92529720,3510000.00000000
0.00000000,Jaipur,JAI-02|JAI-03|JAI-04|JAI-05|CS-11|CS-14,61.88309953,65.08440081,0.20093983,0.82513108,2220000.00000000
0.50000000,Jaipur,JAI-02|JAI-03|JAI-04|JAI-05|CS-11|CS-14,69.08343177,72.28473306,0.20093983,0.82513108,2220000.00000000
1.00000000,Jaipur,JAI-02|JAI-03|JAI-04|JAI-05|CS-11|CS-14,76.28376401,79.48506530,0.20093983,0.82513108,2220000.00000000
1.50000000,Jaipur,JAI-02|JAI-03|JAI-04|JAI-05|CS-11|CS-14,83.48409626,86.68539754,0.20093983,0.82513108,2220000.00000000
2.00000000,Jaipur,JAI-02|JAI-03|JAI-04|JAI-05|CS-11|CS-14,90.68442850,93.88572979,0.20093983,0.82513108,2220000.00000000
0.00000000,Jaipur,JAI-01|JAI-02|JAI-03|JAI-04|JAI-05|CS-11|CS-14,63.39161767,66.59291895,0.19919516,0.82513108,2220000.00000000
0.50000000,Jaipur,JAI-01|JAI-02|JAI-03|JAI-04|JAI-05|CS-11|CS-14,71.84305306,75.04435435,0.19919516,0.82513108,2220000.00000000
1.00000000,Jaipur,JAI-01|JAI-02|JAI-03|JAI-04|JAI-05|CS-11|CS-14,80.29448845,83.49578974,0.19919516,0.82513108,2220000.00000000
1.50000000,Jaipur,JAI-01|JAI-02|JAI-03|JAI-04|JAI-05|CS-11|CS-14,88.74592385,91.94722513,0.19919516,0.82513108,2220000.00000000
2.00000000,Jaipur,JAI-01|JAI-02|JAI-03|JAI-04|JAI-05|CS-11|CS-14,97.19735924,100.39866053,0.19919516,0.82513108,2220000.00000000
0.00000000,Jaipur,JAI-02|JAI-03|JAI-04|JAI-05|CS-12|CS-14,62.64498456,65.75976419,0.21538554,0.81043970,2160000.00000000
0.50000000,Jaipur,JAI-02|JAI-03|JAI-04|JAI-05|CS-12|CS-14,69.84531681,72.96009644,0.21538554,0.81043970,2160000.00000000
1.00000000,Jaipur,JAI-02|JAI-03|JAI-04|JAI-05|CS-12|CS-14,77.04564905,80.16042868,0.21538554,0.81043970,2160000.00000000
1.50000000,Jaipur,JAI-02|JAI-03|JAI-04|JAI-05|CS-12|CS-14,84.24598129,87.36076092,0.21538554,0.81043970,2160000.00000000
2.00000000,Jaipur,JAI-02|JAI-03|JAI-04|JAI-05|CS-12|CS-14,91.44631354,94.56109317,0.21538554,0.81043970,2160000.00000000
0.00000000,Jaipur,JAI-01|JAI-02|JAI-03|JAI-04|JAI-05|CS-12|CS-14,64.15350270,67.26828233,0.21364085,0.81043970,2160000.00000000
0.50000000,Jaipur,JAI-01|JAI-02|JAI-03|JAI-04|JAI-05|CS-12|CS-14,72.60493810,75.71971773,0.21364085,0.81043970,2160000.00000000
1.00000000,Jaipur,JAI-01|JAI-02|JAI-03|JAI-04|JAI-05|CS-12|CS-14,81.05637349,84.17115312,0.21364085,0.81043970,2160000.00000000
1.50000000,Jaipur,JAI-01|JAI-02|JAI-03|JAI-04|JAI-05|CS-12|CS-14,89.50780888,92.62258851,0.21364085,0.81043970,2160000.00000000
2.00000000,Jaipur,JAI-01|JAI-02|JAI-03|JAI-04|JAI-05|CS-12|CS-14,97.95924428,101.07402391,0.21364085,0.81043970,2160000.00000000
0.00000000,Jaipur,JAI-02|JAI-03|JAI-04|CS-11|CS-12|CS-14,65.44475856,70.34765242,0.22678696,0.80971292,3400000.00000000
0.50000000,Jaipur,JAI-02|JAI-03|JAI-04|CS-11|CS-12|CS-14,72.78266024,77.68555410,0.22678696,0.80971292,3400000.00000000
1.00000000,Jaipur,JAI-02|JAI-03|JAI-04|CS-11|CS-12|CS-14,80.12056192,85.02345578,0.22678696,0.80971292,3400000.00000000
1.50000000,Jaipur,JAI-02|JAI-03|JAI-04|CS-11|CS-12|CS-14,87.45846359,92.36135745,0.22678696,0.80971292,3400000.00000000
2.00000000,Jaipur,JAI-02|JAI-03|JAI-04|CS-11|CS-12|CS-14,94.79636527,99.69925913,0.22678696,0.80971292,3400000.00000000
0.00000000,Jaipur,JAI-01|JAI-02|JAI-03|JAI-04|CS-11|CS-12|CS-14,66.95327670,71.85617056,0.22504227,0.80971292,3400000.00000000
0.50000000,Jaipur,JAI-01|JAI-02|JAI-03|JAI-04|CS-11|CS-12|CS-14,75.54228153,80.44517539,0.22504227,0.80971292,3400000.00000000
1.00000000,Jaipur,JAI-01|JAI-02|JAI-03|JAI-04|CS-11|CS-12|CS-14,84.13128636,89.03418022,0.22504227,0.80971292,3400000.00000000
1.50000000,Jaipur,JAI-01|JAI-02|JAI-03|JAI-04|CS-11|CS-12|CS-14,92.72029118,97.62318504,0.22504227,0.80971292,3400000.00000000
2.00000000,Jaipur,JAI-01|JAI-02|JAI-03|JAI-04|CS-11|CS-12|CS-14,101.30929601,106.21218987,0.22504227,0.80971292,3400000.00000000
0.00000000,Jaipur,JAI-02|JAI-03|JAI-05|CS-11|CS-12|CS-14,66.00518267,70.90807653,0.24964885,0.78178373,3400000.00000000
0.50000000,Jaipur,JAI-02|JAI-03|JAI-05|CS-11|CS-12|CS-14,73.25742791,78.16032177,0.24964885,0.78178373,3400000.00000000
1.00000000,Jaipur,JAI-02|JAI-03|JAI-05|CS-11|CS-12|CS-14,80.50967315,85.41256701,0.24964885,0.78178373,3400000.00000000
1.50000000,Jaipur,JAI-02|JAI-03|JAI-05|CS-11|CS-12|CS-14,87.76191838,92.66481224,0.24964885,0.78178373,3400000.00000000
2.00000000,Jaipur,JAI-02|JAI-03|JAI-05|CS-11|CS-12|CS-14,95.01416362,99.91705748,0.24964885,0.78178373,3400000.00000000
0.00000000,Jaipur,JAI-01|JAI-02|JAI-03|JAI-05|CS-11|CS-12|CS-14,67.50623340,72.40912726,0.24787134,0.78178373,3400000.00000000
0.50000000,Jaipur,JAI-01|JAI-02|JAI-03|JAI-05|CS-11|CS-12|CS-14,76.00958179,80.91247565,0.24787134,0.78178373,3400000.00000000
1.00000000,Jaipur,JAI-01|JAI-02|JAI-03|JAI-05|CS-11|CS-12|CS-14,84.51293017,89.41582404,0.24787134,0.78178373,3400000.00000000
1.50000000,Jaipur,JAI-01|JAI-02|JAI-03|JAI-05|CS-11|CS-12|CS-14,93.01627856,97.91917242,0.24787134,0.78178373,3400000.00000000
2.00000000,Jaipur,JAI-01|JAI-02|JAI-03|JAI-05|CS-11|CS-12|CS-14,101.51962695,106.42252081,0.24787134,0.78178373,3400000.00000000
0.00000000,Jaipur,JAI-03|JAI-04|JAI-05|CS-11|CS-12|CS-14,64.37069382,69.27358768,0.22759670,0.79278929,3400000.00000000
0.50000000,Jaipur,JAI-03|JAI-04|JAI-05|CS-11|CS-12|CS-14,71.57102606,76.47391992,0.22759670,0.79278929,3400000.00000000
1.00000000,Jaipur,JAI-03|JAI-04|JAI-05|CS-11|CS-12|CS-14,78.77135830,83.67425216,0.22759670,0.79278929,3400000.00000000
1.50000000,Jaipur,JAI-03|JAI-04|JAI-05|CS-11|CS-12|CS-14,85.97169055,90.87458441,0.22759670,0.79278929,3400000.00000000
2.00000000,Jaipur,JAI-03|JAI-04|JAI-05|CS-11|CS-12|CS-14,93.17202279,98.07491665,0.22759670,0.79278929,3400000.00000000
0.00000000,Jaipur,JAI-01|JAI-03|JAI-04|JAI-05|CS-11|CS-12|CS-14,65.87921195,70.78210581,0.22585201,0.79278929,3400000.00000000
0.50000000,Jaipur,JAI-01|JAI-03|JAI-04|JAI-05|CS-11|CS-12|CS-14,74.33064735,79.23354121,0.22585201,0.79278929,3400000.00000000
1.00000000,Jaipur,JAI-01|JAI-03|JAI-04|JAI-05|CS-11|CS-12|CS-14,82.78208274,87.68497660,0.22585201,0.79278929,3400000.00000000
1.50000000,Jaipur,JAI-01|JAI-03|JAI-04|JAI-05|CS-11|CS-12|CS-14,91.23351814,96.13641200,0.22585201,0.79278929,3400000.00000000
2.00000000,Jaipur,JAI-01|JAI-03|JAI-04|JAI-05|CS-11|CS-12|CS-14,99.68495353,104.58784739,0.22585201,0.79278929,3400000.00000000
0.00000000,Jaipur,JAI-02|JAI-03|JAI-04|JAI-05|CS-11|CS-12|CS-14,60.75331493,65.65620879,0.13872820,0.89295541,3400000.00000000
0.50000000,Jaipur,JAI-02|JAI-03|JAI-04|JAI-05|CS-11|CS-12|CS-14,69.17100688,74.07390074,0.13872820,0.89295541,3400000.00000000
1.00000000,Jaipur,JAI-02|JAI-03|JAI-04|JAI-05|CS-11|CS-12|CS-14,77.58869883,82.49159269,0.13872820,0.89295541,3400000.00000000
1.50000000,Jaipur,JAI-02|JAI-03|JAI-04|JAI-05|CS-11|CS-12|CS-14,86.00639078,90.90928464,0.13872820,0.89295541,3400000.00000000
2.00000000,Jaipur,JAI-02|JAI-03|JAI-04|JAI-05|CS-11|CS-12|CS-14,94.42408272,99.32697658,0.13872820,0.89295541,3400000.00000000
0.00000000,Jaipur,JAI-01|JAI-02|JAI-03|JAI-04|JAI-05|CS-11|CS-12|CS-14,62.26183307,67.16472693,0.13698351,0.89295541,3400000.00000000
0.50000000,Jaipur,JAI-01|JAI-02|JAI-03|JAI-04|JAI-05|CS-11|CS-12|CS-14,71.93062817,76.83352203,0.13698351,0.89295541,3400000.00000000
1.00000000,Jaipur,JAI-01|JAI-02|JAI-03|JAI-04|JAI-05|CS-11|CS-12|CS-14,81.59942327,86.50231713,0.13698351,0.89295541,3400000.00000000
1.50000000,Jaipur,JAI-01|JAI-02|JAI-03|JAI-04|JAI-05|CS-11|CS-12|CS-14,91.26821837,96.17111223,0.13698351,0.89295541,3400000.00000000
2.00000000,Jaipur,JAI-01|JAI-02|JAI-03|JAI-04|JAI-05|CS-11|CS-12|CS-14,100.93701347,105.83990733,0.13698351,0.89295541,3400000.00000000
0.00000000,Jaipur,JAI-02|JAI-03|JAI-04|JAI-05|CS-13|CS-14,62.07014961,65.05514675,0.20482157,0.84719410,2070000.00000000
0.50000000,Jaipur,JAI-02|JAI-03|JAI-04|JAI-05|CS-13|CS-14,69.27048185,72.25547900,0.20482157,0.84719410,2070000.00000000
1.00000000,Jaipur,JAI-02|JAI-03|JAI-04|JAI-05|CS-13|CS-14,76.47081409,79.45581124,0.20482157,0.84719410,2070000.00000000
1.50000000,Jaipur,JAI-02|JAI-03|JAI-04|JAI-05|CS-13|CS-14,83.67114634,86.65614348,0.20482157,0.84719410,2070000.00000000
2.00000000,Jaipur,JAI-02|JAI-03|JAI-04|JAI-05|CS-13|CS-14,90.87147858,93.85647573,0.20482157,0.84719410,2070000.00000000
0.00000000,Jaipur,JAI-01|JAI-02|JAI-03|JAI-04|JAI-05|CS-13|CS-14,63.57866775,66.56366489,0.20307688,0.84719410,2070000.00000000
0.50000000,Jaipur,JAI-01|JAI-02|JAI-03|JAI-04|JAI-05|CS-13|CS-14,72.03010314,75.01510028,0.20307688,0.84719410,2070000.00000000
1.00000000,Jaipur,JAI-01|JAI-02|JAI-03|JAI-04|JAI-05|CS-13|CS-14,80.48153853,83.46653568,0.20307688,0.84719410,2070000.00000000
1.50000000,Jaipur,JAI-01|JAI-02|JAI-03|JAI-04|JAI-05|CS-13|CS-14,88.93297393,91.91797107,0.20307688,0.84719410,2070000.00000000
2.00000000,Jaipur,JAI-01|JAI-02|JAI-03|JAI-04|JAI-05|CS-13|CS-14,97.38440932,100.36940647,0.20307688,0.84719410,2070000.00000000
0.00000000,Jaipur,JAI-02|JAI-03|JAI-04|CS-11|CS-13|CS-14,68.12938615,72.90249752,0.25572795,0.77423039,3310000.00000000
0.50000000,Jaipur,JAI-02|JAI-03|JAI-04|CS-11|CS-13|CS-14,75.46728782,80.24039920,0.25572795,0.77423039,3310000.00000000
1.00000000,Jaipur,JAI-02|JAI-03|JAI-04|CS-11|CS-13|CS-14,82.80518950,87.57830088,0.25572795,0.77423039,3310000.00000000
1.50000000,Jaipur,JAI-02|JAI-03|JAI-04|CS-11|CS-13|CS-14,90.14309118,94.91620255,0.25572795,0.77423039,3310000.00000000
2.00000000,Jaipur,JAI-02|JAI-03|JAI-04|CS-11|CS-13|CS-14,97.48099285,102.25410423,0.25572795,0.77423039,3310000.00000000
0.00000000,Jaipur,JAI-01|JAI-02|JAI-03|JAI-04|CS-11|CS-13|CS-14,69.63790428,74.41101566,0.25398329,0.77423039,3310000.00000000
0.50000000,Jaipur,JAI-01|JAI-02|JAI-03|JAI-04|CS-11|CS-13|CS-14,78.22690911,83.00002049,0.25398329,0.77423039,3310000.00000000
1.00000000,Jaipur,JAI-01|JAI-02|JAI-03|JAI-04|CS-11|CS-13|CS-14,86.81591394,91.58902532,0.25398329,0.77423039,3310000.00000000
1.50000000,Jaipur,JAI-01|JAI-02|JAI-03|JAI-04|CS-11|CS-13|CS-14,95.40491877,100.17803014,0.25398329,0.77423039,3310000.00000000
2.00000000,Jaipur,JAI-01|JAI-02|JAI-03|JAI-04|CS-11|CS-13|CS-14,103.99392360,108.76703497,0.25398329,0.77423039,3310000.00000000
0.00000000,Jaipur,JAI-01|JAI-03|JAI-04|JAI-05|CS-11|CS-13|CS-14,68.51455335,73.28766473,0.26526967,0.75484089,3310000.00000000
0.50000000,Jaipur,JAI-01|JAI-03|JAI-04|JAI-05|CS-11|CS-13|CS-14,76.96598874,81.73910012,0.26526967,0.75484089,3310000.00000000
1.00000000,Jaipur,JAI-01|JAI-03|JAI-04|JAI-05|CS-11|CS-13|CS-14,85.41742414,90.19053552,0.26526967,0.75484089,3310000.00000000
1.50000000,Jaipur,JAI-01|JAI-03|JAI-04|JAI-05|CS-11|CS-13|CS-14,93.86885953,98.64197091,0.26526967,0.75484089,3310000.00000000
2.00000000,Jaipur,JAI-01|JAI-03|JAI-04|JAI-05|CS-11|CS-13|CS-14,102.32029493,107.09340630,0.26526967,0.75484089,3310000.00000000
0.00000000,Jaipur,JAI-02|JAI-03|JAI-04|JAI-05|CS-11|CS-13|CS-14,62.18372273,66.95683411,0.16605008,0.85747288,3310000.00000000
0.50000000,Jaipur,JAI-02|JAI-03|JAI-04|JAI-05|CS-11|CS-13|CS-14,70.60141468,75.37452606,0.16605008,0.85747288,3310000.00000000
1.00000000,Jaipur,JAI-02|JAI-03|JAI-04|JAI-05|CS-11|CS-13|CS-14,79.01910663,83.79221801,0.16605008,0.85747288,3310000.00000000
1.50000000,Jaipur,JAI-02|JAI-03|JAI-04|JAI-05|CS-11|CS-13|CS-14,87.43679858,92.20990996,0.16605008,0.85747288,3310000.00000000
2.00000000,Jaipur,JAI-02|JAI-03|JAI-04|JAI-05|CS-11|CS-13|CS-14,95.85449053,100.62760190,0.16605008,0.85747288,3310000.00000000
0.00000000,Jaipur,JAI-01|JAI-02|JAI-03|JAI-04|JAI-05|CS-11|CS-13|CS-14,63.69224087,68.46535225,0.16430540,0.85747288,3310000.00000000
0.50000000,Jaipur,JAI-01|JAI-02|JAI-03|JAI-04|JAI-05|CS-11|CS-13|CS-14,73.36103597,78.13414735,0.16430540,0.85747288,3310000.00000000
1.00000000,Jaipur,JAI-01|JAI-02|JAI-03|JAI-04|JAI-05|CS-11|CS-13|CS-14,83.02983107,87.80294245,0.16430540,0.85747288,3310000.00000000
1.50000000,Jaipur,JAI-01|JAI-02|JAI-03|JAI-04|JAI-05|CS-11|CS-13|CS-14,92.69862617,97.47173755,0.16430540,0.85747288,3310000.00000000
2.00000000,Jaipur,JAI-01|JAI-02|JAI-03|JAI-04|JAI-05|CS-11|CS-13|CS-14,102.36742127,107.14053265,0.16430540,0.85747288,3310000.00000000
0.00000000,Jaipur,JAI-02|JAI-03|JAI-04|CS-12|CS-13|CS-14,65.63180864,70.31839836,0.23066869,0.83177594,3250000.00000000
0.50000000,Jaipur,JAI-02|JAI-03|JAI-04|CS-12|CS-13|CS-14,72.96971032,77.65630004,0.23066869,0.83177594,3250000.00000000
1.00000000,Jaipur,JAI-02|JAI-03|JAI-04|CS-12|CS-13|CS-14,80.30761200,84.99420172,0.23066869,0.83177594,3250000.00000000
1.50000000,Jaipur,JAI-02|JAI-03|JAI-04|CS-12|CS-13|CS-14,87.64551367,92.33210339,0.23066869,0.83177594,3250000.00000000
2.00000000,Jaipur,JAI-02|JAI-03|JAI-04|CS-12|CS-13|CS-14,94.98341535,99.67000507,0.23066869,0.83177594,3250000.00000000
0.00000000,Jaipur,JAI-01|JAI-02|JAI-03|JAI-04|CS-12|CS-13|CS-14,67.14032678,71.82691650,0.22892404,0.83177594,3250000.00000000
0.50000000,Jaipur,JAI-01|JAI-02|JAI-03|JAI-04|CS-12|CS-13|CS-14,75.72933161,80.41592133,0.22892404,0.83177594,3250000.00000000
1.00000000,Jaipur,JAI-01|JAI-02|JAI-03|JAI-04|CS-12|CS-13|CS-14,84.31833644,89.00492616,0.22892404,0.83177594,3250000.00000000
1.50000000,Jaipur,JAI-01|JAI-02|JAI-03|JAI-04|CS-12|CS-13|CS-14,92.90734126,97.59393098,0.22892404,0.83177594,3250000.00000000
2.00000000,Jaipur,JAI-01|JAI-02|JAI-03|JAI-04|CS-12|CS-13|CS-14,101.49634609,106.18293581,0.22892404,0.83177594,3250000.00000000
0.00000000,Jaipur,JAI-02|JAI-03|JAI-05|CS-12|CS-13|CS-14,66.19223275,70.87882247,0.25353056,0.80384675,3250000.00000000
0.50000000,Jaipur,JAI-02|JAI-03|JAI-05|CS-12|CS-13|CS-14,73.44447799,78.13106771,0.25353056,0.80384675,3250000.00000000
1.00000000,Jaipur,JAI-02|JAI-03|JAI-05|CS-12|CS-13|CS-14,80.69672323,85.38331295,0.25353056,0.80384675,3250000.00000000
1.50000000,Jaipur,JAI-02|JAI-03|JAI-05|CS-12|CS-13|CS-14,87.94896846,92.63555818,0.25353056,0.80384675,3250000.00000000
2.00000000,Jaipur,JAI-02|JAI-03|JAI-05|CS-12|CS-13|CS-14,95.20121370,99.88780342,0.25353056,0.80384675,3250000.00000000
0.00000000,Jaipur,JAI-01|JAI-02|JAI-03|JAI-05|CS-12|CS-13|CS-14,67.69328348,72.37987320,0.25175309,0.80384675,3250000.00000000
0.50000000,Jaipur,JAI-01|JAI-02|JAI-03|JAI-05|CS-12|CS-13|CS-14,76.19663187,80.88322159,0.25175309,0.80384675,3250000.00000000
1.00000000,Jaipur,JAI-01|JAI-02|JAI-03|JAI-05|CS-12|CS-13|CS-14,84.69998025,89.38656997,0.25175309,0.80384675,3250000.00000000
1.50000000,Jaipur,JAI-01|JAI-02|JAI-03|JAI-05|CS-12|CS-13|CS-14,93.20332864,97.88991836,0.25175309,0.80384675,3250000.00000000
2.00000000,Jaipur,JAI-01|JAI-02|JAI-03|JAI-05|CS-12|CS-13|CS-14,101.70667703,106.39326675,0.25175309,0.80384675,3250000.00000000
0.00000000,Jaipur,JAI-03|JAI-04|JAI-05|CS-12|CS-13|CS-14,64.55774390,69.24433362,0.23147842,0.81485231,3250000.00000000
0.50000000,Jaipur,JAI-03|JAI-04|JAI-05|CS-12|CS-13|CS-14,71.75807614,76.44466586,0.23147842,0.81485231,3250000.00000000
1.00000000,Jaipur,JAI-03|JAI-04|JAI-05|CS-12|CS-13|CS-14,78.95840838,83.64499810,0.23147842,0.81485231,3250000.00000000
1.50000000,Jaipur,JAI-03|JAI-04|JAI-05|CS-12|CS-13|CS-14,86.15874063,90.84533035,0.23147842,0.81485231,3250000.00000000
2.00000000,Jaipur,JAI-03|JAI-04|JAI-05|CS-12|CS-13|CS-14,93.35907287,98.04566259,0.23147842,0.81485231,3250000.00000000
0.00000000,Jaipur,JAI-01|JAI-03|JAI-04|JAI-05|CS-12|CS-13|CS-14,66.06626203,70.75285175,0.22973374,0.81485231,3250000.00000000
0.50000000,Jaipur,JAI-01|JAI-03|JAI-04|JAI-05|CS-12|CS-13|CS-14,74.51769743,79.20428715,0.22973374,0.81485231,3250000.00000000
1.00000000,Jaipur,JAI-01|JAI-03|JAI-04|JAI-05|CS-12|CS-13|CS-14,82.96913282,87.65572254,0.22973374,0.81485231,3250000.00000000
1.50000000,Jaipur,JAI-01|JAI-03|JAI-04|JAI-05|CS-12|CS-13|CS-14,91.42056822,96.10715794,0.22973374,0.81485231,3250000.00000000
2.00000000,Jaipur,JAI-01|JAI-03|JAI-04|JAI-05|CS-12|CS-13|CS-14,99.87200361,104.55859333,0.22973374,0.81485231,3250000.00000000
0.00000000,Jaipur,JAI-02|JAI-03|JAI-04|JAI-05|CS-12|CS-13|CS-14,60.94036501,65.62695473,0.14260992,0.91501843,3250000.00000000
0.50000000,Jaipur,JAI-02|JAI-03|JAI-04|JAI-05|CS-12|CS-13|CS-14,69.35805696,74.04464668,0.14260992,0.91501843,3250000.00000000
1.00000000,Jaipur,JAI-02|JAI-03|JAI-04|JAI-05|CS-12|CS-13|CS-14,77.77574891,82.46233863,0.14260992,0.91501843,3250000.00000000
1.50000000,Jaipur,JAI-02|JAI-03|JAI-04|JAI-05|CS-12|CS-13|CS-14,86.19344086,90.88003058,0.14260992,0.91501843,3250000.00000000
2.00000000,Jaipur,JAI-02|JAI-03|JAI-04|JAI-05|CS-12|CS-13|CS-14,94.61113280,99.29772252,0.14260992,0.91501843,3250000.00000000
0.00000000,Jaipur,JAI-01|JAI-02|JAI-03|JAI-04|JAI-05|CS-12|CS-13|CS-14,62.44888315,67.13547287,0.14086525,0.91501843,3250000.00000000
0.50000000,Jaipur,JAI-01|JAI-02|JAI-03|JAI-04|JAI-05|CS-12|CS-13|CS-14,72.11767825,76.80426797,0.14086525,0.91501843,3250000.00000000
1.00000000,Jaipur,JAI-01|JAI-02|JAI-03|JAI-04|JAI-05|CS-12|CS-13|CS-14,81.78647335,86.47306307,0.14086525,0.91501843,3250000.00000000
1.50000000,Jaipur,JAI-01|JAI-02|JAI-03|JAI-04|JAI-05|CS-12|CS-13|CS-14,91.45526845,96.14185817,0.14086525,0.91501843,3250000.00000000
2.00000000,Jaipur,JAI-01|JAI-02|JAI-03|JAI-04|JAI-05|CS-12|CS-13|CS-14,101.12406355,105.81065327,0.14086525,0.91501843,3250000.00000000
0.00000000,Jaipur,JAI-02|JAI-03|JAI-04|CS-11|CS-12|CS-13|CS-14,65.74538177,72.22008572,0.19189720,0.84205472,4490000.00000000
0.50000000,Jaipur,JAI-02|JAI-03|JAI-04|CS-11|CS-12|CS-13|CS-14,74.30064315,80.77534710,0.19189720,0.84205472,4490000.00000000
1.00000000,Jaipur,JAI-02|JAI-03|JAI-04|CS-11|CS-12|CS-13|CS-14,82.85590453,89.33060848,0.19189720,0.84205472,4490000.00000000
1.50000000,Jaipur,JAI-02|JAI-03|JAI-04|CS-11|CS-12|CS-13|CS-14,91.41116591,97.88586987,0.19189720,0.84205472,4490000.00000000
2.00000000,Jaipur,JAI-02|JAI-03|JAI-04|CS-11|CS-12|CS-13|CS-14,99.96642730,106.44113125,0.19189720,0.84205472,4490000.00000000
0.00000000,Jaipur,JAI-01|JAI-02|JAI-03|JAI-04|CS-11|CS-12|CS-13|CS-14,67.25389991,73.72860386,0.19015253,0.84205472,4490000.00000000
0.50000000,Jaipur,JAI-01|JAI-02|JAI-03|JAI-04|CS-11|CS-12|CS-13|CS-14,77.06026444,83.53496839,0.19015253,0.84205472,4490000.00000000
1.00000000,Jaipur,JAI-01|JAI-02|JAI-03|JAI-04|CS-11|CS-12|CS-13|CS-14,86.86662897,93.34133292,0.19015253,0.84205472,4490000.00000000
1.50000000,Jaipur,JAI-01|JAI-02|JAI-03|JAI-04|CS-11|CS-12|CS-13|CS-14,96.67299351,103.14769746,0.19015253,0.84205472,4490000.00000000
2.00000000,Jaipur,JAI-01|JAI-02|JAI-03|JAI-04|CS-11|CS-12|CS-13|CS-14,106.47935804,112.95406199,0.19015253,0.84205472,4490000.00000000
0.00000000,Jaipur,JAI-02|JAI-03|JAI-05|CS-11|CS-12|CS-13|CS-14,66.30580588,72.78050983,0.21475908,0.81412553,4490000.00000000
0.50000000,Jaipur,JAI-02|JAI-03|JAI-05|CS-11|CS-12|CS-13|CS-14,74.77541082,81.25011477,0.21475908,0.81412553,4490000.00000000
1.00000000,Jaipur,JAI-02|JAI-03|JAI-05|CS-11|CS-12|CS-13|CS-14,83.24501576,89.71971972,0.21475908,0.81412553,4490000.00000000
1.50000000,Jaipur,JAI-02|JAI-03|JAI-05|CS-11|CS-12|CS-13|CS-14,91.71462071,98.18932466,0.21475908,0.81412553,4490000.00000000
2.00000000,Jaipur,JAI-02|JAI-03|JAI-05|CS-11|CS-12|CS-13|CS-14,100.18422565,106.65892960,0.21475908,0.81412553,4490000.00000000
0.00000000,Jaipur,JAI-01|JAI-02|JAI-03|JAI-05|CS-11|CS-12|CS-13|CS-14,67.80685661,74.28156056,0.21298157,0.81412553,4490000.00000000
0.50000000,Jaipur,JAI-01|JAI-02|JAI-03|JAI-05|CS-11|CS-12|CS-13|CS-14,77.52756470,84.00226865,0.21298157,0.81412553,4490000.00000000
1.00000000,Jaipur,JAI-01|JAI-02|JAI-03|JAI-05|CS-11|CS-12|CS-13|CS-14,87.24827279,93.72297674,0.21298157,0.81412553,4490000.00000000
1.50000000,Jaipur,JAI-01|JAI-02|JAI-03|JAI-05|CS-11|CS-12|CS-13|CS-14,96.96898088,103.44368484,0.21298157,0.81412553,4490000.00000000
2.00000000,Jaipur,JAI-01|JAI-02|JAI-03|JAI-05|CS-11|CS-12|CS-13|CS-14,106.68968898,113.16439293,0.21298157,0.81412553,4490000.00000000
0.00000000,Jaipur,JAI-02|JAI-04|JAI-05|CS-11|CS-12|CS-13|CS-14,68.09413212,74.56883607,0.24943192,0.77230961,4490000.00000000
0.50000000,Jaipur,JAI-02|JAI-04|JAI-05|CS-11|CS-12|CS-13|CS-14,76.42616763,82.90087158,0.24943192,0.77230961,4490000.00000000
1.00000000,Jaipur,JAI-02|JAI-04|JAI-05|CS-11|CS-12|CS-13|CS-14,84.75820314,91.23290709,0.24943192,0.77230961,4490000.00000000
1.50000000,Jaipur,JAI-02|JAI-04|JAI-05|CS-11|CS-12|CS-13|CS-14,93.09023865,99.56494260,0.24943192,0.77230961,4490000.00000000
2.00000000,Jaipur,JAI-02|JAI-04|JAI-05|CS-11|CS-12|CS-13|CS-14,101.42227415,107.89697811,0.24943192,0.77230961,4490000.00000000
0.00000000,Jaipur,JAI-01|JAI-02|JAI-04|JAI-05|CS-11|CS-12|CS-13|CS-14,69.60265026,76.07735421,0.24768728,0.77230961,4490000.00000000
0.50000000,Jaipur,JAI-01|JAI-02|JAI-04|JAI-05|CS-11|CS-12|CS-13|CS-14,79.18578892,85.66049287,0.24768728,0.77230961,4490000.00000000
1.00000000,Jaipur,JAI-01|JAI-02|JAI-04|JAI-05|CS-11|CS-12|CS-13|CS-14,88.76892758,95.24363153,0.24768728,0.77230961,4490000.00000000
1.50000000,Jaipur,JAI-01|JAI-02|JAI-04|JAI-05|CS-11|CS-12|CS-13|CS-14,98.35206624,104.82677019,0.24768728,0.77230961,4490000.00000000
2.00000000,Jaipur,JAI-01|JAI-02|JAI-04|JAI-05|CS-11|CS-12|CS-13|CS-14,107.93520490,114.40990885,0.24768728,0.77230961,4490000.00000000
0.00000000,Jaipur,JAI-03|JAI-04|JAI-05|CS-11|CS-12|CS-13|CS-14,64.67131702,71.14602097,0.19270693,0.82513108,4490000.00000000
0.50000000,Jaipur,JAI-03|JAI-04|JAI-05|CS-11|CS-12|CS-13|CS-14,73.08900897,79.56371292,0.19270693,0.82513108,4490000.00000000
1.00000000,Jaipur,JAI-03|JAI-04|JAI-05|CS-11|CS-12|CS-13|CS-14,81.50670092,87.98140487,0.19270693,0.82513108,4490000.00000000
1.50000000,Jaipur,JAI-03|JAI-04|JAI-05|CS-11|CS-12|CS-13|CS-14,89.92439287,96.39909682,0.19270693,0.82513108,4490000.00000000
2.00000000,Jaipur,JAI-03|JAI-04|JAI-05|CS-11|CS-12|CS-13|CS-14,98.34208482,104.81678877,0.19270693,0.82513108,4490000.00000000
0.00000000,Jaipur,JAI-01|JAI-03|JAI-04|JAI-05|CS-11|CS-12|CS-13|CS-14,66.17983516,72.65453911,0.19096226,0.82513108,4490000.00000000
0.50000000,Jaipur,JAI-01|JAI-03|JAI-04|JAI-05|CS-11|CS-12|CS-13|CS-14,75.84863026,82.32333421,0.19096226,0.82513108,4490000.00000000
1.00000000,Jaipur,JAI-01|JAI-03|JAI-04|JAI-05|CS-11|CS-12|CS-13|CS-14,85.51742536,91.99212931,0.19096226,0.82513108,4490000.00000000
1.50000000,Jaipur,JAI-01|JAI-03|JAI-04|JAI-05|CS-11|CS-12|CS-13|CS-14,95.18622046,101.66092441,0.19096226,0.82513108,4490000.00000000
2.00000000,Jaipur,JAI-01|JAI-03|JAI-04|JAI-05|CS-11|CS-12|CS-13|CS-14,104.85501556,111.32971951,0.19096226,0.82513108,4490000.00000000
0.00000000,Jaipur,JAI-02|JAI-03|JAI-04|JAI-05|CS-11|CS-12|CS-13|CS-14,61.05393814,67.52864209,0.10383844,0.92529720,4490000.00000000
0.50000000,Jaipur,JAI-02|JAI-03|JAI-04|JAI-05|CS-11|CS-12|CS-13|CS-14,70.68898979,77.16369374,0.10383844,0.92529720,4490000.00000000
1.00000000,Jaipur,JAI-02|JAI-03|JAI-04|JAI-05|CS-11|CS-12|CS-13|CS-14,80.32404144,86.79874540,0.10383844,0.92529720,4490000.00000000
1.50000000,Jaipur,JAI-02|JAI-03|JAI-04|JAI-05|CS-11|CS-12|CS-13|CS-14,89.95909310,96.43379705,0.10383844,0.92529720,4490000.00000000
2.00000000,Jaipur,JAI-02|JAI-03|JAI-04|JAI-05|CS-11|CS-12|CS-13|CS-14,99.59414475,106.06884870,0.10383844,0.92529720,4490000.00000000
0.00000000,Jaipur,JAI-01|JAI-02|JAI-03|JAI-04|JAI-05|CS-11|CS-12|CS-13|CS-14,62.56245627,69.03716023,0.10209376,0.92529720,4490000.00000000
0.50000000,Jaipur,JAI-01|JAI-02|JAI-03|JAI-04|JAI-05|CS-11|CS-12|CS-13|CS-14,73.44861108,79.92331503,0.10209376,0.92529720,4490000.00000000
1.00000000,Jaipur,JAI-01|JAI-02|JAI-03|JAI-04|JAI-05|CS-11|CS-12|CS-13|CS-14,84.33476588,90.80946984,0.10209376,0.92529720,4490000.00000000
1.50000000,Jaipur,JAI-01|JAI-02|JAI-03|JAI-04|JAI-05|CS-11|CS-12|CS-13|CS-14,95.22092069,101.69562464,0.10209376,0.92529720,4490000.00000000
2.00000000,Jaipur,JAI-01|JAI-02|JAI-03|JAI-04|JAI-05|CS-11|CS-12|CS-13|CS-14,106.10707549,112.58177944,0.10209376,0.92529720,4490000.00000000
0.00000000,Jaipur,JAI-01|JAI-02|JAI-03|JAI-04|CS-11|CS-15,61.14657071,64.26135034,0.20156328,0.82902455,2160000.00000000
0.50000000,Jaipur,JAI-01|JAI-02|JAI-03|JAI-04|CS-11|CS-15,68.51821584,71.63299547,0.20156328,0.82902455,2160000.00000000
1.00000000,Jaipur,JAI-01|JAI-02|JAI-03|JAI-04|CS-11|CS-15,75.88986096,79.00464059,0.20156328,0.82902455,2160000.00000000
1.50000000,Jaipur,JAI-01|JAI-02|JAI-03|JAI-04|CS-11|CS-15,83.26150608,86.37628571,0.20156328,0.82902455,2160000.00000000
2.00000000,Jaipur,JAI-01|JAI-02|JAI-03|JAI-04|CS-11|CS-15,90.63315121,93.74793083,0.20156328,0.82902455,2160000.00000000
0.00000000,Jaipur,JAI-01|JAI-02|JAI-03|JAI-04|JAI-05|CS-11|CS-15,61.96549127,65.08027090,0.19444090,0.82762290,2160000.00000000
0.50000000,Jaipur,JAI-01|JAI-02|JAI-03|JAI-04|JAI-05|CS-11|CS-15,70.41692666,73.53170629,0.19444090,0.82762290,2160000.00000000
1.00000000,Jaipur,JAI-01|JAI-02|JAI-03|JAI-04|JAI-05|CS-11|CS-15,78.86836206,81.98314169,0.19444090,0.82762290,2160000.00000000
1.50000000,Jaipur,JAI-01|JAI-02|JAI-03|JAI-04|JAI-05|CS-11|CS-15,87.31979745,90.43457708,0.19444090,0.82762290,2160000.00000000
2.00000000,Jaipur,JAI-01|JAI-02|JAI-03|JAI-04|JAI-05|CS-11|CS-15,95.77123285,98.88601248,0.19444090,0.82762290,2160000.00000000
0.00000000,Jaipur,JAI-01|JAI-02|JAI-03|JAI-04|CS-12|CS-15,62.79727200,65.82552997,0.23072816,0.79668276,2100000.00000000
0.50000000,Jaipur,JAI-01|JAI-02|JAI-03|JAI-04|CS-12|CS-15,70.16891712,73.19717509,0.23072816,0.79668276,2100000.00000000
1.00000000,Jaipur,JAI-01|JAI-02|JAI-03|JAI-04|CS-12|CS-15,77.54056224,80.56882022,0.23072816,0.79668276,2100000.00000000
1.50000000,Jaipur,JAI-01|JAI-02|JAI-03|JAI-04|CS-12|CS-15,84.91220737,87.94046534,0.23072816,0.79668276,2100000.00000000
2.00000000,Jaipur,JAI-01|JAI-02|JAI-03|JAI-04|CS-12|CS-15,92.28385249,95.31211046,0.23072816,0.79668276,2100000.00000000
0.00000000,Jaipur,JAI-01|JAI-02|JAI-03|JAI-04|JAI-05|CS-12|CS-15,63.61619255,66.64445053,0.22360574,0.79528111,2100000.00000000
0.50000000,Jaipur,JAI-01|JAI-02|JAI-03|JAI-04|JAI-05|CS-12|CS-15,72.06762795,75.09588592,0.22360574,0.79528111,2100000.00000000
1.00000000,Jaipur,JAI-01|JAI-02|JAI-03|JAI-04|JAI-05|CS-12|CS-15,80.51906334,83.54732131,0.22360574,0.79528111,2100000.00000000
1.50000000,Jaipur,JAI-01|JAI-02|JAI-03|JAI-04|JAI-05|CS-12|CS-15,88.97049874,91.99875671,0.22360574,0.79528111,2100000.00000000
2.00000000,Jaipur,JAI-01|JAI-02|JAI-03|JAI-04|JAI-05|CS-12|CS-15,97.42193413,100.45019210,0.22360574,0.79528111,2100000.00000000
0.00000000,Jaipur,JAI-01|JAI-02|JAI-03|CS-11|CS-12|CS-15,65.62759542,70.44396763,0.25458330,0.78513212,3340000.00000000
0.50000000,Jaipur,JAI-01|JAI-02|JAI-03|CS-11|CS-12|CS-15,73.05115354,77.86752574,0.25458330,0.78513212,3340000.00000000
1.00000000,Jaipur,JAI-01|JAI-02|JAI-03|CS-11|CS-12|CS-15,80.47471166,85.29108386,0.25458330,0.78513212,3340000.00000000
1.50000000,Jaipur,JAI-01|JAI-02|JAI-03|CS-11|CS-12|CS-15,87.89826977,92.71464198,0.25458330,0.78513212,3340000.00000000
2.00000000,Jaipur,JAI-01|JAI-02|JAI-03|CS-11|CS-12|CS-15,95.32182789,100.13820009,0.25458330,0.78513212,3340000.00000000
0.00000000,Jaipur,JAI-01|JAI-03|JAI-04|CS-11|CS-12|CS-15,63.97943366,68.79580586,0.23234989,0.79613767,3340000.00000000
0.50000000,Jaipur,JAI-01|JAI-03|JAI-04|CS-11|CS-12|CS-15,71.35107878,76.16745099,0.23234989,0.79613767,3340000.00000000
1.00000000,Jaipur,JAI-01|JAI-03|JAI-04|CS-11|CS-12|CS-15,78.72272390,83.53909611,0.23234989,0.79613767,3340000.00000000
1.50000000,Jaipur,JAI-01|JAI-03|JAI-04|CS-11|CS-12|CS-15,86.09436903,90.91074123,0.23234989,0.79613767,3340000.00000000
2.00000000,Jaipur,JAI-01|JAI-03|JAI-04|CS-11|CS-12|CS-15,93.46601415,98.28238635,0.23234989,0.79613767,3340000.00000000
0.00000000,Jaipur,JAI-02|JAI-03|JAI-04|CS-11|CS-12|CS-15,63.85326817,68.66964038,0.23058930,0.80317188,3340000.00000000
0.50000000,Jaipur,JAI-02|JAI-03|JAI-04|CS-11|CS-12|CS-15,71.19116985,76.00754205,0.23058930,0.80317188,3340000.00000000
1.00000000,Jaipur,JAI-02|JAI-03|JAI-04|CS-11|CS-12|CS-15,78.52907153,83.34544373,0.23058930,0.80317188,3340000.00000000
1.50000000,Jaipur,JAI-02|JAI-03|JAI-04|CS-11|CS-12|CS-15,85.86697320,90.68334541,0.23058930,0.80317188,3340000.00000000
2.00000000,Jaipur,JAI-02|JAI-03|JAI-04|CS-11|CS-12|CS-15,93.20487488,98.02124708,0.23058930,0.80317188,3340000.00000000
0.00000000,Jaipur,JAI-01|JAI-02|JAI-03|JAI-04|CS-11|CS-12|CS-15,60.37303115,65.18940335,0.14363626,0.89630379,3340000.00000000
0.50000000,Jaipur,JAI-01|JAI-02|JAI-03|JAI-04|CS-11|CS-12|CS-15,68.96203598,73.77840818,0.14363626,0.89630379,3340000.00000000
1.00000000,Jaipur,JAI-01|JAI-02|JAI-03|JAI-04|CS-11|CS-12|CS-15,77.55104080,82.36741301,0.14363626,0.89630379,3340000.00000000
1.50000000,Jaipur,JAI-01|JAI-02|JAI-03|JAI-04|CS-11|CS-12|CS-15,86.14004563,90.95641784,0.14363626,0.89630379,3340000.00000000
2.00000000,Jaipur,JAI-01|JAI-02|JAI-03|JAI-04|CS-11|CS-12|CS-15,94.72905046,99.54542266,0.14363626,0.89630379,3340000.00000000
0.00000000,Jaipur,JAI-01|JAI-02|JAI-03|JAI-05|CS-11|CS-12|CS-15,66.43635203,71.25272424,0.24740168,0.78373047,3340000.00000000
0.50000000,Jaipur,JAI-01|JAI-02|JAI-03|JAI-05|CS-11|CS-12|CS-15,74.93970042,79.75607263,0.24740168,0.78373047,3340000.00000000
1.00000000,Jaipur,JAI-01|JAI-02|JAI-03|JAI-05|CS-11|CS-12|CS-15,83.44304881,88.25942101,0.24740168,0.78373047,3340000.00000000
1.50000000,Jaipur,JAI-01|JAI-02|JAI-03|JAI-05|CS-11|CS-12|CS-15,91.94639720,96.76276940,0.24740168,0.78373047,3340000.00000000
2.00000000,Jaipur,JAI-01|JAI-02|JAI-03|JAI-05|CS-11|CS-12|CS-15,100.44974559,105.26611779,0.24740168,0.78373047,3340000.00000000
0.00000000,Jaipur,JAI-01|JAI-03|JAI-04|JAI-05|CS-11|CS-12|CS-15,64.79835421,69.61472642,0.22522752,0.79473602,3340000.00000000
0.50000000,Jaipur,JAI-01|JAI-03|JAI-04|JAI-05|CS-11|CS-12|CS-15,73.24978961,78.06616181,0.22522752,0.79473602,3340000.00000000
1.00000000,Jaipur,JAI-01|JAI-03|JAI-04|JAI-05|CS-11|CS-12|CS-15,81.70122500,86.51759721,0.22522752,0.79473602,3340000.00000000
1.50000000,Jaipur,JAI-01|JAI-03|JAI-04|JAI-05|CS-11|CS-12|CS-15,90.15266040,94.96903260,0.22522752,0.79473602,3340000.00000000
2.00000000,Jaipur,JAI-01|JAI-03|JAI-04|JAI-05|CS-11|CS-12|CS-15,98.60409579,103.42046800,0.22522752,0.79473602,3340000.00000000
0.00000000,Jaipur,JAI-02|JAI-03|JAI-04|JAI-05|CS-11|CS-12|CS-15,64.67218873,69.48856093,0.22346693,0.80177023,3340000.00000000
0.50000000,Jaipur,JAI-02|JAI-03|JAI-04|JAI-05|CS-11|CS-12|CS-15,73.08988068,77.90625288,0.22346693,0.80177023,3340000.00000000
1.00000000,Jaipur,JAI-02|JAI-03|JAI-04|JAI-05|CS-11|CS-12|CS-15,81.50757262,86.32394483,0.22346693,0.80177023,3340000.00000000
1.50000000,Jaipur,JAI-02|JAI-03|JAI-04|JAI-05|CS-11|CS-12|CS-15,89.92526457,94.74163678,0.22346693,0.80177023,3340000.00000000
2.00000000,Jaipur,JAI-02|JAI-03|JAI-04|JAI-05|CS-11|CS-12|CS-15,98.34295652,103.15932873,0.22346693,0.80177023,3340000.00000000
0.00000000,Jaipur,JAI-01|JAI-02|JAI-03|JAI-04|JAI-05|CS-11|CS-12|CS-15,61.19195170,66.00832391,0.13651389,0.89490214,3340000.00000000
0.50000000,Jaipur,JAI-01|JAI-02|JAI-03|JAI-04|JAI-05|CS-11|CS-12|CS-15,70.86074680,75.67711901,0.13651389,0.89490214,3340000.00000000
1.00000000,Jaipur,JAI-01|JAI-02|JAI-03|JAI-04|JAI-05|CS-11|CS-12|CS-15,80.52954190,85.34591411,0.13651389,0.89490214,3340000.00000000
1.50000000,Jaipur,JAI-01|JAI-02|JAI-03|JAI-04|JAI-05|CS-11|CS-12|CS-15,90.19833700,95.01470921,0.13651389,0.89490214,3340000.00000000
2.00000000,Jaipur,JAI-01|JAI-02|JAI-03|JAI-04|JAI-05|CS-11|CS-12|CS-15,99.86713210,104.68350430,0.13651389,0.89490214,3340000.00000000
0.00000000,Jaipur,JAI-01|JAI-02|JAI-03|JAI-04|CS-13|CS-15,61.67635935,64.57483484,0.21235947,0.84218450,2010000.00000000
0.50000000,Jaipur,JAI-01|JAI-02|JAI-03|JAI-04|CS-13|CS-15,69.04800448,71.94647997,0.21235947,0.84218450,2010000.00000000
1.00000000,Jaipur,JAI-01|JAI-02|JAI-03|JAI-04|CS-13|CS-15,76.41964960,79.31812509,0.21235947,0.84218450,2010000.00000000
1.50000000,Jaipur,JAI-01|JAI-02|JAI-03|JAI-04|CS-13|CS-15,83.79129472,86.68977021,0.21235947,0.84218450,2010000.00000000
2.00000000,Jaipur,JAI-01|JAI-02|JAI-03|JAI-04|CS-13|CS-15,91.16293985,94.06141533,0.21235947,0.84218450,2010000.00000000
0.00000000,Jaipur,JAI-01|JAI-02|JAI-03|JAI-04|JAI-05|CS-13|CS-15,62.49527991,65.39375540,0.20523708,0.84078285,2010000.00000000
0.50000000,Jaipur,JAI-01|JAI-02|JAI-03|JAI-04|JAI-05|CS-13|CS-15,70.94671530,73.84519079,0.20523708,0.84078285,2010000.00000000
1.00000000,Jaipur,JAI-01|JAI-02|JAI-03|JAI-04|JAI-05|CS-13|CS-15,79.39815070,82.29662619,0.20523708,0.84078285,2010000.00000000
1.50000000,Jaipur,JAI-01|JAI-02|JAI-03|JAI-04|JAI-05|CS-13|CS-15,87.84958609,90.74806158,0.20523708,0.84078285,2010000.00000000
2.00000000,Jaipur,JAI-01|JAI-02|JAI-03|JAI-04|JAI-05|CS-13|CS-15,96.30102149,99.19949697,0.20523708,0.84078285,2010000.00000000
0.00000000,Jaipur,JAI-02|JAI-03|JAI-04|CS-11|CS-13|CS-15,64.92743095,69.61402067,0.25362656,0.76823444,3250000.00000000
0.50000000,Jaipur,JAI-02|JAI-03|JAI-04|CS-11|CS-13|CS-15,72.26533262,76.95192234,0.25362656,0.76823444,3250000.00000000
1.00000000,Jaipur,JAI-02|JAI-03|JAI-04|CS-11|CS-13|CS-15,79.60323430,84.28982402,0.25362656,0.76823444,3250000.00000000
1.50000000,Jaipur,JAI-02|JAI-03|JAI-04|CS-11|CS-13|CS-15,86.94113598,91.62772570,0.25362656,0.76823444,3250000.00000000
2.00000000,Jaipur,JAI-02|JAI-03|JAI-04|CS-11|CS-13|CS-15,94.27903765,98.96562737,0.25362656,0.76823444,3250000.00000000
0.00000000,Jaipur,JAI-01|JAI-02|JAI-03|JAI-04|CS-11|CS-13|CS-15,61.44719392,66.13378364,0.16667353,0.86136635,3250000.00000000
0.50000000,Jaipur,JAI-01|JAI-02|JAI-03|JAI-04|CS-11|CS-13|CS-15,70.03619875,74.72278847,0.16667353,0.86136635,3250000.00000000
1.00000000,Jaipur,JAI-01|JAI-02|JAI-03|JAI-04|CS-11|CS-13|CS-15,78.62520358,83.31179330,0.16667353,0.86136635,3250000.00000000
1.50000000,Jaipur,JAI-01|JAI-02|JAI-03|JAI-04|CS-11|CS-13|CS-15,87.21420840,91.90079812,0.16667353,0.86136635,3250000.00000000
2.00000000,Jaipur,JAI-01|JAI-02|JAI-03|JAI-04|CS-11|CS-13|CS-15,95.80321323,100.48980295,0.16667353,0.86136635,3250000.00000000
0.00000000,Jaipur,JAI-01|JAI-03|JAI-04|JAI-05|CS-11|CS-13|CS-15,66.79051360,71.47710332,0.25935188,0.75733271,3250000.00000000
0.50000000,Jaipur,JAI-01|JAI-03|JAI-04|JAI-05|CS-11|CS-13|CS-15,75.24194900,79.92853872,0.25935188,0.75733271,3250000.00000000
1.00000000,Jaipur,JAI-01|JAI-03|JAI-04|JAI-05|CS-11|CS-13|CS-15,83.69338439,88.37997411,0.25935188,0.75733271,3250000.00000000
1.50000000,Jaipur,JAI-01|JAI-03|JAI-04|JAI-05|CS-11|CS-13|CS-15,92.14481979,96.83140951,0.25935188,0.75733271,3250000.00000000
2.00000000,Jaipur,JAI-01|JAI-03|JAI-04|JAI-05|CS-11|CS-13|CS-15,100.59625518,105.28284490,0.25935188,0.75733271,3250000.00000000
0.00000000,Jaipur,JAI-02|JAI-03|JAI-04|JAI-05|CS-11|CS-13|CS-15,65.74635150,70.43294122,0.24650419,0.76683279,3250000.00000000
0.50000000,Jaipur,JAI-02|JAI-03|JAI-04|JAI-05|CS-11|CS-13|CS-15,74.16404345,78.85063317,0.24650419,0.76683279,3250000.00000000
1.00000000,Jaipur,JAI-02|JAI-03|JAI-04|JAI-05|CS-11|CS-13|CS-15,82.58173540,87.26832512,0.24650419,0.76683279,3250000.00000000
1.50000000,Jaipur,JAI-02|JAI-03|JAI-04|JAI-05|CS-11|CS-13|CS-15,90.99942735,95.68601707,0.24650419,0.76683279,3250000.00000000
2.00000000,Jaipur,JAI-02|JAI-03|JAI-04|JAI-05|CS-11|CS-13|CS-15,99.41711929,104.10370901,0.24650419,0.76683279,3250000.00000000
0.00000000,Jaipur,JAI-01|JAI-02|JAI-03|JAI-04|JAI-05|CS-11|CS-13|CS-15,62.26611448,66.95270420,0.15955114,0.85996470,3250000.00000000
0.50000000,Jaipur,JAI-01|JAI-02|JAI-03|JAI-04|JAI-05|CS-11|CS-13|CS-15,71.93490958,76.62149930,0.15955114,0.85996470,3250000.00000000
1.00000000,Jaipur,JAI-01|JAI-02|JAI-03|JAI-04|JAI-05|CS-11|CS-13|CS-15,81.60370467,86.29029439,0.15955114,0.85996470,3250000.00000000
1.50000000,Jaipur,JAI-01|JAI-02|JAI-03|JAI-04|JAI-05|CS-11|CS-13|CS-15,91.27249977,95.95908949,0.15955114,0.85996470,3250000.00000000
2.00000000,Jaipur,JAI-01|JAI-02|JAI-03|JAI-04|JAI-05|CS-11|CS-13|CS-15,100.94129487,105.62788459,0.15955114,0.85996470,3250000.00000000
0.00000000,Jaipur,JAI-01|JAI-02|JAI-03|CS-12|CS-13|CS-15,66.15738406,70.75745213,0.26537949,0.79829206,3190000.00000000
0.50000000,Jaipur,JAI-01|JAI-02|JAI-03|CS-12|CS-13|CS-15,73.58094218,78.18101024,0.26537949,0.79829206,3190000.00000000
1.00000000,Jaipur,JAI-01|JAI-02|JAI-03|CS-12|CS-13|CS-15,81.00450030,85.60456836,0.26537949,0.79829206,3190000.00000000
1.50000000,Jaipur,JAI-01|JAI-02|JAI-03|CS-12|CS-13|CS-15,88.42805841,93.02812648,0.26537949,0.79829206,3190000.00000000
2.00000000,Jaipur,JAI-01|JAI-02|JAI-03|CS-12|CS-13|CS-15,95.85161653,100.45168459,0.26537949,0.79829206,3190000.00000000
0.00000000,Jaipur,JAI-01|JAI-03|JAI-04|CS-12|CS-13|CS-15,64.50922230,69.10929036,0.24314606,0.80929762,3190000.00000000
0.50000000,Jaipur,JAI-01|JAI-03|JAI-04|CS-12|CS-13|CS-15,71.88086742,76.48093549,0.24314606,0.80929762,3190000.00000000
1.00000000,Jaipur,JAI-01|JAI-03|JAI-04|CS-12|CS-13|CS-15,79.25251254,83.85258061,0.24314606,0.80929762,3190000.00000000
1.50000000,Jaipur,JAI-01|JAI-03|JAI-04|CS-12|CS-13|CS-15,86.62415767,91.22422573,0.24314606,0.80929762,3190000.00000000
2.00000000,Jaipur,JAI-01|JAI-03|JAI-04|CS-12|CS-13|CS-15,93.99580279,98.59587085,0.24314606,0.80929762,3190000.00000000
0.00000000,Jaipur,JAI-01|JAI-02|JAI-03|JAI-04|CS-12|CS-13|CS-15,60.90281979,65.50288785,0.15443243,0.90946374,3190000.00000000
0.50000000,Jaipur,JAI-01|JAI-02|JAI-03|JAI-04|CS-12|CS-13|CS-15,69.49182462,74.09189268,0.15443243,0.90946374,3190000.00000000
1.00000000,Jaipur,JAI-01|JAI-02|JAI-03|JAI-04|CS-12|CS-13|CS-15,78.08082944,82.68089751,0.15443243,0.90946374,3190000.00000000
1.50000000,Jaipur,JAI-01|JAI-02|JAI-03|JAI-04|CS-12|CS-13|CS-15,86.66983427,91.26990234,0.15443243,0.90946374,3190000.00000000
2.00000000,Jaipur,JAI-01|JAI-02|JAI-03|JAI-04|CS-12|CS-13|CS-15,95.25883910,99.85890716,0.15443243,0.90946374,3190000.00000000
0.00000000,Jaipur,JAI-01|JAI-02|JAI-03|JAI-05|CS-12|CS-13|CS-15,66.96614067,71.56620874,0.25819787,0.79689041,3190000.00000000
0.50000000,Jaipur,JAI-01|JAI-02|JAI-03|JAI-05|CS-12|CS-13|CS-15,75.46948906,80.06955713,0.25819787,0.79689041,3190000.00000000
1.00000000,Jaipur,JAI-01|JAI-02|JAI-03|JAI-05|CS-12|CS-13|CS-15,83.97283745,88.57290551,0.25819787,0.79689041,3190000.00000000
1.50000000,Jaipur,JAI-01|JAI-02|JAI-03|JAI-05|CS-12|CS-13|CS-15,92.47618584,97.07625390,0.25819787,0.79689041,3190000.00000000
2.00000000,Jaipur,JAI-01|JAI-02|JAI-03|JAI-05|CS-12|CS-13|CS-15,100.97953423,105.57960229,0.25819787,0.79689041,3190000.00000000
0.00000000,Jaipur,JAI-01|JAI-03|JAI-04|JAI-05|CS-12|CS-13|CS-15,65.32814285,69.92821092,0.23602366,0.80789597,3190000.00000000
0.50000000,Jaipur,JAI-01|JAI-03|JAI-04|JAI-05|CS-12|CS-13|CS-15,73.77957825,78.37964631,0.23602366,0.80789597,3190000.00000000
1.00000000,Jaipur,JAI-01|JAI-03|JAI-04|JAI-05|CS-12|CS-13|CS-15,82.23101364,86.83108171,0.23602366,0.80789597,3190000.00000000
1.50000000,Jaipur,JAI-01|JAI-03|JAI-04|JAI-05|CS-12|CS-13|CS-15,90.68244904,95.28251710,0.23602366,0.80789597,3190000.00000000
2.00000000,Jaipur,JAI-01|JAI-03|JAI-04|JAI-05|CS-12|CS-13|CS-15,99.13388443,103.73395249,0.23602366,0.80789597,3190000.00000000
0.00000000,Jaipur,JAI-01|JAI-02|JAI-03|JAI-04|JAI-05|CS-12|CS-13|CS-15,61.72174034,66.32180841,0.14731006,0.90806209,3190000.00000000
0.50000000,Jaipur,JAI-01|JAI-02|JAI-03|JAI-04|JAI-05|CS-12|CS-13|CS-15,71.39053544,75.99060351,0.14731006,0.90806209,3190000.00000000
1.00000000,Jaipur,JAI-01|JAI-02|JAI-03|JAI-04|JAI-05|CS-12|CS-13|CS-15,81.05933054,85.65939861,0.14731006,0.90806209,3190000.00000000
1.50000000,Jaipur,JAI-01|JAI-02|JAI-03|JAI-04|JAI-05|CS-12|CS-13|CS-15,90.72812564,95.32819370,0.14731006,0.90806209,3190000.00000000
2.00000000,Jaipur,JAI-01|JAI-02|JAI-03|JAI-04|JAI-05|CS-12|CS-13|CS-15,100.39692074,104.99698880,0.14731006,0.90806209,3190000.00000000
0.00000000,Jaipur,JAI-01|JAI-02|JAI-03|CS-11|CS-12|CS-13|CS-15,65.92821863,72.31640092,0.21969353,0.81747391,4430000.00000000
0.50000000,Jaipur,JAI-01|JAI-02|JAI-03|CS-11|CS-12|CS-13|CS-15,74.56913645,80.95731875,0.21969353,0.81747391,4430000.00000000
1.00000000,Jaipur,JAI-01|JAI-02|JAI-03|CS-11|CS-12|CS-13|CS-15,83.21005427,89.59823657,0.21969353,0.81747391,4430000.00000000
1.50000000,Jaipur,JAI-01|JAI-02|JAI-03|CS-11|CS-12|CS-13|CS-15,91.85097209,98.23915439,0.21969353,0.81747391,4430000.00000000
2.00000000,Jaipur,JAI-01|JAI-02|JAI-03|CS-11|CS-12|CS-13|CS-15,100.49188992,106.88007221,0.21969353,0.81747391,4430000.00000000
0.00000000,Jaipur,JAI-01|JAI-02|JAI-04|CS-11|CS-12|CS-13|CS-15,67.71384834,74.10203063,0.25433999,0.77565800,4430000.00000000
0.50000000,Jaipur,JAI-01|JAI-02|JAI-04|CS-11|CS-12|CS-13|CS-15,76.21719673,82.60537902,0.25433999,0.77565800,4430000.00000000
1.00000000,Jaipur,JAI-01|JAI-02|JAI-04|CS-11|CS-12|CS-13|CS-15,84.72054511,91.10872741,0.25433999,0.77565800,4430000.00000000
1.50000000,Jaipur,JAI-01|JAI-02|JAI-04|CS-11|CS-12|CS-13|CS-15,93.22389350,99.61207580,0.25433999,0.77565800,4430000.00000000
2.00000000,Jaipur,JAI-01|JAI-02|JAI-04|CS-11|CS-12|CS-13|CS-15,101.72724189,108.11542419,0.25433999,0.77565800,4430000.00000000
0.00000000,Jaipur,JAI-01|JAI-03|JAI-04|CS-11|CS-12|CS-13|CS-15,64.28005687,70.66823916,0.19746011,0.82847947,4430000.00000000
0.50000000,Jaipur,JAI-01|JAI-03|JAI-04|CS-11|CS-12|CS-13|CS-15,72.86906169,79.25724399,0.19746011,0.82847947,4430000.00000000
1.00000000,Jaipur,JAI-01|JAI-03|JAI-04|CS-11|CS-12|CS-13|CS-15,81.45806652,87.84624882,0.19746011,0.82847947,4430000.00000000
1.50000000,Jaipur,JAI-01|JAI-03|JAI-04|CS-11|CS-12|CS-13|CS-15,90.04707135,96.43525364,0.19746011,0.82847947,4430000.00000000
2.00000000,Jaipur,JAI-01|JAI-03|JAI-04|CS-11|CS-12|CS-13|CS-15,98.63607618,105.02425847,0.19746011,0.82847947,4430000.00000000
0.00000000,Jaipur,JAI-02|JAI-03|JAI-04|CS-11|CS-12|CS-13|CS-15,64.15389138,70.54207367,0.19569954,0.83551368,4430000.00000000
0.50000000,Jaipur,JAI-02|JAI-03|JAI-04|CS-11|CS-12|CS-13|CS-15,72.70915276,79.09733506,0.19569954,0.83551368,4430000.00000000
1.00000000,Jaipur,JAI-02|JAI-03|JAI-04|CS-11|CS-12|CS-13|CS-15,81.26441414,87.65259644,0.19569954,0.83551368,4430000.00000000
1.50000000,Jaipur,JAI-02|JAI-03|JAI-04|CS-11|CS-12|CS-13|CS-15,89.81967553,96.20785782,0.19569954,0.83551368,4430000.00000000
2.00000000,Jaipur,JAI-02|JAI-03|JAI-04|CS-11|CS-12|CS-13|CS-15,98.37493691,104.76311920,0.19569954,0.83551368,4430000.00000000
0.00000000,Jaipur,JAI-01|JAI-02|JAI-03|JAI-04|CS-11|CS-12|CS-13|CS-15,60.67365435,67.06183665,0.10874651,0.92864559,4430000.00000000
0.50000000,Jaipur,JAI-01|JAI-02|JAI-03|JAI-04|CS-11|CS-12|CS-13|CS-15,70.48001889,76.86820118,0.10874651,0.92864559,4430000.00000000
1.00000000,Jaipur,JAI-01|JAI-02|JAI-03|JAI-04|CS-11|CS-12|CS-13|CS-15,80.28638342,86.67456572,0.10874651,0.92864559,4430000.00000000
1.50000000,Jaipur,JAI-01|JAI-02|JAI-03|JAI-04|CS-11|CS-12|CS-13|CS-15,90.09274795,96.48093025,0.10874651,0.92864559,4430000.00000000
2.00000000,Jaipur,JAI-01|JAI-02|JAI-03|JAI-04|CS-11|CS-12|CS-13|CS-15,99.89911249,106.28729478,0.10874651,0.92864559,4430000.00000000
0.00000000,Jaipur,JAI-01|JAI-02|JAI-03|JAI-05|CS-11|CS-12|CS-13|CS-15,66.73697524,73.12515753,0.21251193,0.81607226,4430000.00000000
0.50000000,Jaipur,JAI-01|JAI-02|JAI-03|JAI-05|CS-11|CS-12|CS-13|CS-15,76.45768333,82.84586563,0.21251193,0.81607226,4430000.00000000
1.00000000,Jaipur,JAI-01|JAI-02|JAI-03|JAI-05|CS-11|CS-12|CS-13|CS-15,86.17839143,92.56657372,0.21251193,0.81607226,4430000.00000000
1.50000000,Jaipur,JAI-01|JAI-02|JAI-03|JAI-05|CS-11|CS-12|CS-13|CS-15,95.89909952,102.28728181,0.21251193,0.81607226,4430000.00000000
2.00000000,Jaipur,JAI-01|JAI-02|JAI-03|JAI-05|CS-11|CS-12|CS-13|CS-15,105.61980761,112.00798991,0.21251193,0.81607226,4430000.00000000
0.00000000,Jaipur,JAI-01|JAI-02|JAI-04|JAI-05|CS-11|CS-12|CS-13|CS-15,68.53276889,74.92095119,0.24721761,0.77425635,4430000.00000000
0.50000000,Jaipur,JAI-01|JAI-02|JAI-04|JAI-05|CS-11|CS-12|CS-13|CS-15,78.11590755,84.50408985,0.24721761,0.77425635,4430000.00000000
1.00000000,Jaipur,JAI-01|JAI-02|JAI-04|JAI-05|CS-11|CS-12|CS-13|CS-15,87.69904621,94.08722851,0.24721761,0.77425635,4430000.00000000
1.50000000,Jaipur,JAI-01|JAI-02|JAI-04|JAI-05|CS-11|CS-12|CS-13|CS-15,97.28218487,103.67036717,0.24721761,0.77425635,4430000.00000000
2.00000000,Jaipur,JAI-01|JAI-02|JAI-04|JAI-05|CS-11|CS-12|CS-13|CS-15,106.86532353,113.25350583,0.24721761,0.77425635,4430000.00000000
0.00000000,Jaipur,JAI-01|JAI-03|JAI-04|JAI-05|CS-11|CS-12|CS-13|CS-15,65.09897742,71.48715972,0.19033772,0.82707782,4430000.00000000
0.50000000,Jaipur,JAI-01|JAI-03|JAI-04|JAI-05|CS-11|CS-12|CS-13|CS-15,74.76777252,81.15595481,0.19033772,0.82707782,4430000.00000000
1.00000000,Jaipur,JAI-01|JAI-03|JAI-04|JAI-05|CS-11|CS-12|CS-13|CS-15,84.43656762,90.82474991,0.19033772,0.82707782,4430000.00000000
1.50000000,Jaipur,JAI-01|JAI-03|JAI-04|JAI-05|CS-11|CS-12|CS-13|CS-15,94.10536272,100.49354501,0.19033772,0.82707782,4430000.00000000
2.00000000,Jaipur,JAI-01|JAI-03|JAI-04|JAI-05|CS-11|CS-12|CS-13|CS-15,103.77415782,110.16234011,0.19033772,0.82707782,4430000.00000000
0.00000000,Jaipur,JAI-02|JAI-03|JAI-04|JAI-05|CS-11|CS-12|CS-13|CS-15,64.97281193,71.36099423,0.18857716,0.83411203,4430000.00000000
0.50000000,Jaipur,JAI-02|JAI-03|JAI-04|JAI-05|CS-11|CS-12|CS-13|CS-15,74.60786359,80.99604588,0.18857716,0.83411203,4430000.00000000
1.00000000,Jaipur,JAI-02|JAI-03|JAI-04|JAI-05|CS-11|CS-12|CS-13|CS-15,84.24291524,90.63109754,0.18857716,0.83411203,4430000.00000000
1.50000000,Jaipur,JAI-02|JAI-03|JAI-04|JAI-05|CS-11|CS-12|CS-13|CS-15,93.87796689,100.26614919,0.18857716,0.83411203,4430000.00000000
2.00000000,Jaipur,JAI-02|JAI-03|JAI-04|JAI-05|CS-11|CS-12|CS-13|CS-15,103.51301855,109.90120084,0.18857716,0.83411203,4430000.00000000
0.00000000,Jaipur,JAI-01|JAI-02|JAI-03|JAI-04|JAI-05|CS-11|CS-12|CS-13|CS-15,61.49257491,67.88075720,0.10162412,0.92724394,4430000.00000000
0.50000000,Jaipur,JAI-01|JAI-02|JAI-03|JAI-04|JAI-05|CS-11|CS-12|CS-13|CS-15,72.37872971,78.76691201,0.10162412,0.92724394,4430000.00000000
1.00000000,Jaipur,JAI-01|JAI-02|JAI-03|JAI-04|JAI-05|CS-11|CS-12|CS-13|CS-15,83.26488452,89.65306681,0.10162412,0.92724394,4430000.00000000
1.50000000,Jaipur,JAI-01|JAI-02|JAI-03|JAI-04|JAI-05|CS-11|CS-12|CS-13|CS-15,94.15103932,100.53922162,0.10162412,0.92724394,4430000.00000000
2.00000000,Jaipur,JAI-01|JAI-02|JAI-03|JAI-04|JAI-05|CS-11|CS-12|CS-13|CS-15,105.03719413,111.42537642,0.10162412,0.92724394,4430000.00000000
0.00000000,Jaipur,JAI-02|JAI-03|JAI-04|CS-11|CS-14|CS-15,62.76385702,67.29182371,0.20320441,0.82902455,3140000.00000000
0.50000000,Jaipur,JAI-02|JAI-03|JAI-04|CS-11|CS-14|CS-15,70.10175870,74.62972538,0.20320441,0.82902455,3140000.00000000
1.00000000,Jaipur,JAI-02|JAI-03|JAI-04|CS-11|CS-14|CS-15,77.43966038,81.96762706,0.20320441,0.82902455,3140000.00000000
1.50000000,Jaipur,JAI-02|JAI-03|JAI-04|CS-11|CS-14|CS-15,84.77756205,89.30552874,0.20320441,0.82902455,3140000.00000000
2.00000000,Jaipur,JAI-02|JAI-03|JAI-04|CS-11|CS-14|CS-15,92.11546373,96.64343041,0.20320441,0.82902455,3140000.00000000
0.00000000,Jaipur,JAI-01|JAI-02|JAI-03|JAI-04|CS-11|CS-14|CS-15,64.27237516,68.80034185,0.20145974,0.82902455,3140000.00000000
0.50000000,Jaipur,JAI-01|JAI-02|JAI-03|JAI-04|CS-11|CS-14|CS-15,72.86137999,77.38934667,0.20145974,0.82902455,3140000.00000000
1.00000000,Jaipur,JAI-01|JAI-02|JAI-03|JAI-04|CS-11|CS-14|CS-15,81.45038482,85.97835150,0.20145974,0.82902455,3140000.00000000
1.50000000,Jaipur,JAI-01|JAI-02|JAI-03|JAI-04|CS-11|CS-14|CS-15,90.03938965,94.56735633,0.20145974,0.82902455,3140000.00000000
2.00000000,Jaipur,JAI-01|JAI-02|JAI-03|JAI-04|CS-11|CS-14|CS-15,98.62839447,103.15636116,0.20145974,0.82902455,3140000.00000000
0.00000000,Jaipur,JAI-02|JAI-03|JAI-04|JAI-05|CS-11|CS-14|CS-15,63.58277758,68.11074426,0.19608203,0.82762290,3140000.00000000
0.50000000,Jaipur,JAI-02|JAI-03|JAI-04|JAI-05|CS-11|CS-14|CS-15,72.00046953,76.52843621,0.19608203,0.82762290,3140000.00000000
1.00000000,Jaipur,JAI-02|JAI-03|JAI-04|JAI-05|CS-11|CS-14|CS-15,80.41816148,84.94612816,0.19608203,0.82762290,3140000.00000000
1.50000000,Jaipur,JAI-02|JAI-03|JAI-04|JAI-05|CS-11|CS-14|CS-15,88.83585342,93.36382011,0.19608203,0.82762290,3140000.00000000
2.00000000,Jaipur,JAI-02|JAI-03|JAI-04|JAI-05|CS-11|CS-14|CS-15,97.25354537,101.78151206,0.19608203,0.82762290,3140000.00000000
0.00000000,Jaipur,JAI-01|JAI-02|JAI-03|JAI-04|JAI-05|CS-11|CS-14|CS-15,65.09129572,69.61926240,0.19433734,0.82762290,3140000.00000000
0.50000000,Jaipur,JAI-01|JAI-02|JAI-03|JAI-04|JAI-05|CS-11|CS-14|CS-15,74.76009082,79.28805750,0.19433734,0.82762290,3140000.00000000
1.00000000,Jaipur,JAI-01|JAI-02|JAI-03|JAI-04|JAI-05|CS-11|CS-14|CS-15,84.42888592,88.95685260,0.19433734,0.82762290,3140000.00000000
1.50000000,Jaipur,JAI-01|JAI-02|JAI-03|JAI-04|JAI-05|CS-11|CS-14|CS-15,94.09768102,98.62564770,0.19433734,0.82762290,3140000.00000000
2.00000000,Jaipur,JAI-01|JAI-02|JAI-03|JAI-04|JAI-05|CS-11|CS-14|CS-15,103.76647611,108.29444280,0.19433734,0.82762290,3140000.00000000
0.00000000,Jaipur,JAI-02|JAI-03|JAI-04|CS-12|CS-14|CS-15,63.88198709,68.32343212,0.22193474,0.81378809,3080000.00000000
0.50000000,Jaipur,JAI-02|JAI-03|JAI-04|CS-12|CS-14|CS-15,71.21988877,75.66133380,0.22193474,0.81378809,3080000.00000000
1.00000000,Jaipur,JAI-02|JAI-03|JAI-04|CS-12|CS-14|CS-15,78.55779045,82.99923547,0.22193474,0.81378809,3080000.00000000
1.50000000,Jaipur,JAI-02|JAI-03|JAI-04|CS-12|CS-14|CS-15,85.89569212,90.33713715,0.22193474,0.81378809,3080000.00000000
2.00000000,Jaipur,JAI-02|JAI-03|JAI-04|CS-12|CS-14|CS-15,93.23359380,97.67503883,0.22193474,0.81378809,3080000.00000000
0.00000000,Jaipur,JAI-01|JAI-02|JAI-03|JAI-04|CS-12|CS-14|CS-15,65.39050523,69.83195026,0.22019005,0.81378809,3080000.00000000
0.50000000,Jaipur,JAI-01|JAI-02|JAI-03|JAI-04|CS-12|CS-14|CS-15,73.97951006,78.42095508,0.22019005,0.81378809,3080000.00000000
1.00000000,Jaipur,JAI-01|JAI-02|JAI-03|JAI-04|CS-12|CS-14|CS-15,82.56851489,87.00995991,0.22019005,0.81378809,3080000.00000000
1.50000000,Jaipur,JAI-01|JAI-02|JAI-03|JAI-04|CS-12|CS-14|CS-15,91.15751971,95.59896474,0.22019005,0.81378809,3080000.00000000
2.00000000,Jaipur,JAI-01|JAI-02|JAI-03|JAI-04|CS-12|CS-14|CS-15,99.74652454,104.18796957,0.22019005,0.81378809,3080000.00000000
0.00000000,Jaipur,JAI-02|JAI-03|JAI-04|JAI-05|CS-12|CS-14|CS-15,64.70090765,69.14235267,0.21481234,0.81238644,3080000.00000000
0.50000000,Jaipur,JAI-02|JAI-03|JAI-04|JAI-05|CS-12|CS-14|CS-15,73.11859960,77.56004462,0.21481234,0.81238644,3080000.00000000
1.00000000,Jaipur,JAI-02|JAI-03|JAI-04|JAI-05|CS-12|CS-14|CS-15,81.53629154,85.97773657,0.21481234,0.81238644,3080000.00000000
1.50000000,Jaipur,JAI-02|JAI-03|JAI-04|JAI-05|CS-12|CS-14|CS-15,89.95398349,94.39542852,0.21481234,0.81238644,3080000.00000000
2.00000000,Jaipur,JAI-02|JAI-03|JAI-04|JAI-05|CS-12|CS-14|CS-15,98.37167544,102.81312047,0.21481234,0.81238644,3080000.00000000
0.00000000,Jaipur,JAI-01|JAI-02|JAI-03|JAI-04|JAI-05|CS-12|CS-14|CS-15,66.20942578,70.65087081,0.21306768,0.81238644,3080000.00000000
0.50000000,Jaipur,JAI-01|JAI-02|JAI-03|JAI-04|JAI-05|CS-12|CS-14|CS-15,75.87822088,80.31966591,0.21306768,0.81238644,3080000.00000000
1.00000000,Jaipur,JAI-01|JAI-02|JAI-03|JAI-04|JAI-05|CS-12|CS-14|CS-15,85.54701598,89.98846101,0.21306768,0.81238644,3080000.00000000
1.50000000,Jaipur,JAI-01|JAI-02|JAI-03|JAI-04|JAI-05|CS-12|CS-14|CS-15,95.21581108,99.65725611,0.21306768,0.81238644,3080000.00000000
2.00000000,Jaipur,JAI-01|JAI-02|JAI-03|JAI-04|JAI-05|CS-12|CS-14|CS-15,104.88460618,109.32605121,0.21306768,0.81238644,3080000.00000000
0.00000000,Jaipur,JAI-02|JAI-03|CS-11|CS-12|CS-14|CS-15,67.25234914,73.48190840,0.25625724,0.78513212,4320000.00000000
0.50000000,Jaipur,JAI-02|JAI-03|CS-11|CS-12|CS-14|CS-15,74.64216382,80.87172307,0.25625724,0.78513212,4320000.00000000
1.00000000,Jaipur,JAI-02|JAI-03|CS-11|CS-12|CS-14|CS-15,82.03197849,88.26153774,0.25625724,0.78513212,4320000.00000000
1.50000000,Jaipur,JAI-02|JAI-03|CS-11|CS-12|CS-14|CS-15,89.42179316,95.65135242,0.25625724,0.78513212,4320000.00000000
2.00000000,Jaipur,JAI-02|JAI-03|CS-11|CS-12|CS-14|CS-15,96.81160783,103.04116709,0.25625724,0.78513212,4320000.00000000
0.00000000,Jaipur,JAI-01|JAI-02|JAI-03|CS-11|CS-12|CS-14|CS-15,68.75339987,74.98295913,0.25447977,0.78513212,4320000.00000000
0.50000000,Jaipur,JAI-01|JAI-02|JAI-03|CS-11|CS-12|CS-14|CS-15,77.39431769,83.62387695,0.25447977,0.78513212,4320000.00000000
1.00000000,Jaipur,JAI-01|JAI-02|JAI-03|CS-11|CS-12|CS-14|CS-15,86.03523551,92.26479477,0.25447977,0.78513212,4320000.00000000
1.50000000,Jaipur,JAI-01|JAI-02|JAI-03|CS-11|CS-12|CS-14|CS-15,94.67615334,100.90571259,0.25447977,0.78513212,4320000.00000000
2.00000000,Jaipur,JAI-01|JAI-02|JAI-03|CS-11|CS-12|CS-14|CS-15,103.31707116,109.54663042,0.25447977,0.78513212,4320000.00000000
0.00000000,Jaipur,JAI-03|JAI-04|CS-11|CS-12|CS-14|CS-15,65.59671997,71.82627923,0.23399100,0.79613767,4320000.00000000
0.50000000,Jaipur,JAI-03|JAI-04|CS-11|CS-12|CS-14|CS-15,72.93462165,79.16418090,0.23399100,0.79613767,4320000.00000000
1.00000000,Jaipur,JAI-03|JAI-04|CS-11|CS-12|CS-14|CS-15,80.27252332,86.50208258,0.23399100,0.79613767,4320000.00000000
1.50000000,Jaipur,JAI-03|JAI-04|CS-11|CS-12|CS-14|CS-15,87.61042500,93.83998426,0.23399100,0.79613767,4320000.00000000
2.00000000,Jaipur,JAI-03|JAI-04|CS-11|CS-12|CS-14|CS-15,94.94832668,101.17788593,0.23399100,0.79613767,4320000.00000000
0.00000000,Jaipur,JAI-01|JAI-03|JAI-04|CS-11|CS-12|CS-14|CS-15,67.10523811,73.33479737,0.23224631,0.79613767,4320000.00000000
0.50000000,Jaipur,JAI-01|JAI-03|JAI-04|CS-11|CS-12|CS-14|CS-15,75.69424293,81.92380219,0.23224631,0.79613767,4320000.00000000
1.00000000,Jaipur,JAI-01|JAI-03|JAI-04|CS-11|CS-12|CS-14|CS-15,84.28324776,90.51280702,0.23224631,0.79613767,4320000.00000000
1.50000000,Jaipur,JAI-01|JAI-03|JAI-04|CS-11|CS-12|CS-14|CS-15,92.87225259,99.10181185,0.23224631,0.79613767,4320000.00000000
2.00000000,Jaipur,JAI-01|JAI-03|JAI-04|CS-11|CS-12|CS-14|CS-15,101.46125742,107.69081668,0.23224631,0.79613767,4320000.00000000
0.00000000,Jaipur,JAI-02|JAI-03|JAI-04|CS-11|CS-12|CS-14|CS-15,61.99031746,68.21987672,0.14527738,0.89630379,4320000.00000000
0.50000000,Jaipur,JAI-02|JAI-03|JAI-04|CS-11|CS-12|CS-14|CS-15,70.54557884,76.77513810,0.14527738,0.89630379,4320000.00000000
1.00000000,Jaipur,JAI-02|JAI-03|JAI-04|CS-11|CS-12|CS-14|CS-15,79.10084022,85.33039948,0.14527738,0.89630379,4320000.00000000
1.50000000,Jaipur,JAI-02|JAI-03|JAI-04|CS-11|CS-12|CS-14|CS-15,87.65610160,93.88566086,0.14527738,0.89630379,4320000.00000000
2.00000000,Jaipur,JAI-02|JAI-03|JAI-04|CS-11|CS-12|CS-14|CS-15,96.21136299,102.44092224,0.14527738,0.89630379,4320000.00000000
0.00000000,Jaipur,JAI-01|JAI-02|JAI-03|JAI-04|CS-11|CS-12|CS-14|CS-15,63.49883560,69.72839485,0.14353271,0.89630379,4320000.00000000
0.50000000,Jaipur,JAI-01|JAI-02|JAI-03|JAI-04|CS-11|CS-12|CS-14|CS-15,73.30520013,79.53475939,0.14353271,0.89630379,4320000.00000000
1.00000000,Jaipur,JAI-01|JAI-02|JAI-03|JAI-04|CS-11|CS-12|CS-14|CS-15,83.11156466,89.34112392,0.14353271,0.89630379,4320000.00000000
1.50000000,Jaipur,JAI-01|JAI-02|JAI-03|JAI-04|CS-11|CS-12|CS-14|CS-15,92.91792919,99.14748845,0.14353271,0.89630379,4320000.00000000
2.00000000,Jaipur,JAI-01|JAI-02|JAI-03|JAI-04|CS-11|CS-12|CS-14|CS-15,102.72429373,108.95385299,0.14353271,0.89630379,4320000.00000000
0.00000000,Jaipur,JAI-02|JAI-03|JAI-05|CS-11|CS-12|CS-14|CS-15,68.06110576,74.29066501,0.24907565,0.78373047,4320000.00000000
0.50000000,Jaipur,JAI-02|JAI-03|JAI-05|CS-11|CS-12|CS-14|CS-15,76.53071070,82.76026996,0.24907565,0.78373047,4320000.00000000
1.00000000,Jaipur,JAI-02|JAI-03|JAI-05|CS-11|CS-12|CS-14|CS-15,85.00031564,91.22987490,0.24907565,0.78373047,4320000.00000000
1.50000000,Jaipur,JAI-02|JAI-03|JAI-05|CS-11|CS-12|CS-14|CS-15,93.46992058,99.69947984,0.24907565,0.78373047,4320000.00000000
2.00000000,Jaipur,JAI-02|JAI-03|JAI-05|CS-11|CS-12|CS-14|CS-15,101.93952552,108.16908478,0.24907565,0.78373047,4320000.00000000
0.00000000,Jaipur,JAI-01|JAI-02|JAI-03|JAI-05|CS-11|CS-12|CS-14|CS-15,69.56215648,75.79171574,0.24729814,0.78373047,4320000.00000000
0.50000000,Jaipur,JAI-01|JAI-02|JAI-03|JAI-05|CS-11|CS-12|CS-14|CS-15,79.28286457,85.51242383,0.24729814,0.78373047,4320000.00000000
1.00000000,Jaipur,JAI-01|JAI-02|JAI-03|JAI-05|CS-11|CS-12|CS-14|CS-15,89.00357267,95.23313193,0.24729814,0.78373047,4320000.00000000
1.50000000,Jaipur,JAI-01|JAI-02|JAI-03|JAI-05|CS-11|CS-12|CS-14|CS-15,98.72428076,104.95384002,0.24729814,0.78373047,4320000.00000000
2.00000000,Jaipur,JAI-01|JAI-02|JAI-03|JAI-05|CS-11|CS-12|CS-14|CS-15,108.44498885,114.67454811,0.24729814,0.78373047,4320000.00000000
0.00000000,Jaipur,JAI-03|JAI-04|JAI-05|CS-11|CS-12|CS-14|CS-15,66.41564052,72.64519978,0.22686860,0.79473602,4320000.00000000
0.50000000,Jaipur,JAI-03|JAI-04|JAI-05|CS-11|CS-12|CS-14|CS-15,74.83333247,81.06289173,0.22686860,0.79473602,4320000.00000000
1.00000000,Jaipur,JAI-03|JAI-04|JAI-05|CS-11|CS-12|CS-14|CS-15,83.25102442,89.48058368,0.22686860,0.79473602,4320000.00000000
1.50000000,Jaipur,JAI-03|JAI-04|JAI-05|CS-11|CS-12|CS-14|CS-15,91.66871637,97.89827563,0.22686860,0.79473602,4320000.00000000
2.00000000,Jaipur,JAI-03|JAI-04|JAI-05|CS-11|CS-12|CS-14|CS-15,100.08640832,106.31596758,0.22686860,0.79473602,4320000.00000000
0.00000000,Jaipur,JAI-01|JAI-03|JAI-04|JAI-05|CS-11|CS-12|CS-14|CS-15,67.92415866,74.15371792,0.22512394,0.79473602,4320000.00000000
0.50000000,Jaipur,JAI-01|JAI-03|JAI-04|JAI-05|CS-11|CS-12|CS-14|CS-15,77.59295376,83.82251302,0.22512394,0.79473602,4320000.00000000
1.00000000,Jaipur,JAI-01|JAI-03|JAI-04|JAI-05|CS-11|CS-12|CS-14|CS-15,87.26174886,93.49130812,0.22512394,0.79473602,4320000.00000000
1.50000000,Jaipur,JAI-01|JAI-03|JAI-04|JAI-05|CS-11|CS-12|CS-14|CS-15,96.93054396,103.16010322,0.22512394,0.79473602,4320000.00000000
2.00000000,Jaipur,JAI-01|JAI-03|JAI-04|JAI-05|CS-11|CS-12|CS-14|CS-15,106.59933906,112.82889832,0.22512394,0.79473602,4320000.00000000
0.00000000,Jaipur,JAI-02|JAI-03|JAI-04|JAI-05|CS-11|CS-12|CS-14|CS-15,62.80923801,69.03879727,0.13815500,0.89490214,4320000.00000000
0.50000000,Jaipur,JAI-02|JAI-03|JAI-04|JAI-05|CS-11|CS-12|CS-14|CS-15,72.44428967,78.67384892,0.13815500,0.89490214,4320000.00000000
1.00000000,Jaipur,JAI-02|JAI-03|JAI-04|JAI-05|CS-11|CS-12|CS-14|CS-15,82.07934132,88.30890058,0.13815500,0.89490214,4320000.00000000
1.50000000,Jaipur,JAI-02|JAI-03|JAI-04|JAI-05|CS-11|CS-12|CS-14|CS-15,91.71439297,97.94395223,0.13815500,0.89490214,4320000.00000000
2.00000000,Jaipur,JAI-02|JAI-03|JAI-04|JAI-05|CS-11|CS-12|CS-14|CS-15,101.34944463,107.57900389,0.13815500,0.89490214,4320000.00000000
0.00000000,Jaipur,JAI-01|JAI-02|JAI-03|JAI-04|JAI-05|CS-11|CS-12|CS-14|CS-15,64.31775615,70.54731541,0.13641034,0.89490214,4320000.00000000
0.50000000,Jaipur,JAI-01|JAI-02|JAI-03|JAI-04|JAI-05|CS-11|CS-12|CS-14|CS-15,75.20391095,81.43347021,0.13641034,0.89490214,4320000.00000000
1.00000000,Jaipur,JAI-01|JAI-02|JAI-03|JAI-04|JAI-05|CS-11|CS-12|CS-14|CS-15,86.09006576,92.31962502,0.13641034,0.89490214,4320000.00000000
1.50000000,Jaipur,JAI-01|JAI-02|JAI-03|JAI-04|JAI-05|CS-11|CS-12|CS-14|CS-15,96.97622056,103.20577982,0.13641034,0.89490214,4320000.00000000
2.00000000,Jaipur,JAI-01|JAI-02|JAI-03|JAI-04|JAI-05|CS-11|CS-12|CS-14|CS-15,107.86237537,114.09193463,0.13641034,0.89490214,4320000.00000000
0.00000000,Jaipur,JAI-02|JAI-03|JAI-04|CS-13|CS-14|CS-15,62.95090710,67.26256965,0.20708613,0.85108758,2990000.00000000
0.50000000,Jaipur,JAI-02|JAI-03|JAI-04|CS-13|CS-14|CS-15,70.28880878,74.60047132,0.20708613,0.85108758,2990000.00000000
1.00000000,Jaipur,JAI-02|JAI-03|JAI-04|CS-13|CS-14|CS-15,77.62671046,81.93837300,0.20708613,0.85108758,2990000.00000000
1.50000000,Jaipur,JAI-02|JAI-03|JAI-04|CS-13|CS-14|CS-15,84.96461213,89.27627468,0.20708613,0.85108758,2990000.00000000
2.00000000,Jaipur,JAI-02|JAI-03|JAI-04|CS-13|CS-14|CS-15,92.30251381,96.61417635,0.20708613,0.85108758,2990000.00000000
0.00000000,Jaipur,JAI-01|JAI-02|JAI-03|JAI-04|CS-13|CS-14|CS-15,64.45942524,68.77108778,0.20534147,0.85108758,2990000.00000000
0.50000000,Jaipur,JAI-01|JAI-02|JAI-03|JAI-04|CS-13|CS-14|CS-15,73.04843007,77.36009261,0.20534147,0.85108758,2990000.00000000
1.00000000,Jaipur,JAI-01|JAI-02|JAI-03|JAI-04|CS-13|CS-14|CS-15,81.63743490,85.94909744,0.20534147,0.85108758,2990000.00000000
1.50000000,Jaipur,JAI-01|JAI-02|JAI-03|JAI-04|CS-13|CS-14|CS-15,90.22643973,94.53810227,0.20534147,0.85108758,2990000.00000000
2.00000000,Jaipur,JAI-01|JAI-02|JAI-03|JAI-04|CS-13|CS-14|CS-15,98.81544455,103.12710710,0.20534147,0.85108758,2990000.00000000
0.00000000,Jaipur,JAI-02|JAI-03|JAI-04|JAI-05|CS-13|CS-14|CS-15,63.76982766,68.08149020,0.19996375,0.84968593,2990000.00000000
0.50000000,Jaipur,JAI-02|JAI-03|JAI-04|JAI-05|CS-13|CS-14|CS-15,72.18751961,76.49918215,0.19996375,0.84968593,2990000.00000000
1.00000000,Jaipur,JAI-02|JAI-03|JAI-04|JAI-05|CS-13|CS-14|CS-15,80.60521156,84.91687410,0.19996375,0.84968593,2990000.00000000
1.50000000,Jaipur,JAI-02|JAI-03|JAI-04|JAI-05|CS-13|CS-14|CS-15,89.02290350,93.33456605,0.19996375,0.84968593,2990000.00000000
2.00000000,Jaipur,JAI-02|JAI-03|JAI-04|JAI-05|CS-13|CS-14|CS-15,97.44059545,101.75225800,0.19996375,0.84968593,2990000.00000000
0.00000000,Jaipur,JAI-01|JAI-02|JAI-03|JAI-04|JAI-05|CS-13|CS-14|CS-15,65.27834580,69.59000834,0.19821908,0.84968593,2990000.00000000
0.50000000,Jaipur,JAI-01|JAI-02|JAI-03|JAI-04|JAI-05|CS-13|CS-14|CS-15,74.94714090,79.25880344,0.19821908,0.84968593,2990000.00000000
1.00000000,Jaipur,JAI-01|JAI-02|JAI-03|JAI-04|JAI-05|CS-13|CS-14|CS-15,84.61593600,88.92759854,0.19821908,0.84968593,2990000.00000000
1.50000000,Jaipur,JAI-01|JAI-02|JAI-03|JAI-04|JAI-05|CS-13|CS-14|CS-15,94.28473110,98.59639364,0.19821908,0.84968593,2990000.00000000
2.00000000,Jaipur,JAI-01|JAI-02|JAI-03|JAI-04|JAI-05|CS-13|CS-14|CS-15,103.95352619,108.26518874,0.19821908,0.84968593,2990000.00000000
0.00000000,Jaipur,JAI-01|JAI-03|JAI-04|CS-11|CS-13|CS-14|CS-15,69.09739750,75.19717427,0.26637068,0.75873436,4230000.00000000
0.50000000,Jaipur,JAI-01|JAI-03|JAI-04|CS-11|CS-13|CS-14|CS-15,77.68640233,83.78617910,0.26637068,0.75873436,4230000.00000000
1.00000000,Jaipur,JAI-01|JAI-03|JAI-04|CS-11|CS-13|CS-14|CS-15,86.27540715,92.37518393,0.26637068,0.75873436,4230000.00000000
1.50000000,Jaipur,JAI-01|JAI-03|JAI-04|CS-11|CS-13|CS-14|CS-15,94.86441198,100.96418876,0.26637068,0.75873436,4230000.00000000
2.00000000,Jaipur,JAI-01|JAI-03|JAI-04|CS-11|CS-13|CS-14|CS-15,103.45341681,109.55319358,0.26637068,0.75873436,4230000.00000000
0.00000000,Jaipur,JAI-02|JAI-03|JAI-04|CS-11|CS-13|CS-14|CS-15,63.06448023,69.16425701,0.16831464,0.86136635,4230000.00000000
0.50000000,Jaipur,JAI-02|JAI-03|JAI-04|CS-11|CS-13|CS-14|CS-15,71.61974161,77.71951839,0.16831464,0.86136635,4230000.00000000
1.00000000,Jaipur,JAI-02|JAI-03|JAI-04|CS-11|CS-13|CS-14|CS-15,80.17500300,86.27477977,0.16831464,0.86136635,4230000.00000000
1.50000000,Jaipur,JAI-02|JAI-03|JAI-04|CS-11|CS-13|CS-14|CS-15,88.73026438,94.83004115,0.16831464,0.86136635,4230000.00000000
2.00000000,Jaipur,JAI-02|JAI-03|JAI-04|CS-11|CS-13|CS-14|CS-15,97.28552576,103.38530253,0.16831464,0.86136635,4230000.00000000
0.00000000,Jaipur,JAI-01|JAI-02|JAI-03|JAI-04|CS-11|CS-13|CS-14|CS-15,64.57299837,70.67277514,0.16656996,0.86136635,4230000.00000000
0.50000000,Jaipur,JAI-01|JAI-02|JAI-03|JAI-04|CS-11|CS-13|CS-14|CS-15,74.37936290,80.47913968,0.16656996,0.86136635,4230000.00000000
1.00000000,Jaipur,JAI-01|JAI-02|JAI-03|JAI-04|CS-11|CS-13|CS-14|CS-15,84.18572743,90.28550421,0.16656996,0.86136635,4230000.00000000
1.50000000,Jaipur,JAI-01|JAI-02|JAI-03|JAI-04|CS-11|CS-13|CS-14|CS-15,93.99209197,100.09186874,0.16656996,0.86136635,4230000.00000000
2.00000000,Jaipur,JAI-01|JAI-02|JAI-03|JAI-04|CS-11|CS-13|CS-14|CS-15,103.79845650,109.89823328,0.16656996,0.86136635,4230000.00000000
0.00000000,Jaipur,JAI-03|JAI-04|JAI-05|CS-11|CS-13|CS-14|CS-15,68.40779991,74.50757669,0.26099297,0.75733271,4230000.00000000
0.50000000,Jaipur,JAI-03|JAI-04|JAI-05|CS-11|CS-13|CS-14|CS-15,76.82549186,82.92526864,0.26099297,0.75733271,4230000.00000000
1.00000000,Jaipur,JAI-03|JAI-04|JAI-05|CS-11|CS-13|CS-14|CS-15,85.24318381,91.34296059,0.26099297,0.75733271,4230000.00000000
1.50000000,Jaipur,JAI-03|JAI-04|JAI-05|CS-11|CS-13|CS-14|CS-15,93.66087576,99.76065253,0.26099297,0.75733271,4230000.00000000
2.00000000,Jaipur,JAI-03|JAI-04|JAI-05|CS-11|CS-13|CS-14|CS-15,102.07856771,108.17834448,0.26099297,0.75733271,4230000.00000000
0.00000000,Jaipur,JAI-01|JAI-03|JAI-04|JAI-05|CS-11|CS-13|CS-14|CS-15,69.91631805,76.01609483,0.25924832,0.75733271,4230000.00000000
0.50000000,Jaipur,JAI-01|JAI-03|JAI-04|JAI-05|CS-11|CS-13|CS-14|CS-15,79.58511315,85.68488993,0.25924832,0.75733271,4230000.00000000
1.00000000,Jaipur,JAI-01|JAI-03|JAI-04|JAI-05|CS-11|CS-13|CS-14|CS-15,89.25390825,95.35368503,0.25924832,0.75733271,4230000.00000000
1.50000000,Jaipur,JAI-01|JAI-03|JAI-04|JAI-05|CS-11|CS-13|CS-14|CS-15,98.92270335,105.02248012,0.25924832,0.75733271,4230000.00000000
2.00000000,Jaipur,JAI-01|JAI-03|JAI-04|JAI-05|CS-11|CS-13|CS-14|CS-15,108.59149845,114.69127522,0.25924832,0.75733271,4230000.00000000
0.00000000,Jaipur,JAI-02|JAI-03|JAI-04|JAI-05|CS-11|CS-13|CS-14|CS-15,63.88340079,69.98317756,0.16119225,0.85996470,4230000.00000000
0.50000000,Jaipur,JAI-02|JAI-03|JAI-04|JAI-05|CS-11|CS-13|CS-14|CS-15,73.51845244,79.61822921,0.16119225,0.85996470,4230000.00000000
1.00000000,Jaipur,JAI-02|JAI-03|JAI-04|JAI-05|CS-11|CS-13|CS-14|CS-15,83.15350409,89.25328087,0.16119225,0.85996470,4230000.00000000
1.50000000,Jaipur,JAI-02|JAI-03|JAI-04|JAI-05|CS-11|CS-13|CS-14|CS-15,92.78855575,98.88833252,0.16119225,0.85996470,4230000.00000000
2.00000000,Jaipur,JAI-02|JAI-03|JAI-04|JAI-05|CS-11|CS-13|CS-14|CS-15,102.42360740,108.52338417,0.16119225,0.85996470,4230000.00000000
0.00000000,Jaipur,JAI-01|JAI-02|JAI-03|JAI-04|JAI-05|CS-11|CS-13|CS-14|CS-15,65.39191892,71.49169570,0.15944758,0.85996470,4230000.00000000
0.50000000,Jaipur,JAI-01|JAI-02|JAI-03|JAI-04|JAI-05|CS-11|CS-13|CS-14|CS-15,76.27807373,82.37785050,0.15944758,0.85996470,4230000.00000000
1.00000000,Jaipur,JAI-01|JAI-02|JAI-03|JAI-04|JAI-05|CS-11|CS-13|CS-14|CS-15,87.16422853,93.26400531,0.15944758,0.85996470,4230000.00000000
1.50000000,Jaipur,JAI-01|JAI-02|JAI-03|JAI-04|JAI-05|CS-11|CS-13|CS-14|CS-15,98.05038334,104.15016011,0.15944758,0.85996470,4230000.00000000
2.00000000,Jaipur,JAI-01|JAI-02|JAI-03|JAI-04|JAI-05|CS-11|CS-13|CS-14|CS-15,108.93653814,115.03631492,0.15944758,0.85996470,4230000.00000000
0.00000000,Jaipur,JAI-02|JAI-03|CS-12|CS-13|CS-14|CS-15,67.43939923,73.45265434,0.26013899,0.80719514,4170000.00000000
0.50000000,Jaipur,JAI-02|JAI-03|CS-12|CS-13|CS-14|CS-15,74.82921390,80.84246901,0.26013899,0.80719514,4170000.00000000
1.00000000,Jaipur,JAI-02|JAI-03|CS-12|CS-13|CS-14|CS-15,82.21902857,88.23228368,0.26013899,0.80719514,4170000.00000000
1.50000000,Jaipur,JAI-02|JAI-03|CS-12|CS-13|CS-14|CS-15,89.60884324,95.62209835,0.26013899,0.80719514,4170000.00000000
2.00000000,Jaipur,JAI-02|JAI-03|CS-12|CS-13|CS-14|CS-15,96.99865791,103.01191303,0.26013899,0.80719514,4170000.00000000
0.00000000,Jaipur,JAI-01|JAI-02|JAI-03|CS-12|CS-13|CS-14|CS-15,68.94044995,74.95370507,0.25836149,0.80719514,4170000.00000000
0.50000000,Jaipur,JAI-01|JAI-02|JAI-03|CS-12|CS-13|CS-14|CS-15,77.58136777,83.59462289,0.25836149,0.80719514,4170000.00000000
1.00000000,Jaipur,JAI-01|JAI-02|JAI-03|CS-12|CS-13|CS-14|CS-15,86.22228559,92.23554071,0.25836149,0.80719514,4170000.00000000
1.50000000,Jaipur,JAI-01|JAI-02|JAI-03|CS-12|CS-13|CS-14|CS-15,94.86320342,100.87645853,0.25836149,0.80719514,4170000.00000000
2.00000000,Jaipur,JAI-01|JAI-02|JAI-03|CS-12|CS-13|CS-14|CS-15,103.50412124,109.51737636,0.25836149,0.80719514,4170000.00000000
0.00000000,Jaipur,JAI-03|JAI-04|CS-12|CS-13|CS-14|CS-15,65.78377005,71.79702517,0.23787272,0.81820070,4170000.00000000
0.50000000,Jaipur,JAI-03|JAI-04|CS-12|CS-13|CS-14|CS-15,73.12167173,79.13492684,0.23787272,0.81820070,4170000.00000000
1.00000000,Jaipur,JAI-03|JAI-04|CS-12|CS-13|CS-14|CS-15,80.45957340,86.47282852,0.23787272,0.81820070,4170000.00000000
1.50000000,Jaipur,JAI-03|JAI-04|CS-12|CS-13|CS-14|CS-15,87.79747508,93.81073020,0.23787272,0.81820070,4170000.00000000
2.00000000,Jaipur,JAI-03|JAI-04|CS-12|CS-13|CS-14|CS-15,95.13537676,101.14863187,0.23787272,0.81820070,4170000.00000000
0.00000000,Jaipur,JAI-01|JAI-03|JAI-04|CS-12|CS-13|CS-14|CS-15,67.29228819,73.30554330,0.23612805,0.81820070,4170000.00000000
0.50000000,Jaipur,JAI-01|JAI-03|JAI-04|CS-12|CS-13|CS-14|CS-15,75.88129301,81.89454813,0.23612805,0.81820070,4170000.00000000
1.00000000,Jaipur,JAI-01|JAI-03|JAI-04|CS-12|CS-13|CS-14|CS-15,84.47029784,90.48355296,0.23612805,0.81820070,4170000.00000000
1.50000000,Jaipur,JAI-01|JAI-03|JAI-04|CS-12|CS-13|CS-14|CS-15,93.05930267,99.07255779,0.23612805,0.81820070,4170000.00000000
2.00000000,Jaipur,JAI-01|JAI-03|JAI-04|CS-12|CS-13|CS-14|CS-15,101.64830750,107.66156262,0.23612805,0.81820070,4170000.00000000
0.00000000,Jaipur,JAI-02|JAI-03|JAI-04|CS-12|CS-13|CS-14|CS-15,62.17736754,68.19062266,0.14915910,0.91836682,4170000.00000000
0.50000000,Jaipur,JAI-02|JAI-03|JAI-04|CS-12|CS-13|CS-14|CS-15,70.73262892,76.74588404,0.14915910,0.91836682,4170000.00000000
1.00000000,Jaipur,JAI-02|JAI-03|JAI-04|CS-12|CS-13|CS-14|CS-15,79.28789030,85.30114542,0.14915910,0.91836682,4170000.00000000
1.50000000,Jaipur,JAI-02|JAI-03|JAI-04|CS-12|CS-13|CS-14|CS-15,87.84315168,93.85640680,0.14915910,0.91836682,4170000.00000000
2.00000000,Jaipur,JAI-02|JAI-03|JAI-04|CS-12|CS-13|CS-14|CS-15,96.39841307,102.41166818,0.14915910,0.91836682,4170000.00000000
0.00000000,Jaipur,JAI-01|JAI-02|JAI-03|JAI-04|CS-12|CS-13|CS-14|CS-15,63.68588568,69.69914079,0.14741445,0.91836682,4170000.00000000
0.50000000,Jaipur,JAI-01|JAI-02|JAI-03|JAI-04|CS-12|CS-13|CS-14|CS-15,73.49225021,79.50550533,0.14741445,0.91836682,4170000.00000000
1.00000000,Jaipur,JAI-01|JAI-02|JAI-03|JAI-04|CS-12|CS-13|CS-14|CS-15,83.29861474,89.31186986,0.14741445,0.91836682,4170000.00000000
1.50000000,Jaipur,JAI-01|JAI-02|JAI-03|JAI-04|CS-12|CS-13|CS-14|CS-15,93.10497927,99.11823439,0.14741445,0.91836682,4170000.00000000
2.00000000,Jaipur,JAI-01|JAI-02|JAI-03|JAI-04|CS-12|CS-13|CS-14|CS-15,102.91134381,108.92459893,0.14741445,0.91836682,4170000.00000000
0.00000000,Jaipur,JAI-02|JAI-03|JAI-05|CS-12|CS-13|CS-14|CS-15,68.24815584,74.26141095,0.25295737,0.80579349,4170000.00000000
0.50000000,Jaipur,JAI-02|JAI-03|JAI-05|CS-12|CS-13|CS-14|CS-15,76.71776078,82.73101590,0.25295737,0.80579349,4170000.00000000
1.00000000,Jaipur,JAI-02|JAI-03|JAI-05|CS-12|CS-13|CS-14|CS-15,85.18736572,91.20062084,0.25295737,0.80579349,4170000.00000000
1.50000000,Jaipur,JAI-02|JAI-03|JAI-05|CS-12|CS-13|CS-14|CS-15,93.65697066,99.67022578,0.25295737,0.80579349,4170000.00000000
2.00000000,Jaipur,JAI-02|JAI-03|JAI-05|CS-12|CS-13|CS-14|CS-15,102.12657560,108.13983072,0.25295737,0.80579349,4170000.00000000
0.00000000,Jaipur,JAI-01|JAI-02|JAI-03|JAI-05|CS-12|CS-13|CS-14|CS-15,69.74920656,75.76246168,0.25117987,0.80579349,4170000.00000000
0.50000000,Jaipur,JAI-01|JAI-02|JAI-03|JAI-05|CS-12|CS-13|CS-14|CS-15,79.46991465,85.48316977,0.25117987,0.80579349,4170000.00000000
1.00000000,Jaipur,JAI-01|JAI-02|JAI-03|JAI-05|CS-12|CS-13|CS-14|CS-15,89.19062275,95.20387787,0.25117987,0.80579349,4170000.00000000
1.50000000,Jaipur,JAI-01|JAI-02|JAI-03|JAI-05|CS-12|CS-13|CS-14|CS-15,98.91133084,104.92458596,0.25117987,0.80579349,4170000.00000000
2.00000000,Jaipur,JAI-01|JAI-02|JAI-03|JAI-05|CS-12|CS-13|CS-14|CS-15,108.63203893,114.64529405,0.25117987,0.80579349,4170000.00000000
0.00000000,Jaipur,JAI-03|JAI-04|JAI-05|CS-12|CS-13|CS-14|CS-15,66.60269060,72.61594572,0.23075032,0.81679904,4170000.00000000
0.50000000,Jaipur,JAI-03|JAI-04|JAI-05|CS-12|CS-13|CS-14|CS-15,75.02038255,81.03363767,0.23075032,0.81679904,4170000.00000000
1.00000000,Jaipur,JAI-03|JAI-04|JAI-05|CS-12|CS-13|CS-14|CS-15,83.43807450,89.45132962,0.23075032,0.81679904,4170000.00000000
1.50000000,Jaipur,JAI-03|JAI-04|JAI-05|CS-12|CS-13|CS-14|CS-15,91.85576645,97.86902157,0.23075032,0.81679904,4170000.00000000
2.00000000,Jaipur,JAI-03|JAI-04|JAI-05|CS-12|CS-13|CS-14|CS-15,100.27345840,106.28671351,0.23075032,0.81679904,4170000.00000000
0.00000000,Jaipur,JAI-01|JAI-03|JAI-04|JAI-05|CS-12|CS-13|CS-14|CS-15,68.11120874,74.12446386,0.22900565,0.81679904,4170000.00000000
0.50000000,Jaipur,JAI-01|JAI-03|JAI-04|JAI-05|CS-12|CS-13|CS-14|CS-15,77.78000384,83.79325896,0.22900565,0.81679904,4170000.00000000
1.00000000,Jaipur,JAI-01|JAI-03|JAI-04|JAI-05|CS-12|CS-13|CS-14|CS-15,87.44879894,93.46205406,0.22900565,0.81679904,4170000.00000000
1.50000000,Jaipur,JAI-01|JAI-03|JAI-04|JAI-05|CS-12|CS-13|CS-14|CS-15,97.11759404,103.13084916,0.22900565,0.81679904,4170000.00000000
2.00000000,Jaipur,JAI-01|JAI-03|JAI-04|JAI-05|CS-12|CS-13|CS-14|CS-15,106.78638914,112.79964426,0.22900565,0.81679904,4170000.00000000
0.00000000,Jaipur,JAI-02|JAI-03|JAI-04|JAI-05|CS-12|CS-13|CS-14|CS-15,62.99628809,69.00954321,0.14203672,0.91696517,4170000.00000000
0.50000000,Jaipur,JAI-02|JAI-03|JAI-04|JAI-05|CS-12|CS-13|CS-14|CS-15,72.63133975,78.64459486,0.14203672,0.91696517,4170000.00000000
1.00000000,Jaipur,JAI-02|JAI-03|JAI-04|JAI-05|CS-12|CS-13|CS-14|CS-15,82.26639140,88.27964652,0.14203672,0.91696517,4170000.00000000
1.50000000,Jaipur,JAI-02|JAI-03|JAI-04|JAI-05|CS-12|CS-13|CS-14|CS-15,91.90144305,97.91469817,0.14203672,0.91696517,4170000.00000000
2.00000000,Jaipur,JAI-02|JAI-03|JAI-04|JAI-05|CS-12|CS-13|CS-14|CS-15,101.53649471,107.54974982,0.14203672,0.91696517,4170000.00000000
0.00000000,Jaipur,JAI-01|JAI-02|JAI-03|JAI-04|JAI-05|CS-12|CS-13|CS-14|CS-15,64.50480623,70.51806135,0.14029205,0.91696517,4170000.00000000
0.50000000,Jaipur,JAI-01|JAI-02|JAI-03|JAI-04|JAI-05|CS-12|CS-13|CS-14|CS-15,75.39096104,81.40421615,0.14029205,0.91696517,4170000.00000000
1.00000000,Jaipur,JAI-01|JAI-02|JAI-03|JAI-04|JAI-05|CS-12|CS-13|CS-14|CS-15,86.27711584,92.29037096,0.14029205,0.91696517,4170000.00000000
1.50000000,Jaipur,JAI-01|JAI-02|JAI-03|JAI-04|JAI-05|CS-12|CS-13|CS-14|CS-15,97.16327064,103.17652576,0.14029205,0.91696517,4170000.00000000
2.00000000,Jaipur,JAI-01|JAI-02|JAI-03|JAI-04|JAI-05|CS-12|CS-13|CS-14|CS-15,108.04942545,114.06268057,0.14029205,0.91696517,4170000.00000000
0.00000000,Jaipur,JAI-02|JAI-03|CS-11|CS-12|CS-13|CS-14|CS-15,67.55297235,75.35434170,0.22136749,0.81747391,5410000.00000000
0.50000000,Jaipur,JAI-02|JAI-03|CS-11|CS-12|CS-13|CS-14|CS-15,76.16014673,83.96151608,0.22136749,0.81747391,5410000.00000000
1.00000000,Jaipur,JAI-02|JAI-03|CS-11|CS-12|CS-13|CS-14|CS-15,84.76732110,92.56869045,0.22136749,0.81747391,5410000.00000000
1.50000000,Jaipur,JAI-02|JAI-03|CS-11|CS-12|CS-13|CS-14|CS-15,93.37449548,101.17586483,0.22136749,0.81747391,5410000.00000000
2.00000000,Jaipur,JAI-02|JAI-03|CS-11|CS-12|CS-13|CS-14|CS-15,101.98166985,109.78303920,0.22136749,0.81747391,5410000.00000000
0.00000000,Jaipur,JAI-01|JAI-02|JAI-03|CS-11|CS-12|CS-13|CS-14|CS-15,69.05402308,76.85539243,0.21958999,0.81747391,5410000.00000000
0.50000000,Jaipur,JAI-01|JAI-02|JAI-03|CS-11|CS-12|CS-13|CS-14|CS-15,78.91230060,86.71366995,0.21958999,0.81747391,5410000.00000000
1.00000000,Jaipur,JAI-01|JAI-02|JAI-03|CS-11|CS-12|CS-13|CS-14|CS-15,88.77057813,96.57194748,0.21958999,0.81747391,5410000.00000000
1.50000000,Jaipur,JAI-01|JAI-02|JAI-03|CS-11|CS-12|CS-13|CS-14|CS-15,98.62885566,106.43022501,0.21958999,0.81747391,5410000.00000000
2.00000000,Jaipur,JAI-01|JAI-02|JAI-03|CS-11|CS-12|CS-13|CS-14|CS-15,108.48713318,116.28850253,0.21958999,0.81747391,5410000.00000000
0.00000000,Jaipur,JAI-02|JAI-04|CS-11|CS-12|CS-13|CS-14|CS-15,69.33113465,77.13250400,0.25598112,0.77565800,5410000.00000000
0.50000000,Jaipur,JAI-02|JAI-04|CS-11|CS-12|CS-13|CS-14|CS-15,77.80073959,85.60210894,0.25598112,0.77565800,5410000.00000000
1.00000000,Jaipur,JAI-02|JAI-04|CS-11|CS-12|CS-13|CS-14|CS-15,86.27034453,94.07171388,0.25598112,0.77565800,5410000.00000000
1.50000000,Jaipur,JAI-02|JAI-04|CS-11|CS-12|CS-13|CS-14|CS-15,94.73994947,102.54131882,0.25598112,0.77565800,5410000.00000000
2.00000000,Jaipur,JAI-02|JAI-04|CS-11|CS-12|CS-13|CS-14|CS-15,103.20955442,111.01092377,0.25598112,0.77565800,5410000.00000000
0.00000000,Jaipur,JAI-01|JAI-02|JAI-04|CS-11|CS-12|CS-13|CS-14|CS-15,70.83965279,78.64102214,0.25423643,0.77565800,5410000.00000000
0.50000000,Jaipur,JAI-01|JAI-02|JAI-04|CS-11|CS-12|CS-13|CS-14|CS-15,80.56036088,88.36173023,0.25423643,0.77565800,5410000.00000000
1.00000000,Jaipur,JAI-01|JAI-02|JAI-04|CS-11|CS-12|CS-13|CS-14|CS-15,90.28106897,98.08243832,0.25423643,0.77565800,5410000.00000000
1.50000000,Jaipur,JAI-01|JAI-02|JAI-04|CS-11|CS-12|CS-13|CS-14|CS-15,100.00177707,107.80314642,0.25423643,0.77565800,5410000.00000000
2.00000000,Jaipur,JAI-01|JAI-02|JAI-04|CS-11|CS-12|CS-13|CS-14|CS-15,109.72248516,117.52385451,0.25423643,0.77565800,5410000.00000000
0.00000000,Jaipur,JAI-03|JAI-04|CS-11|CS-12|CS-13|CS-14|CS-15,65.89734318,73.69871253,0.19910124,0.82847947,5410000.00000000
0.50000000,Jaipur,JAI-03|JAI-04|CS-11|CS-12|CS-13|CS-14|CS-15,74.45260456,82.25397391,0.19910124,0.82847947,5410000.00000000
1.00000000,Jaipur,JAI-03|JAI-04|CS-11|CS-12|CS-13|CS-14|CS-15,83.00786594,90.80923529,0.19910124,0.82847947,5410000.00000000
1.50000000,Jaipur,JAI-03|JAI-04|CS-11|CS-12|CS-13|CS-14|CS-15,91.56312732,99.36449667,0.19910124,0.82847947,5410000.00000000
2.00000000,Jaipur,JAI-03|JAI-04|CS-11|CS-12|CS-13|CS-14|CS-15,100.11838870,107.91975805,0.19910124,0.82847947,5410000.00000000
0.00000000,Jaipur,JAI-01|JAI-03|JAI-04|CS-11|CS-12|CS-13|CS-14|CS-15,67.40586131,75.20723066,0.19735657,0.82847947,5410000.00000000
0.50000000,Jaipur,JAI-01|JAI-03|JAI-04|CS-11|CS-12|CS-13|CS-14|CS-15,77.21222585,85.01359520,0.19735657,0.82847947,5410000.00000000
1.00000000,Jaipur,JAI-01|JAI-03|JAI-04|CS-11|CS-12|CS-13|CS-14|CS-15,87.01859038,94.81995973,0.19735657,0.82847947,5410000.00000000
1.50000000,Jaipur,JAI-01|JAI-03|JAI-04|CS-11|CS-12|CS-13|CS-14|CS-15,96.82495491,104.62632426,0.19735657,0.82847947,5410000.00000000
2.00000000,Jaipur,JAI-01|JAI-03|JAI-04|CS-11|CS-12|CS-13|CS-14|CS-15,106.63131945,114.43268879,0.19735657,0.82847947,5410000.00000000
0.00000000,Jaipur,JAI-02|JAI-03|JAI-04|CS-11|CS-12|CS-13|CS-14|CS-15,62.29094066,70.09231001,0.11038762,0.92864559,5410000.00000000
0.50000000,Jaipur,JAI-02|JAI-03|JAI-04|CS-11|CS-12|CS-13|CS-14|CS-15,72.06356175,79.86493110,0.11038762,0.92864559,5410000.00000000
1.00000000,Jaipur,JAI-02|JAI-03|JAI-04|CS-11|CS-12|CS-13|CS-14|CS-15,81.83618284,89.63755219,0.11038762,0.92864559,5410000.00000000
1.50000000,Jaipur,JAI-02|JAI-03|JAI-04|CS-11|CS-12|CS-13|CS-14|CS-15,91.60880393,99.41017328,0.11038762,0.92864559,5410000.00000000
2.00000000,Jaipur,JAI-02|JAI-03|JAI-04|CS-11|CS-12|CS-13|CS-14|CS-15,101.38142501,109.18279436,0.11038762,0.92864559,5410000.00000000
0.00000000,Jaipur,JAI-01|JAI-02|JAI-03|JAI-04|CS-11|CS-12|CS-13|CS-14|CS-15,63.79945880,71.60082815,0.10864294,0.92864559,5410000.00000000
0.50000000,Jaipur,JAI-01|JAI-02|JAI-03|JAI-04|CS-11|CS-12|CS-13|CS-14|CS-15,74.82318304,82.62455239,0.10864294,0.92864559,5410000.00000000
1.00000000,Jaipur,JAI-01|JAI-02|JAI-03|JAI-04|CS-11|CS-12|CS-13|CS-14|CS-15,85.84690728,93.64827663,0.10864294,0.92864559,5410000.00000000
1.50000000,Jaipur,JAI-01|JAI-02|JAI-03|JAI-04|CS-11|CS-12|CS-13|CS-14|CS-15,96.87063152,104.67200087,0.10864294,0.92864559,5410000.00000000
2.00000000,Jaipur,JAI-01|JAI-02|JAI-03|JAI-04|CS-11|CS-12|CS-13|CS-14|CS-15,107.89435575,115.69572510,0.10864294,0.92864559,5410000.00000000
0.00000000,Jaipur,JAI-02|JAI-03|JAI-05|CS-11|CS-12|CS-13|CS-14|CS-15,68.36172896,76.16309831,0.21418589,0.81607226,5410000.00000000
0.50000000,Jaipur,JAI-02|JAI-03|JAI-05|CS-11|CS-12|CS-13|CS-14|CS-15,78.04869361,85.85006296,0.21418589,0.81607226,5410000.00000000
1.00000000,Jaipur,JAI-02|JAI-03|JAI-05|CS-11|CS-12|CS-13|CS-14|CS-15,87.73565826,95.53702761,0.21418589,0.81607226,5410000.00000000
1.50000000,Jaipur,JAI-02|JAI-03|JAI-05|CS-11|CS-12|CS-13|CS-14|CS-15,97.42262290,105.22399225,0.21418589,0.81607226,5410000.00000000
2.00000000,Jaipur,JAI-02|JAI-03|JAI-05|CS-11|CS-12|CS-13|CS-14|CS-15,107.10958755,114.91095690,0.21418589,0.81607226,5410000.00000000
0.00000000,Jaipur,JAI-01|JAI-02|JAI-03|JAI-05|CS-11|CS-12|CS-13|CS-14|CS-15,69.86277969,77.66414904,0.21240838,0.81607226,5410000.00000000
0.50000000,Jaipur,JAI-01|JAI-02|JAI-03|JAI-05|CS-11|CS-12|CS-13|CS-14|CS-15,80.80084749,88.60221684,0.21240838,0.81607226,5410000.00000000
1.00000000,Jaipur,JAI-01|JAI-02|JAI-03|JAI-05|CS-11|CS-12|CS-13|CS-14|CS-15,91.73891528,99.54028463,0.21240838,0.81607226,5410000.00000000
1.50000000,Jaipur,JAI-01|JAI-02|JAI-03|JAI-05|CS-11|CS-12|CS-13|CS-14|CS-15,102.67698308,110.47835243,0.21240838,0.81607226,5410000.00000000
2.00000000,Jaipur,JAI-01|JAI-02|JAI-03|JAI-05|CS-11|CS-12|CS-13|CS-14|CS-15,113.61505088,121.41642023,0.21240838,0.81607226,5410000.00000000
0.00000000,Jaipur,JAI-02|JAI-04|JAI-05|CS-11|CS-12|CS-13|CS-14|CS-15,70.15005520,77.95142455,0.24885875,0.77425635,5410000.00000000
0.50000000,Jaipur,JAI-02|JAI-04|JAI-05|CS-11|CS-12|CS-13|CS-14|CS-15,79.69945042,87.50081977,0.24885875,0.77425635,5410000.00000000
1.00000000,Jaipur,JAI-02|JAI-04|JAI-05|CS-11|CS-12|CS-13|CS-14|CS-15,89.24884563,97.05021498,0.24885875,0.77425635,5410000.00000000
1.50000000,Jaipur,JAI-02|JAI-04|JAI-05|CS-11|CS-12|CS-13|CS-14|CS-15,98.79824084,106.59961019,0.24885875,0.77425635,5410000.00000000
2.00000000,Jaipur,JAI-02|JAI-04|JAI-05|CS-11|CS-12|CS-13|CS-14|CS-15,108.34763606,116.14900541,0.24885875,0.77425635,5410000.00000000
0.00000000,Jaipur,JAI-01|JAI-02|JAI-04|JAI-05|CS-11|CS-12|CS-13|CS-14|CS-15,71.65857334,79.45994269,0.24711406,0.77425635,5410000.00000000
0.50000000,Jaipur,JAI-01|JAI-02|JAI-04|JAI-05|CS-11|CS-12|CS-13|CS-14|CS-15,82.45907171,90.26044106,0.24711406,0.77425635,5410000.00000000
1.00000000,Jaipur,JAI-01|JAI-02|JAI-04|JAI-05|CS-11|CS-12|CS-13|CS-14|CS-15,93.25957007,101.06093942,0.24711406,0.77425635,5410000.00000000
1.50000000,Jaipur,JAI-01|JAI-02|JAI-04|JAI-05|CS-11|CS-12|CS-13|CS-14|CS-15,104.06006844,111.86143778,0.24711406,0.77425635,5410000.00000000
2.00000000,Jaipur,JAI-01|JAI-02|JAI-04|JAI-05|CS-11|CS-12|CS-13|CS-14|CS-15,114.86056680,122.66193615,0.24711406,0.77425635,5410000.00000000
0.00000000,Jaipur,JAI-03|JAI-04|JAI-05|CS-11|CS-12|CS-13|CS-14|CS-15,66.71626373,74.51763308,0.19197884,0.82707782,5410000.00000000
0.50000000,Jaipur,JAI-03|JAI-04|JAI-05|CS-11|CS-12|CS-13|CS-14|CS-15,76.35131538,84.15268473,0.19197884,0.82707782,5410000.00000000
1.00000000,Jaipur,JAI-03|JAI-04|JAI-05|CS-11|CS-12|CS-13|CS-14|CS-15,85.98636704,93.78773639,0.19197884,0.82707782,5410000.00000000
1.50000000,Jaipur,JAI-03|JAI-04|JAI-05|CS-11|CS-12|CS-13|CS-14|CS-15,95.62141869,103.42278804,0.19197884,0.82707782,5410000.00000000
2.00000000,Jaipur,JAI-03|JAI-04|JAI-05|CS-11|CS-12|CS-13|CS-14|CS-15,105.25647034,113.05783969,0.19197884,0.82707782,5410000.00000000
0.00000000,Jaipur,JAI-01|JAI-03|JAI-04|JAI-05|CS-11|CS-12|CS-13|CS-14|CS-15,68.22478187,76.02615122,0.19023418,0.82707782,5410000.00000000
0.50000000,Jaipur,JAI-01|JAI-03|JAI-04|JAI-05|CS-11|CS-12|CS-13|CS-14|CS-15,79.11093667,86.91230602,0.19023418,0.82707782,5410000.00000000
1.00000000,Jaipur,JAI-01|JAI-03|JAI-04|JAI-05|CS-11|CS-12|CS-13|CS-14|CS-15,89.99709148,97.79846083,0.19023418,0.82707782,5410000.00000000
1.50000000,Jaipur,JAI-01|JAI-03|JAI-04|JAI-05|CS-11|CS-12|CS-13|CS-14|CS-15,100.88324628,108.68461563,0.19023418,0.82707782,5410000.00000000
2.00000000,Jaipur,JAI-01|JAI-03|JAI-04|JAI-05|CS-11|CS-12|CS-13|CS-14|CS-15,111.76940109,119.57077044,0.19023418,0.82707782,5410000.00000000
0.00000000,Jaipur,JAI-02|JAI-03|JAI-04|JAI-05|CS-11|CS-12|CS-13|CS-14|CS-15,63.10986122,70.91123057,0.10326523,0.92724394,5410000.00000000
0.50000000,Jaipur,JAI-02|JAI-03|JAI-04|JAI-05|CS-11|CS-12|CS-13|CS-14|CS-15,73.96227258,81.76364193,0.10326523,0.92724394,5410000.00000000
1.00000000,Jaipur,JAI-02|JAI-03|JAI-04|JAI-05|CS-11|CS-12|CS-13|CS-14|CS-15,84.81468394,92.61605329,0.10326523,0.92724394,5410000.00000000
1.50000000,Jaipur,JAI-02|JAI-03|JAI-04|JAI-05|CS-11|CS-12|CS-13|CS-14|CS-15,95.66709530,103.46846464,0.10326523,0.92724394,5410000.00000000
2.00000000,Jaipur,JAI-02|JAI-03|JAI-04|JAI-05|CS-11|CS-12|CS-13|CS-14|CS-15,106.51950665,114.32087600,0.10326523,0.92724394,5410000.00000000
0.00000000,Jaipur,JAI-01|JAI-02|JAI-03|JAI-04|JAI-05|CS-11|CS-12|CS-13|CS-14|CS-15,64.61837936,72.41974871,0.10152057,0.92724394,5410000.00000000
0.50000000,Jaipur,JAI-01|JAI-02|JAI-03|JAI-04|JAI-05|CS-11|CS-12|CS-13|CS-14|CS-15,76.72189387,84.52326322,0.10152057,0.92724394,5410000.00000000
1.00000000,Jaipur,JAI-01|JAI-02|JAI-03|JAI-04|JAI-05|CS-11|CS-12|CS-13|CS-14|CS-15,88.82540838,96.62677773,0.10152057,0.92724394,5410000.00000000
1.50000000,Jaipur,JAI-01|JAI-02|JAI-03|JAI-04|JAI-05|CS-11|CS-12|CS-13|CS-14|CS-15,100.92892289,108.73029224,0.10152057,0.92724394,5410000.00000000
2.00000000,Jaipur,JAI-01|JAI-02|JAI-03|JAI-04|JAI-05|CS-11|CS-12|CS-13|CS-14|CS-15,113.03243740,120.83380675,0.10152057,0.92724394,5410000.00000000
